date,Breitling Market Index (USD)
Fri Nov 30 2018,0
Sat Dec 01 2018,0
Sun Dec 02 2018,0
Mon Dec 03 2018,0
Tue Dec 04 2018,0
Wed Dec 05 2018,0
Thu Dec 06 2018,0
Fri Dec 07 2018,0
Sat Dec 08 2018,0
Sun Dec 09 2018,0
Mon Dec 10 2018,0
Tue Dec 11 2018,0
Wed Dec 12 2018,0
Thu Dec 13 2018,0
Fri Dec 14 2018,0
Sat Dec 15 2018,0
Sun Dec 16 2018,0
Mon Dec 17 2018,0
Tue Dec 18 2018,0
Wed Dec 19 2018,0
Thu Dec 20 2018,0
Fri Dec 21 2018,0
Sat Dec 22 2018,0
Sun Dec 23 2018,0
Mon Dec 24 2018,0
Tue Dec 25 2018,0
Wed Dec 26 2018,0
Thu Dec 27 2018,0
Fri Dec 28 2018,0
Sat Dec 29 2018,0
Sun Dec 30 2018,0
Mon Dec 31 2018,0
Tue Jan 01 2019,4081
Wed Jan 02 2019,4081
Thu Jan 03 2019,4079
Fri Jan 04 2019,4079
Sat Jan 05 2019,4084
Sun Jan 06 2019,4084
Mon Jan 07 2019,4084
Tue Jan 08 2019,4084
Wed Jan 09 2019,4084
Thu Jan 10 2019,4085
Fri Jan 11 2019,4085
Sat Jan 12 2019,4082
Sun Jan 13 2019,4082
Mon Jan 14 2019,4080
Tue Jan 15 2019,4080
Wed Jan 16 2019,4080
Thu Jan 17 2019,4076
Fri Jan 18 2019,4073
Sat Jan 19 2019,4062
Sun Jan 20 2019,4052
Mon Jan 21 2019,4055
Tue Jan 22 2019,4060
Wed Jan 23 2019,4069
Thu Jan 24 2019,4063
Fri Jan 25 2019,4049
Sat Jan 26 2019,4045
Sun Jan 27 2019,4062
Mon Jan 28 2019,4043
Tue Jan 29 2019,4042
Wed Jan 30 2019,4029
Thu Jan 31 2019,4047
Fri Feb 01 2019,4042
Sat Feb 02 2019,4040
Sun Feb 03 2019,4037
Mon Feb 04 2019,4036
Tue Feb 05 2019,4022
Wed Feb 06 2019,4039
Thu Feb 07 2019,4037
Fri Feb 08 2019,4031
Sat Feb 09 2019,4034
Sun Feb 10 2019,4030
Mon Feb 11 2019,4033
Tue Feb 12 2019,4015
Wed Feb 13 2019,4015
Thu Feb 14 2019,4012
Fri Feb 15 2019,4009
Sat Feb 16 2019,3999
Sun Feb 17 2019,4001
Mon Feb 18 2019,4023
Tue Feb 19 2019,4024
Wed Feb 20 2019,4025
Thu Feb 21 2019,4022
Fri Feb 22 2019,4019
Sat Feb 23 2019,4011
Sun Feb 24 2019,4009
Mon Feb 25 2019,4005
Tue Feb 26 2019,4006
Wed Feb 27 2019,4007
Thu Feb 28 2019,4002
Fri Mar 01 2019,4012
Sat Mar 02 2019,4008
Sun Mar 03 2019,4004
Mon Mar 04 2019,3988
Tue Mar 05 2019,3987
Wed Mar 06 2019,3994
Thu Mar 07 2019,3993
Fri Mar 08 2019,3981
Sat Mar 09 2019,3981
Sun Mar 10 2019,3981
Mon Mar 11 2019,3979
Tue Mar 12 2019,3976
Wed Mar 13 2019,3976
Thu Mar 14 2019,3973
Fri Mar 15 2019,3969
Sat Mar 16 2019,3964
Sun Mar 17 2019,3958
Mon Mar 18 2019,3958
Tue Mar 19 2019,3954
Wed Mar 20 2019,3953
Thu Mar 21 2019,3956
Fri Mar 22 2019,3948
Sat Mar 23 2019,3952
Sun Mar 24 2019,3948
Mon Mar 25 2019,3950
Tue Mar 26 2019,3948
Wed Mar 27 2019,3948
Thu Mar 28 2019,3939
Fri Mar 29 2019,3944
Sat Mar 30 2019,3944
Sun Mar 31 2019,3944
Mon Apr 01 2019,3945
Tue Apr 02 2019,3944
Wed Apr 03 2019,3939
Thu Apr 04 2019,3939
Fri Apr 05 2019,3936
Sat Apr 06 2019,3935
Sun Apr 07 2019,3942
Mon Apr 08 2019,3941
Tue Apr 09 2019,3940
Wed Apr 10 2019,3937
Thu Apr 11 2019,3928
Fri Apr 12 2019,3927
Sat Apr 13 2019,3931
Sun Apr 14 2019,3929
Mon Apr 15 2019,3929
Tue Apr 16 2019,3925
Wed Apr 17 2019,3923
Thu Apr 18 2019,3933
Fri Apr 19 2019,3941
Sat Apr 20 2019,3936
Sun Apr 21 2019,3939
Mon Apr 22 2019,3940
Tue Apr 23 2019,3934
Wed Apr 24 2019,3931
Thu Apr 25 2019,3937
Fri Apr 26 2019,3951
Sat Apr 27 2019,3952
Sun Apr 28 2019,3946
Mon Apr 29 2019,3941
Tue Apr 30 2019,3935
Wed May 01 2019,3922
Thu May 02 2019,3923
Fri May 03 2019,3905
Sat May 04 2019,3905
Sun May 05 2019,3911
Mon May 06 2019,3916
Tue May 07 2019,3917
Wed May 08 2019,3918
Thu May 09 2019,3931
Fri May 10 2019,3934
Sat May 11 2019,3932
Sun May 12 2019,3936
Mon May 13 2019,3933
Tue May 14 2019,3931
Wed May 15 2019,3931
Thu May 16 2019,3921
Fri May 17 2019,3917
Sat May 18 2019,3935
Sun May 19 2019,3938
Mon May 20 2019,3949
Tue May 21 2019,3941
Wed May 22 2019,3927
Thu May 23 2019,3924
Fri May 24 2019,3926
Sat May 25 2019,3914
Sun May 26 2019,3931
Mon May 27 2019,3935
Tue May 28 2019,3932
Wed May 29 2019,3925
Thu May 30 2019,3910
Fri May 31 2019,3912
Sat Jun 01 2019,3911
Sun Jun 02 2019,3935
Mon Jun 03 2019,3939
Tue Jun 04 2019,3939
Wed Jun 05 2019,3932
Thu Jun 06 2019,3940
Fri Jun 07 2019,3935
Sat Jun 08 2019,3938
Sun Jun 09 2019,3943
Mon Jun 10 2019,3945
Tue Jun 11 2019,3946
Wed Jun 12 2019,3942
Thu Jun 13 2019,3940
Fri Jun 14 2019,3940
Sat Jun 15 2019,3940
Sun Jun 16 2019,3939
Mon Jun 17 2019,3931
Tue Jun 18 2019,3925
Wed Jun 19 2019,3923
Thu Jun 20 2019,3929
Fri Jun 21 2019,3925
Sat Jun 22 2019,3923
Sun Jun 23 2019,3933
Mon Jun 24 2019,3928
Tue Jun 25 2019,3928
Wed Jun 26 2019,3928
Thu Jun 27 2019,3929
Fri Jun 28 2019,3934
Sat Jun 29 2019,3931
Sun Jun 30 2019,3920
Mon Jul 01 2019,3919
Tue Jul 02 2019,3926
Wed Jul 03 2019,3919
Thu Jul 04 2019,3918
Fri Jul 05 2019,3921
Sat Jul 06 2019,3922
Sun Jul 07 2019,3926
Mon Jul 08 2019,3929
Tue Jul 09 2019,3932
Wed Jul 10 2019,3913
Thu Jul 11 2019,3926
Fri Jul 12 2019,3924
Sat Jul 13 2019,3924
Sun Jul 14 2019,3911
Mon Jul 15 2019,3910
Tue Jul 16 2019,3912
Wed Jul 17 2019,3913
Thu Jul 18 2019,3903
Fri Jul 19 2019,3905
Sat Jul 20 2019,3893
Sun Jul 21 2019,3901
Mon Jul 22 2019,3885
Tue Jul 23 2019,3886
Wed Jul 24 2019,3869
Thu Jul 25 2019,3863
Fri Jul 26 2019,3862
Sat Jul 27 2019,3864
Sun Jul 28 2019,3871
Mon Jul 29 2019,3874
Tue Jul 30 2019,3889
Wed Jul 31 2019,3893
Thu Aug 01 2019,3898
Fri Aug 02 2019,3892
Sat Aug 03 2019,3892
Sun Aug 04 2019,3895
Mon Aug 05 2019,3898
Tue Aug 06 2019,3896
Wed Aug 07 2019,3896
Thu Aug 08 2019,3895
Fri Aug 09 2019,3890
Sat Aug 10 2019,3892
Sun Aug 11 2019,3882
Mon Aug 12 2019,3884
Tue Aug 13 2019,3865
Wed Aug 14 2019,3857
Thu Aug 15 2019,3878
Fri Aug 16 2019,3871
Sat Aug 17 2019,3868
Sun Aug 18 2019,3874
Mon Aug 19 2019,3876
Tue Aug 20 2019,3891
Wed Aug 21 2019,3886
Thu Aug 22 2019,3886
Fri Aug 23 2019,3887
Sat Aug 24 2019,3878
Sun Aug 25 2019,3875
Mon Aug 26 2019,3886
Tue Aug 27 2019,3900
Wed Aug 28 2019,3901
Thu Aug 29 2019,3906
Fri Aug 30 2019,3891
Sat Aug 31 2019,3893
Sun Sep 01 2019,3901
Mon Sep 02 2019,3901
Tue Sep 03 2019,3903
Wed Sep 04 2019,3901
Thu Sep 05 2019,3897
Fri Sep 06 2019,3889
Sat Sep 07 2019,3900
Sun Sep 08 2019,3883
Mon Sep 09 2019,3886
Tue Sep 10 2019,3889
Wed Sep 11 2019,3894
Thu Sep 12 2019,3890
Fri Sep 13 2019,3901
Sat Sep 14 2019,3894
Sun Sep 15 2019,3889
Mon Sep 16 2019,3904
Tue Sep 17 2019,3902
Wed Sep 18 2019,3904
Thu Sep 19 2019,3900
Fri Sep 20 2019,3897
Sat Sep 21 2019,3884
Sun Sep 22 2019,3884
Mon Sep 23 2019,3886
Tue Sep 24 2019,3870
Wed Sep 25 2019,3866
Thu Sep 26 2019,3868
Fri Sep 27 2019,3876
Sat Sep 28 2019,3875
Sun Sep 29 2019,3872
Mon Sep 30 2019,3874
Tue Oct 01 2019,3876
Wed Oct 02 2019,3880
Thu Oct 03 2019,3878
Fri Oct 04 2019,3881
Sat Oct 05 2019,3872
Sun Oct 06 2019,3869
Mon Oct 07 2019,3876
Tue Oct 08 2019,3879
Wed Oct 09 2019,3883
Thu Oct 10 2019,3878
Fri Oct 11 2019,3875
Sat Oct 12 2019,3866
Sun Oct 13 2019,3866
Mon Oct 14 2019,3867
Tue Oct 15 2019,3874
Wed Oct 16 2019,3877
Thu Oct 17 2019,3877
Fri Oct 18 2019,3872
Sat Oct 19 2019,3875
Sun Oct 20 2019,3865
Mon Oct 21 2019,3861
Tue Oct 22 2019,3860
Wed Oct 23 2019,3875
Thu Oct 24 2019,3883
Fri Oct 25 2019,3875
Sat Oct 26 2019,3881
Sun Oct 27 2019,3870
Mon Oct 28 2019,3882
Tue Oct 29 2019,3892
Wed Oct 30 2019,3894
Thu Oct 31 2019,3896
Fri Nov 01 2019,3902
Sat Nov 02 2019,3900
Sun Nov 03 2019,3913
Mon Nov 04 2019,3912
Tue Nov 05 2019,3913
Wed Nov 06 2019,3915
Thu Nov 07 2019,3914
Fri Nov 08 2019,3916
Sat Nov 09 2019,3920
Sun Nov 10 2019,3903
Mon Nov 11 2019,3903
Tue Nov 12 2019,3887
Wed Nov 13 2019,3886
Thu Nov 14 2019,3880
Fri Nov 15 2019,3875
Sat Nov 16 2019,3875
Sun Nov 17 2019,3876
Mon Nov 18 2019,3875
Tue Nov 19 2019,3874
Wed Nov 20 2019,3858
Thu Nov 21 2019,3856
Fri Nov 22 2019,3859
Sat Nov 23 2019,3858
Sun Nov 24 2019,3860
Mon Nov 25 2019,3854
Tue Nov 26 2019,3858
Wed Nov 27 2019,3854
Thu Nov 28 2019,3844
Fri Nov 29 2019,3847
Sat Nov 30 2019,3837
Sun Dec 01 2019,3833
Mon Dec 02 2019,3832
Tue Dec 03 2019,3832
Wed Dec 04 2019,3828
Thu Dec 05 2019,3827
Fri Dec 06 2019,3816
Sat Dec 07 2019,3828
Sun Dec 08 2019,3833
Mon Dec 09 2019,3820
Tue Dec 10 2019,3804
Wed Dec 11 2019,3778
Thu Dec 12 2019,3775
Fri Dec 13 2019,3775
Sat Dec 14 2019,3765
Sun Dec 15 2019,3763
Mon Dec 16 2019,3761
Tue Dec 17 2019,3760
Wed Dec 18 2019,3784
Thu Dec 19 2019,3785
Fri Dec 20 2019,3787
Sat Dec 21 2019,3793
Sun Dec 22 2019,3797
Mon Dec 23 2019,3795
Tue Dec 24 2019,3790
Wed Dec 25 2019,3789
Thu Dec 26 2019,3788
Fri Dec 27 2019,3786
Sat Dec 28 2019,3786
Sun Dec 29 2019,3790
Mon Dec 30 2019,3794
Tue Dec 31 2019,3797
Wed Jan 01 2020,3797
Thu Jan 02 2020,3797
Fri Jan 03 2020,3799
Sat Jan 04 2020,3797
Sun Jan 05 2020,3799
Mon Jan 06 2020,3792
Tue Jan 07 2020,3792
Wed Jan 08 2020,3792
Thu Jan 09 2020,3785
Fri Jan 10 2020,3784
Sat Jan 11 2020,3775
Sun Jan 12 2020,3797
Mon Jan 13 2020,3802
Tue Jan 14 2020,3803
Wed Jan 15 2020,3801
Thu Jan 16 2020,3779
Fri Jan 17 2020,3778
Sat Jan 18 2020,3780
Sun Jan 19 2020,3772
Mon Jan 20 2020,3779
Tue Jan 21 2020,3779
Wed Jan 22 2020,3776
Thu Jan 23 2020,3807
Fri Jan 24 2020,3785
Sat Jan 25 2020,3787
Sun Jan 26 2020,3811
Mon Jan 27 2020,3829
Tue Jan 28 2020,3827
Wed Jan 29 2020,3839
Thu Jan 30 2020,3838
Fri Jan 31 2020,3826
Sat Feb 01 2020,3823
Sun Feb 02 2020,3825
Mon Feb 03 2020,3848
Tue Feb 04 2020,3835
Wed Feb 05 2020,3834
Thu Feb 06 2020,3831
Fri Feb 07 2020,3827
Sat Feb 08 2020,3823
Sun Feb 09 2020,3816
Mon Feb 10 2020,3830
Tue Feb 11 2020,3834
Wed Feb 12 2020,3835
Thu Feb 13 2020,3834
Fri Feb 14 2020,3835
Sat Feb 15 2020,3838
Sun Feb 16 2020,3834
Mon Feb 17 2020,3820
Tue Feb 18 2020,3820
Wed Feb 19 2020,3821
Thu Feb 20 2020,3812
Fri Feb 21 2020,3815
Sat Feb 22 2020,3816
Sun Feb 23 2020,3813
Mon Feb 24 2020,3816
Tue Feb 25 2020,3819
Wed Feb 26 2020,3816
Thu Feb 27 2020,3816
Fri Feb 28 2020,3816
Sat Feb 29 2020,3816
Sun Mar 01 2020,3817
Mon Mar 02 2020,3807
Tue Mar 03 2020,3806
Wed Mar 04 2020,3804
Thu Mar 05 2020,3806
Fri Mar 06 2020,3803
Sat Mar 07 2020,3803
Sun Mar 08 2020,3804
Mon Mar 09 2020,3815
Tue Mar 10 2020,3823
Wed Mar 11 2020,3829
Thu Mar 12 2020,3826
Fri Mar 13 2020,3823
Sat Mar 14 2020,3817
Sun Mar 15 2020,3831
Mon Mar 16 2020,3830
Tue Mar 17 2020,3839
Wed Mar 18 2020,3843
Thu Mar 19 2020,3842
Fri Mar 20 2020,3837
Sat Mar 21 2020,3846
Sun Mar 22 2020,3850
Mon Mar 23 2020,3849
Tue Mar 24 2020,3848
Wed Mar 25 2020,3839
Thu Mar 26 2020,3839
Fri Mar 27 2020,3845
Sat Mar 28 2020,3844
Sun Mar 29 2020,3838
Mon Mar 30 2020,3841
Tue Mar 31 2020,3851
Wed Apr 01 2020,3865
Thu Apr 02 2020,3862
Fri Apr 03 2020,3840
Sat Apr 04 2020,3845
Sun Apr 05 2020,3837
Mon Apr 06 2020,3830
Tue Apr 07 2020,3810
Wed Apr 08 2020,3824
Thu Apr 09 2020,3811
Fri Apr 10 2020,3786
Sat Apr 11 2020,3793
Sun Apr 12 2020,3790
Mon Apr 13 2020,3789
Tue Apr 14 2020,3788
Wed Apr 15 2020,3791
Thu Apr 16 2020,3783
Fri Apr 17 2020,3794
Sat Apr 18 2020,3787
Sun Apr 19 2020,3800
Mon Apr 20 2020,3799
Tue Apr 21 2020,3793
Wed Apr 22 2020,3794
Thu Apr 23 2020,3798
Fri Apr 24 2020,3797
Sat Apr 25 2020,3809
Sun Apr 26 2020,3815
Mon Apr 27 2020,3808
Tue Apr 28 2020,3815
Wed Apr 29 2020,3821
Thu Apr 30 2020,3813
Fri May 01 2020,3806
Sat May 02 2020,3811
Sun May 03 2020,3816
Mon May 04 2020,3813
Tue May 05 2020,3815
Wed May 06 2020,3814
Thu May 07 2020,3835
Fri May 08 2020,3843
Sat May 09 2020,3845
Sun May 10 2020,3840
Mon May 11 2020,3838
Tue May 12 2020,3848
Wed May 13 2020,3838
Thu May 14 2020,3822
Fri May 15 2020,3828
Sat May 16 2020,3820
Sun May 17 2020,3822
Mon May 18 2020,3832
Tue May 19 2020,3841
Wed May 20 2020,3855
Thu May 21 2020,3864
Fri May 22 2020,3862
Sat May 23 2020,3861
Sun May 24 2020,3865
Mon May 25 2020,3866
Tue May 26 2020,3871
Wed May 27 2020,3880
Thu May 28 2020,3879
Fri May 29 2020,3875
Sat May 30 2020,3880
Sun May 31 2020,3886
Mon Jun 01 2020,3885
Tue Jun 02 2020,3886
Wed Jun 03 2020,3874
Thu Jun 04 2020,3877
Fri Jun 05 2020,3885
Sat Jun 06 2020,3876
Sun Jun 07 2020,3876
Mon Jun 08 2020,3874
Tue Jun 09 2020,3872
Wed Jun 10 2020,3874
Thu Jun 11 2020,3867
Fri Jun 12 2020,3867
Sat Jun 13 2020,3874
Sun Jun 14 2020,3893
Mon Jun 15 2020,3894
Tue Jun 16 2020,3895
Wed Jun 17 2020,3885
Thu Jun 18 2020,3896
Fri Jun 19 2020,3894
Sat Jun 20 2020,3899
Sun Jun 21 2020,3899
Mon Jun 22 2020,3929
Tue Jun 23 2020,3965
Wed Jun 24 2020,3967
Thu Jun 25 2020,3970
Fri Jun 26 2020,3982
Sat Jun 27 2020,3983
Sun Jun 28 2020,3952
Mon Jun 29 2020,3946
Tue Jun 30 2020,3925
Wed Jul 01 2020,3925
Thu Jul 02 2020,3927
Fri Jul 03 2020,3931
Sat Jul 04 2020,3915
Sun Jul 05 2020,3914
Mon Jul 06 2020,3917
Tue Jul 07 2020,3903
Wed Jul 08 2020,3909
Thu Jul 09 2020,3918
Fri Jul 10 2020,3933
Sat Jul 11 2020,3925
Sun Jul 12 2020,3926
Mon Jul 13 2020,3928
Tue Jul 14 2020,3935
Wed Jul 15 2020,3922
Thu Jul 16 2020,3932
Fri Jul 17 2020,3929
Sat Jul 18 2020,3935
Sun Jul 19 2020,3938
Mon Jul 20 2020,3960
Tue Jul 21 2020,3974
Wed Jul 22 2020,3971
Thu Jul 23 2020,3975
Fri Jul 24 2020,3986
Sat Jul 25 2020,3986
Sun Jul 26 2020,3990
Mon Jul 27 2020,3997
Tue Jul 28 2020,3997
Wed Jul 29 2020,4006
Thu Jul 30 2020,4006
Fri Jul 31 2020,4003
Sat Aug 01 2020,4010
Sun Aug 02 2020,4015
Mon Aug 03 2020,4011
Tue Aug 04 2020,4013
Wed Aug 05 2020,4014
Thu Aug 06 2020,4022
Fri Aug 07 2020,4034
Sat Aug 08 2020,4026
Sun Aug 09 2020,4025
Mon Aug 10 2020,4030
Tue Aug 11 2020,4034
Wed Aug 12 2020,4034
Thu Aug 13 2020,4034
Fri Aug 14 2020,4039
Sat Aug 15 2020,4043
Sun Aug 16 2020,4044
Mon Aug 17 2020,4043
Tue Aug 18 2020,4045
Wed Aug 19 2020,4032
Thu Aug 20 2020,4027
Fri Aug 21 2020,4023
Sat Aug 22 2020,4025
Sun Aug 23 2020,4030
Mon Aug 24 2020,4026
Tue Aug 25 2020,4030
Wed Aug 26 2020,4028
Thu Aug 27 2020,4050
Fri Aug 28 2020,4061
Sat Aug 29 2020,4059
Sun Aug 30 2020,4069
Mon Aug 31 2020,4065
Tue Sep 01 2020,4086
Wed Sep 02 2020,4089
Thu Sep 03 2020,4095
Fri Sep 04 2020,4098
Sat Sep 05 2020,4095
Sun Sep 06 2020,4101
Mon Sep 07 2020,4107
Tue Sep 08 2020,4109
Wed Sep 09 2020,4115
Thu Sep 10 2020,4110
Fri Sep 11 2020,4107
Sat Sep 12 2020,4096
Sun Sep 13 2020,4102
Mon Sep 14 2020,4118
Tue Sep 15 2020,4106
Wed Sep 16 2020,4106
Thu Sep 17 2020,4123
Fri Sep 18 2020,4137
Sat Sep 19 2020,4136
Sun Sep 20 2020,4139
Mon Sep 21 2020,4140
Tue Sep 22 2020,4132
Wed Sep 23 2020,4128
Thu Sep 24 2020,4123
Fri Sep 25 2020,4124
Sat Sep 26 2020,4109
Sun Sep 27 2020,4107
Mon Sep 28 2020,4108
Tue Sep 29 2020,4107
Wed Sep 30 2020,4108
Thu Oct 01 2020,4107
Fri Oct 02 2020,4112
Sat Oct 03 2020,4096
Sun Oct 04 2020,4099
Mon Oct 05 2020,4105
Tue Oct 06 2020,4105
Wed Oct 07 2020,4114
Thu Oct 08 2020,4110
Fri Oct 09 2020,4108
Sat Oct 10 2020,4105
Sun Oct 11 2020,4104
Mon Oct 12 2020,4094
Tue Oct 13 2020,4097
Wed Oct 14 2020,4105
Thu Oct 15 2020,4111
Fri Oct 16 2020,4135
Sat Oct 17 2020,4141
Sun Oct 18 2020,4125
Mon Oct 19 2020,4135
Tue Oct 20 2020,4125
Wed Oct 21 2020,4134
Thu Oct 22 2020,4145
Fri Oct 23 2020,4139
Sat Oct 24 2020,4147
Sun Oct 25 2020,4138
Mon Oct 26 2020,4124
Tue Oct 27 2020,4131
Wed Oct 28 2020,4122
Thu Oct 29 2020,4130
Fri Oct 30 2020,4133
Sat Oct 31 2020,4128
Sun Nov 01 2020,4119
Mon Nov 02 2020,4131
Tue Nov 03 2020,4152
Wed Nov 04 2020,4145
Thu Nov 05 2020,4113
Fri Nov 06 2020,4108
Sat Nov 07 2020,4102
Sun Nov 08 2020,4114
Mon Nov 09 2020,4125
Tue Nov 10 2020,4122
Wed Nov 11 2020,4132
Thu Nov 12 2020,4163
Fri Nov 13 2020,4153
Sat Nov 14 2020,4142
Sun Nov 15 2020,4144
Mon Nov 16 2020,4119
Tue Nov 17 2020,4150
Wed Nov 18 2020,4100
Thu Nov 19 2020,4119
Fri Nov 20 2020,4113
Sat Nov 21 2020,4111
Sun Nov 22 2020,4120
Mon Nov 23 2020,4102
Tue Nov 24 2020,4094
Wed Nov 25 2020,4084
Thu Nov 26 2020,4085
Fri Nov 27 2020,4073
Sat Nov 28 2020,4063
Sun Nov 29 2020,4073
Mon Nov 30 2020,4080
Tue Dec 01 2020,4075
Wed Dec 02 2020,4070
Thu Dec 03 2020,4072
Fri Dec 04 2020,4082
Sat Dec 05 2020,4080
Sun Dec 06 2020,4064
Mon Dec 07 2020,4079
Tue Dec 08 2020,4077
Wed Dec 09 2020,4065
Thu Dec 10 2020,4058
Fri Dec 11 2020,4056
Sat Dec 12 2020,4045
Sun Dec 13 2020,4062
Mon Dec 14 2020,4066
Tue Dec 15 2020,4062
Wed Dec 16 2020,4063
Thu Dec 17 2020,4056
Fri Dec 18 2020,4051
Sat Dec 19 2020,4064
Sun Dec 20 2020,4069
Mon Dec 21 2020,4086
Tue Dec 22 2020,4105
Wed Dec 23 2020,4097
Thu Dec 24 2020,4087
Fri Dec 25 2020,4090
Sat Dec 26 2020,4092
Sun Dec 27 2020,4107
Mon Dec 28 2020,4115
Tue Dec 29 2020,4113
Wed Dec 30 2020,4123
Thu Dec 31 2020,4121
Fri Jan 01 2021,4121
Sat Jan 02 2021,4115
Sun Jan 03 2021,4114
Mon Jan 04 2021,4118
Tue Jan 05 2021,4129
Wed Jan 06 2021,4135
Thu Jan 07 2021,4139
Fri Jan 08 2021,4117
Sat Jan 09 2021,4119
Sun Jan 10 2021,4107
Mon Jan 11 2021,4118
Tue Jan 12 2021,4121
Wed Jan 13 2021,4127
Thu Jan 14 2021,4118
Fri Jan 15 2021,4102
Sat Jan 16 2021,4116
Sun Jan 17 2021,4105
Mon Jan 18 2021,4097
Tue Jan 19 2021,4111
Wed Jan 20 2021,4114
Thu Jan 21 2021,4121
Fri Jan 22 2021,4117
Sat Jan 23 2021,4131
Sun Jan 24 2021,4135
Mon Jan 25 2021,4140
Tue Jan 26 2021,4130
Wed Jan 27 2021,4138
Thu Jan 28 2021,4138
Fri Jan 29 2021,4139
Sat Jan 30 2021,4152
Sun Jan 31 2021,4163
Mon Feb 01 2021,4167
Tue Feb 02 2021,4164
Wed Feb 03 2021,4162
Thu Feb 04 2021,4156
Fri Feb 05 2021,4154
Sat Feb 06 2021,4150
Sun Feb 07 2021,4155
Mon Feb 08 2021,4150
Tue Feb 09 2021,4152
Wed Feb 10 2021,4150
Thu Feb 11 2021,4167
Fri Feb 12 2021,4171
Sat Feb 13 2021,4164
Sun Feb 14 2021,4176
Mon Feb 15 2021,4167
Tue Feb 16 2021,4179
Wed Feb 17 2021,4174
Thu Feb 18 2021,4175
Fri Feb 19 2021,4161
Sat Feb 20 2021,4155
Sun Feb 21 2021,4156
Mon Feb 22 2021,4150
Tue Feb 23 2021,4140
Wed Feb 24 2021,4151
Thu Feb 25 2021,4157
Fri Feb 26 2021,4157
Sat Feb 27 2021,4170
Sun Feb 28 2021,4155
Mon Mar 01 2021,4155
Tue Mar 02 2021,4150
Wed Mar 03 2021,4145
Thu Mar 04 2021,4158
Fri Mar 05 2021,4152
Sat Mar 06 2021,4144
Sun Mar 07 2021,4155
Mon Mar 08 2021,4141
Tue Mar 09 2021,4147
Wed Mar 10 2021,4144
Thu Mar 11 2021,4148
Fri Mar 12 2021,4143
Sat Mar 13 2021,4147
Sun Mar 14 2021,4160
Mon Mar 15 2021,4163
Tue Mar 16 2021,4156
Wed Mar 17 2021,4140
Thu Mar 18 2021,4152
Fri Mar 19 2021,4153
Sat Mar 20 2021,4161
Sun Mar 21 2021,4196
Mon Mar 22 2021,4195
Tue Mar 23 2021,4205
Wed Mar 24 2021,4206
Thu Mar 25 2021,4216
Fri Mar 26 2021,4213
Sat Mar 27 2021,4202
Sun Mar 28 2021,4149
Mon Mar 29 2021,4142
Tue Mar 30 2021,4128
Wed Mar 31 2021,4125
Thu Apr 01 2021,4116
Fri Apr 02 2021,4097
Sat Apr 03 2021,4089
Sun Apr 04 2021,4084
Mon Apr 05 2021,4085
Tue Apr 06 2021,4095
Wed Apr 07 2021,4098
Thu Apr 08 2021,4086
Fri Apr 09 2021,4085
Sat Apr 10 2021,4095
Sun Apr 11 2021,4099
Mon Apr 12 2021,4096
Tue Apr 13 2021,4094
Wed Apr 14 2021,4087
Thu Apr 15 2021,4097
Fri Apr 16 2021,4085
Sat Apr 17 2021,4094
Sun Apr 18 2021,4088
Mon Apr 19 2021,4096
Tue Apr 20 2021,4107
Wed Apr 21 2021,4105
Thu Apr 22 2021,4104
Fri Apr 23 2021,4111
Sat Apr 24 2021,4109
Sun Apr 25 2021,4112
Mon Apr 26 2021,4108
Tue Apr 27 2021,4096
Wed Apr 28 2021,4102
Thu Apr 29 2021,4095
Fri Apr 30 2021,4086
Sat May 01 2021,4084
Sun May 02 2021,4084
Mon May 03 2021,4091
Tue May 04 2021,4100
Wed May 05 2021,4099
Thu May 06 2021,4089
Fri May 07 2021,4095
Sat May 08 2021,4105
Sun May 09 2021,4102
Mon May 10 2021,4111
Tue May 11 2021,4130
Wed May 12 2021,4137
Thu May 13 2021,4136
Fri May 14 2021,4138
Sat May 15 2021,4133
Sun May 16 2021,4131
Mon May 17 2021,4125
Tue May 18 2021,4146
Wed May 19 2021,4157
Thu May 20 2021,4168
Fri May 21 2021,4172
Sat May 22 2021,4168
Sun May 23 2021,4175
Mon May 24 2021,4187
Tue May 25 2021,4188
Wed May 26 2021,4187
Thu May 27 2021,4184
Fri May 28 2021,4177
Sat May 29 2021,4161
Sun May 30 2021,4164
Mon May 31 2021,4157
Tue Jun 01 2021,4167
Wed Jun 02 2021,4168
Thu Jun 03 2021,4161
Fri Jun 04 2021,4166
Sat Jun 05 2021,4164
Sun Jun 06 2021,4164
Mon Jun 07 2021,4164
Tue Jun 08 2021,4155
Wed Jun 09 2021,4163
Thu Jun 10 2021,4146
Fri Jun 11 2021,4154
Sat Jun 12 2021,4142
Sun Jun 13 2021,4149
Mon Jun 14 2021,4140
Tue Jun 15 2021,4137
Wed Jun 16 2021,4137
Thu Jun 17 2021,4140
Fri Jun 18 2021,4140
Sat Jun 19 2021,4141
Sun Jun 20 2021,4140
Mon Jun 21 2021,4138
Tue Jun 22 2021,4139
Wed Jun 23 2021,4143
Thu Jun 24 2021,4145
Fri Jun 25 2021,4136
Sat Jun 26 2021,4127
Sun Jun 27 2021,4135
Mon Jun 28 2021,4144
Tue Jun 29 2021,4145
Wed Jun 30 2021,4137
Thu Jul 01 2021,4154
Fri Jul 02 2021,4141
Sat Jul 03 2021,4150
Sun Jul 04 2021,4151
Mon Jul 05 2021,4167
Tue Jul 06 2021,4161
Wed Jul 07 2021,4166
Thu Jul 08 2021,4163
Fri Jul 09 2021,4156
Sat Jul 10 2021,4155
Sun Jul 11 2021,4151
Mon Jul 12 2021,4140
Tue Jul 13 2021,4161
Wed Jul 14 2021,4156
Thu Jul 15 2021,4155
Fri Jul 16 2021,4162
Sat Jul 17 2021,4167
Sun Jul 18 2021,4169
Mon Jul 19 2021,4182
Tue Jul 20 2021,4177
Wed Jul 21 2021,4169
Thu Jul 22 2021,4155
Fri Jul 23 2021,4172
Sat Jul 24 2021,4169
Sun Jul 25 2021,4168
Mon Jul 26 2021,4175
Tue Jul 27 2021,4192
Wed Jul 28 2021,4214
Thu Jul 29 2021,4217
Fri Jul 30 2021,4198
Sat Jul 31 2021,4203
Sun Aug 01 2021,4191
Mon Aug 02 2021,4186
Tue Aug 03 2021,4176
Wed Aug 04 2021,4179
Thu Aug 05 2021,4184
Fri Aug 06 2021,4169
Sat Aug 07 2021,4160
Sun Aug 08 2021,4163
Mon Aug 09 2021,4165
Tue Aug 10 2021,4177
Wed Aug 11 2021,4179
Thu Aug 12 2021,4168
Fri Aug 13 2021,4169
Sat Aug 14 2021,4157
Sun Aug 15 2021,4153
Mon Aug 16 2021,4159
Tue Aug 17 2021,4159
Wed Aug 18 2021,4175
Thu Aug 19 2021,4176
Fri Aug 20 2021,4183
Sat Aug 21 2021,4185
Sun Aug 22 2021,4190
Mon Aug 23 2021,4195
Tue Aug 24 2021,4173
Wed Aug 25 2021,4163
Thu Aug 26 2021,4169
Fri Aug 27 2021,4167
Sat Aug 28 2021,4160
Sun Aug 29 2021,4170
Mon Aug 30 2021,4171
Tue Aug 31 2021,4185
Wed Sep 01 2021,4155
Thu Sep 02 2021,4157
Fri Sep 03 2021,4167
Sat Sep 04 2021,4178
Sun Sep 05 2021,4184
Mon Sep 06 2021,4167
Tue Sep 07 2021,4172
Wed Sep 08 2021,4169
Thu Sep 09 2021,4181
Fri Sep 10 2021,4183
Sat Sep 11 2021,4186
Sun Sep 12 2021,4197
Mon Sep 13 2021,4193
Tue Sep 14 2021,4180
Wed Sep 15 2021,4170
Thu Sep 16 2021,4189
Fri Sep 17 2021,4177
Sat Sep 18 2021,4197
Sun Sep 19 2021,4200
Mon Sep 20 2021,4203
Tue Sep 21 2021,4198
Wed Sep 22 2021,4193
Thu Sep 23 2021,4192
Fri Sep 24 2021,4197
Sat Sep 25 2021,4197
Sun Sep 26 2021,4192
Mon Sep 27 2021,4191
Tue Sep 28 2021,4188
Wed Sep 29 2021,4184
Thu Sep 30 2021,4178
Fri Oct 01 2021,4184
Sat Oct 02 2021,4185
Sun Oct 03 2021,4194
Mon Oct 04 2021,4199
Tue Oct 05 2021,4186
Wed Oct 06 2021,4192
Thu Oct 07 2021,4203
Fri Oct 08 2021,4193
Sat Oct 09 2021,4188
Sun Oct 10 2021,4184
Mon Oct 11 2021,4168
Tue Oct 12 2021,4160
Wed Oct 13 2021,4163
Thu Oct 14 2021,4164
Fri Oct 15 2021,4174
Sat Oct 16 2021,4178
Sun Oct 17 2021,4178
Mon Oct 18 2021,4174
Tue Oct 19 2021,4180
Wed Oct 20 2021,4203
Thu Oct 21 2021,4201
Fri Oct 22 2021,4206
Sat Oct 23 2021,4217
Sun Oct 24 2021,4217
Mon Oct 25 2021,4224
Tue Oct 26 2021,4248
Wed Oct 27 2021,4241
Thu Oct 28 2021,4239
Fri Oct 29 2021,4241
Sat Oct 30 2021,4258
Sun Oct 31 2021,4265
Mon Nov 01 2021,4262
Tue Nov 02 2021,4257
Wed Nov 03 2021,4257
Thu Nov 04 2021,4265
Fri Nov 05 2021,4275
Sat Nov 06 2021,4287
Sun Nov 07 2021,4293
Mon Nov 08 2021,4297
Tue Nov 09 2021,4293
Wed Nov 10 2021,4296
Thu Nov 11 2021,4292
Fri Nov 12 2021,4298
Sat Nov 13 2021,4305
Sun Nov 14 2021,4299
Mon Nov 15 2021,4303
Tue Nov 16 2021,4303
Wed Nov 17 2021,4302
Thu Nov 18 2021,4308
Fri Nov 19 2021,4301
Sat Nov 20 2021,4316
Sun Nov 21 2021,4318
Mon Nov 22 2021,4312
Tue Nov 23 2021,4294
Wed Nov 24 2021,4289
Thu Nov 25 2021,4285
Fri Nov 26 2021,4295
Sat Nov 27 2021,4300
Sun Nov 28 2021,4286
Mon Nov 29 2021,4309
Tue Nov 30 2021,4295
Wed Dec 01 2021,4295
Thu Dec 02 2021,4309
Fri Dec 03 2021,4318
Sat Dec 04 2021,4301
Sun Dec 05 2021,4294
Mon Dec 06 2021,4299
Tue Dec 07 2021,4301
Wed Dec 08 2021,4295
Thu Dec 09 2021,4306
Fri Dec 10 2021,4302
Sat Dec 11 2021,4288
Sun Dec 12 2021,4292
Mon Dec 13 2021,4290
Tue Dec 14 2021,4295
Wed Dec 15 2021,4292
Thu Dec 16 2021,4298
Fri Dec 17 2021,4289
Sat Dec 18 2021,4290
Sun Dec 19 2021,4285
Mon Dec 20 2021,4272
Tue Dec 21 2021,4287
Wed Dec 22 2021,4280
Thu Dec 23 2021,4278
Fri Dec 24 2021,4283
Sat Dec 25 2021,4273
Sun Dec 26 2021,4277
Mon Dec 27 2021,4265
Tue Dec 28 2021,4278
Wed Dec 29 2021,4286
Thu Dec 30 2021,4289
Fri Dec 31 2021,4282
Sat Jan 01 2022,4282
Sun Jan 02 2022,4301
Mon Jan 03 2022,4275
Tue Jan 04 2022,4277
Wed Jan 05 2022,4294
Thu Jan 06 2022,4299
Fri Jan 07 2022,4298
Sat Jan 08 2022,4290
Sun Jan 09 2022,4288
Mon Jan 10 2022,4264
Tue Jan 11 2022,4272
Wed Jan 12 2022,4271
Thu Jan 13 2022,4264
Fri Jan 14 2022,4260
Sat Jan 15 2022,4262
Sun Jan 16 2022,4262
Mon Jan 17 2022,4249
Tue Jan 18 2022,4253
Wed Jan 19 2022,4261
Thu Jan 20 2022,4267
Fri Jan 21 2022,4277
Sat Jan 22 2022,4290
Sun Jan 23 2022,4308
Mon Jan 24 2022,4310
Tue Jan 25 2022,4312
Wed Jan 26 2022,4320
Thu Jan 27 2022,4326
Fri Jan 28 2022,4335
Sat Jan 29 2022,4323
Sun Jan 30 2022,4339
Mon Jan 31 2022,4340
Tue Feb 01 2022,4336
Wed Feb 02 2022,4351
Thu Feb 03 2022,4349
Fri Feb 04 2022,4332
Sat Feb 05 2022,4335
Sun Feb 06 2022,4347
Mon Feb 07 2022,4354
Tue Feb 08 2022,4373
Wed Feb 09 2022,4380
Thu Feb 10 2022,4374
Fri Feb 11 2022,4378
Sat Feb 12 2022,4381
Sun Feb 13 2022,4379
Mon Feb 14 2022,4372
Tue Feb 15 2022,4378
Wed Feb 16 2022,4386
Thu Feb 17 2022,4392
Fri Feb 18 2022,4398
Sat Feb 19 2022,4395
Sun Feb 20 2022,4405
Mon Feb 21 2022,4399
Tue Feb 22 2022,4405
Wed Feb 23 2022,4412
Thu Feb 24 2022,4393
Fri Feb 25 2022,4412
Sat Feb 26 2022,4408
Sun Feb 27 2022,4396
Mon Feb 28 2022,4395
Tue Mar 01 2022,4399
Wed Mar 02 2022,4399
Thu Mar 03 2022,4415
Fri Mar 04 2022,4419
Sat Mar 05 2022,4400
Sun Mar 06 2022,4402
Mon Mar 07 2022,4386
Tue Mar 08 2022,4387
Wed Mar 09 2022,4386
Thu Mar 10 2022,4384
Fri Mar 11 2022,4386
Sat Mar 12 2022,4379
Sun Mar 13 2022,4382
Mon Mar 14 2022,4374
Tue Mar 15 2022,4365
Wed Mar 16 2022,4359
Thu Mar 17 2022,4371
Fri Mar 18 2022,4372
Sat Mar 19 2022,4365
Sun Mar 20 2022,4364
Mon Mar 21 2022,4364
Tue Mar 22 2022,4346
Wed Mar 23 2022,4346
Thu Mar 24 2022,4356
Fri Mar 25 2022,4362
Sat Mar 26 2022,4368
Sun Mar 27 2022,4355
Mon Mar 28 2022,4341
Tue Mar 29 2022,4348
Wed Mar 30 2022,4336
Thu Mar 31 2022,4341
Fri Apr 01 2022,4350
Sat Apr 02 2022,4337
Sun Apr 03 2022,4338
Mon Apr 04 2022,4336
Tue Apr 05 2022,4325
Wed Apr 06 2022,4323
Thu Apr 07 2022,4298
Fri Apr 08 2022,4291
Sat Apr 09 2022,4295
Sun Apr 10 2022,4300
Mon Apr 11 2022,4292
Tue Apr 12 2022,4305
Wed Apr 13 2022,4314
Thu Apr 14 2022,4318
Fri Apr 15 2022,4317
Sat Apr 16 2022,4321
Sun Apr 17 2022,4327
Mon Apr 18 2022,4330
Tue Apr 19 2022,4319
Wed Apr 20 2022,4329
Thu Apr 21 2022,4325
Fri Apr 22 2022,4338
Sat Apr 23 2022,4307
Sun Apr 24 2022,4313
Mon Apr 25 2022,4325
Tue Apr 26 2022,4311
Wed Apr 27 2022,4310
Thu Apr 28 2022,4304
Fri Apr 29 2022,4296
Sat Apr 30 2022,4300
Sun May 01 2022,4295
Mon May 02 2022,4285
Tue May 03 2022,4295
Wed May 04 2022,4288
Thu May 05 2022,4289
Fri May 06 2022,4279
Sat May 07 2022,4261
Sun May 08 2022,4258
Mon May 09 2022,4252
Tue May 10 2022,4248
Wed May 11 2022,4251
Thu May 12 2022,4233
Fri May 13 2022,4231
Sat May 14 2022,4219
Sun May 15 2022,4207
Mon May 16 2022,4202
Tue May 17 2022,4202
Wed May 18 2022,4205
Thu May 19 2022,4211
Fri May 20 2022,4191
Sat May 21 2022,4188
Sun May 22 2022,4182
Mon May 23 2022,4203
Tue May 24 2022,4211
Wed May 25 2022,4187
Thu May 26 2022,4184
Fri May 27 2022,4201
Sat May 28 2022,4202
Sun May 29 2022,4200
Mon May 30 2022,4197
Tue May 31 2022,4165
Wed Jun 01 2022,4191
Thu Jun 02 2022,4187
Fri Jun 03 2022,4187
Sat Jun 04 2022,4187
Sun Jun 05 2022,4188
Mon Jun 06 2022,4204
Tue Jun 07 2022,4186
Wed Jun 08 2022,4178
Thu Jun 09 2022,4184
Fri Jun 10 2022,4191
Sat Jun 11 2022,4179
Sun Jun 12 2022,4182
Mon Jun 13 2022,4191
Tue Jun 14 2022,4189
Wed Jun 15 2022,4190
Thu Jun 16 2022,4192
Fri Jun 17 2022,4196
Sat Jun 18 2022,4196
Sun Jun 19 2022,4187
Mon Jun 20 2022,4171
Tue Jun 21 2022,4169
Wed Jun 22 2022,4168
Thu Jun 23 2022,4161
Fri Jun 24 2022,4157
Sat Jun 25 2022,4161
Sun Jun 26 2022,4161
Mon Jun 27 2022,4154
Tue Jun 28 2022,4162
Wed Jun 29 2022,4159
Thu Jun 30 2022,4156
Fri Jul 01 2022,4170
Sat Jul 02 2022,4166
Sun Jul 03 2022,4154
Mon Jul 04 2022,4153
Tue Jul 05 2022,4149
Wed Jul 06 2022,4141
Thu Jul 07 2022,4151
Fri Jul 08 2022,4143
Sat Jul 09 2022,4146
Sun Jul 10 2022,4148
Mon Jul 11 2022,4136
Tue Jul 12 2022,4133
Wed Jul 13 2022,4120
Thu Jul 14 2022,4123
Fri Jul 15 2022,4119
Sat Jul 16 2022,4118
Sun Jul 17 2022,4115
Mon Jul 18 2022,4108
Tue Jul 19 2022,4113
Wed Jul 20 2022,4116
Thu Jul 21 2022,4113
Fri Jul 22 2022,4109
Sat Jul 23 2022,4091
Sun Jul 24 2022,4086
Mon Jul 25 2022,4084
Tue Jul 26 2022,4100
Wed Jul 27 2022,4077
Thu Jul 28 2022,4072
Fri Jul 29 2022,4068
Sat Jul 30 2022,4062
Sun Jul 31 2022,4059
Mon Aug 01 2022,4070
Tue Aug 02 2022,4069
Wed Aug 03 2022,4076
Thu Aug 04 2022,4071
Fri Aug 05 2022,4081
Sat Aug 06 2022,4090
Sun Aug 07 2022,4086
Mon Aug 08 2022,4082
Tue Aug 09 2022,4085
Wed Aug 10 2022,4098
Thu Aug 11 2022,4099
Fri Aug 12 2022,4106
Sat Aug 13 2022,4104
Sun Aug 14 2022,4098
Mon Aug 15 2022,4109
Tue Aug 16 2022,4098
Wed Aug 17 2022,4102
Thu Aug 18 2022,4106
Fri Aug 19 2022,4113
Sat Aug 20 2022,4125
Sun Aug 21 2022,4130
Mon Aug 22 2022,4131
Tue Aug 23 2022,4145
Wed Aug 24 2022,4153
Thu Aug 25 2022,4157
Fri Aug 26 2022,4150
Sat Aug 27 2022,4140
Sun Aug 28 2022,4146
Mon Aug 29 2022,4154
Tue Aug 30 2022,4147
Wed Aug 31 2022,4162
Thu Sep 01 2022,4164
Fri Sep 02 2022,4148
Sat Sep 03 2022,4155
Sun Sep 04 2022,4157
Mon Sep 05 2022,4166
Tue Sep 06 2022,4184
Wed Sep 07 2022,4170
Thu Sep 08 2022,4179
Fri Sep 09 2022,4174
Sat Sep 10 2022,4180
Sun Sep 11 2022,4183
Mon Sep 12 2022,4189
Tue Sep 13 2022,4172
Wed Sep 14 2022,4160
Thu Sep 15 2022,4144
Fri Sep 16 2022,4145
Sat Sep 17 2022,4146
Sun Sep 18 2022,4140
Mon Sep 19 2022,4140
Tue Sep 20 2022,4143
Wed Sep 21 2022,4150
Thu Sep 22 2022,4163
Fri Sep 23 2022,4155
Sat Sep 24 2022,4155
Sun Sep 25 2022,4150
Mon Sep 26 2022,4148
Tue Sep 27 2022,4133
Wed Sep 28 2022,4140
Thu Sep 29 2022,4145
Fri Sep 30 2022,4153
Sat Oct 01 2022,4141
Sun Oct 02 2022,4133
Mon Oct 03 2022,4122
Tue Oct 04 2022,4119
Wed Oct 05 2022,4114
Thu Oct 06 2022,4108
Fri Oct 07 2022,4091
Sat Oct 08 2022,4077
Sun Oct 09 2022,4082
Mon Oct 10 2022,4062
Tue Oct 11 2022,4057
Wed Oct 12 2022,4051
Thu Oct 13 2022,4066
Fri Oct 14 2022,4058
Sat Oct 15 2022,4059
Sun Oct 16 2022,4057
Mon Oct 17 2022,4058
Tue Oct 18 2022,4049
Wed Oct 19 2022,4058
Thu Oct 20 2022,4058
Fri Oct 21 2022,4051
Sat Oct 22 2022,4048
Sun Oct 23 2022,4047
Mon Oct 24 2022,4047
Tue Oct 25 2022,4039
Wed Oct 26 2022,4043
Thu Oct 27 2022,4029
Fri Oct 28 2022,4034
Sat Oct 29 2022,4055
Sun Oct 30 2022,4051
Mon Oct 31 2022,4052
Tue Nov 01 2022,4049
Wed Nov 02 2022,4049
Thu Nov 03 2022,4032
Fri Nov 04 2022,4030
Sat Nov 05 2022,4032
Sun Nov 06 2022,4028
Mon Nov 07 2022,4032
Tue Nov 08 2022,4038
Wed Nov 09 2022,4027
Thu Nov 10 2022,4029
Fri Nov 11 2022,4024
Sat Nov 12 2022,4041
Sun Nov 13 2022,4045
Mon Nov 14 2022,4054
Tue Nov 15 2022,4074
Wed Nov 16 2022,4079
Thu Nov 17 2022,4078
Fri Nov 18 2022,4083
Sat Nov 19 2022,4099
Sun Nov 20 2022,4099
Mon Nov 21 2022,4103
Tue Nov 22 2022,4109
Wed Nov 23 2022,4113
Thu Nov 24 2022,4129
Fri Nov 25 2022,4134
Sat Nov 26 2022,4130
Sun Nov 27 2022,4139
Mon Nov 28 2022,4147
Tue Nov 29 2022,4143
Wed Nov 30 2022,4156
Thu Dec 01 2022,4160
Fri Dec 02 2022,4153
Sat Dec 03 2022,4149
Sun Dec 04 2022,4166
Mon Dec 05 2022,4172
Tue Dec 06 2022,4177
Wed Dec 07 2022,4181
Thu Dec 08 2022,4182
Fri Dec 09 2022,4188
Sat Dec 10 2022,4188
Sun Dec 11 2022,4190
Mon Dec 12 2022,4202
Tue Dec 13 2022,4214
Wed Dec 14 2022,4211
Thu Dec 15 2022,4221
Fri Dec 16 2022,4218
Sat Dec 17 2022,4248
Sun Dec 18 2022,4245
Mon Dec 19 2022,4224
Tue Dec 20 2022,4216
Wed Dec 21 2022,4217
Thu Dec 22 2022,4224
Fri Dec 23 2022,4230
Sat Dec 24 2022,4233
Sun Dec 25 2022,4217
Mon Dec 26 2022,4211
Tue Dec 27 2022,4218
Wed Dec 28 2022,4223
Thu Dec 29 2022,4220
Fri Dec 30 2022,4235
Sat Dec 31 2022,4224
Sun Jan 01 2023,4224
Mon Jan 02 2023,4225
Tue Jan 03 2023,4223
Wed Jan 04 2023,4229
Thu Jan 05 2023,4221
Fri Jan 06 2023,4242
Sat Jan 07 2023,4232
Sun Jan 08 2023,4237
Mon Jan 09 2023,4247
Tue Jan 10 2023,4250
Wed Jan 11 2023,4250
Thu Jan 12 2023,4249
Fri Jan 13 2023,4240
Sat Jan 14 2023,4251
Sun Jan 15 2023,4258
Mon Jan 16 2023,4260
Tue Jan 17 2023,4237
Wed Jan 18 2023,4251
Thu Jan 19 2023,4247
Fri Jan 20 2023,4242
Sat Jan 21 2023,4258
Sun Jan 22 2023,4244
Mon Jan 23 2023,4252
Tue Jan 24 2023,4241
Wed Jan 25 2023,4241
Thu Jan 26 2023,4251
Fri Jan 27 2023,4255
Sat Jan 28 2023,4281
Sun Jan 29 2023,4279
Mon Jan 30 2023,4280
Tue Jan 31 2023,4285
Wed Feb 01 2023,4281
Thu Feb 02 2023,4281
Fri Feb 03 2023,4276
Sat Feb 04 2023,4281
Sun Feb 05 2023,4286
Mon Feb 06 2023,4279
Tue Feb 07 2023,4267
Wed Feb 08 2023,4271
Thu Feb 09 2023,4276
Fri Feb 10 2023,4270
Sat Feb 11 2023,4280
Sun Feb 12 2023,4274
Mon Feb 13 2023,4269
Tue Feb 14 2023,4262
Wed Feb 15 2023,4271
Thu Feb 16 2023,4259
Fri Feb 17 2023,4270
Sat Feb 18 2023,4268
Sun Feb 19 2023,4269
Mon Feb 20 2023,4283
Tue Feb 21 2023,4297
Wed Feb 22 2023,4296
Thu Feb 23 2023,4275
Fri Feb 24 2023,4295
Sat Feb 25 2023,4299
Sun Feb 26 2023,4309
Mon Feb 27 2023,4298
Tue Feb 28 2023,4303
Wed Mar 01 2023,4307
Thu Mar 02 2023,4310
Fri Mar 03 2023,4307
Sat Mar 04 2023,4286
Sun Mar 05 2023,4284
Mon Mar 06 2023,4294
Tue Mar 07 2023,4285
Wed Mar 08 2023,4270
Thu Mar 09 2023,4274
Fri Mar 10 2023,4256
Sat Mar 11 2023,4259
Sun Mar 12 2023,4258
Mon Mar 13 2023,4259
Tue Mar 14 2023,4256
Wed Mar 15 2023,4254
Thu Mar 16 2023,4241
Fri Mar 17 2023,4248
Sat Mar 18 2023,4236
Sun Mar 19 2023,4253
Mon Mar 20 2023,4254
Tue Mar 21 2023,4244
Wed Mar 22 2023,4242
Thu Mar 23 2023,4235
Fri Mar 24 2023,4243
Sat Mar 25 2023,4241
Sun Mar 26 2023,4250
Mon Mar 27 2023,4270
Tue Mar 28 2023,4265
Wed Mar 29 2023,4273
Thu Mar 30 2023,4269
Fri Mar 31 2023,4269
Sat Apr 01 2023,4261
Sun Apr 02 2023,4264
Mon Apr 03 2023,4273
Tue Apr 04 2023,4278
Wed Apr 05 2023,4265
Thu Apr 06 2023,4265
Fri Apr 07 2023,4268
Sat Apr 08 2023,4269
Sun Apr 09 2023,4279
Mon Apr 10 2023,4284
Tue Apr 11 2023,4280
Wed Apr 12 2023,4269
Thu Apr 13 2023,4261
Fri Apr 14 2023,4261
Sat Apr 15 2023,4262
Sun Apr 16 2023,4272
Mon Apr 17 2023,4268
Tue Apr 18 2023,4290
Wed Apr 19 2023,4282
Thu Apr 20 2023,4297
Fri Apr 21 2023,4308
Sat Apr 22 2023,4297
Sun Apr 23 2023,4313
Mon Apr 24 2023,4316
Tue Apr 25 2023,4313
Wed Apr 26 2023,4307
Thu Apr 27 2023,4311
Fri Apr 28 2023,4315
Sat Apr 29 2023,4305
Sun Apr 30 2023,4318
Mon May 01 2023,4326
Tue May 02 2023,4311
Wed May 03 2023,4307
Thu May 04 2023,4306
Fri May 05 2023,4314
Sat May 06 2023,4302
Sun May 07 2023,4311
Mon May 08 2023,4303
Tue May 09 2023,4290
Wed May 10 2023,4303
Thu May 11 2023,4299
Fri May 12 2023,4306
Sat May 13 2023,4298
Sun May 14 2023,4301
Mon May 15 2023,4312
Tue May 16 2023,4322
Wed May 17 2023,4312
Thu May 18 2023,4309
Fri May 19 2023,4333
Sat May 20 2023,4336
Sun May 21 2023,4330
Mon May 22 2023,4323
Tue May 23 2023,4319
Wed May 24 2023,4303
Thu May 25 2023,4298
Fri May 26 2023,4294
Sat May 27 2023,4300
Sun May 28 2023,4297
Mon May 29 2023,4296
Tue May 30 2023,4289
Wed May 31 2023,4260
Thu Jun 01 2023,4255
Fri Jun 02 2023,4258
Sat Jun 03 2023,4249
Sun Jun 04 2023,4265
Mon Jun 05 2023,4257
Tue Jun 06 2023,4266
Wed Jun 07 2023,4261
Thu Jun 08 2023,4256
Fri Jun 09 2023,4240
Sat Jun 10 2023,4242
Sun Jun 11 2023,4247
Mon Jun 12 2023,4246
Tue Jun 13 2023,4236
Wed Jun 14 2023,4225
Thu Jun 15 2023,4235
Fri Jun 16 2023,4238
Sat Jun 17 2023,4248
Sun Jun 18 2023,4247
Mon Jun 19 2023,4255
Tue Jun 20 2023,4245
Wed Jun 21 2023,4235
Thu Jun 22 2023,4219
Fri Jun 23 2023,4216
Sat Jun 24 2023,4219
Sun Jun 25 2023,4220
Mon Jun 26 2023,4220
Tue Jun 27 2023,4217
Wed Jun 28 2023,4221
Thu Jun 29 2023,4224
Fri Jun 30 2023,4214
Sat Jul 01 2023,4214
Sun Jul 02 2023,4209
Mon Jul 03 2023,4210
Tue Jul 04 2023,4211
Wed Jul 05 2023,4212
Thu Jul 06 2023,4222
Fri Jul 07 2023,4225
Sat Jul 08 2023,4222
Sun Jul 09 2023,4218
Mon Jul 10 2023,4225
Tue Jul 11 2023,4217
Wed Jul 12 2023,4222
Thu Jul 13 2023,4226
Fri Jul 14 2023,4229
Sat Jul 15 2023,4232
Sun Jul 16 2023,4237
Mon Jul 17 2023,4243
Tue Jul 18 2023,4243
Wed Jul 19 2023,4240
Thu Jul 20 2023,4244
Fri Jul 21 2023,4236
Sat Jul 22 2023,4248
Sun Jul 23 2023,4234
Mon Jul 24 2023,4231
Tue Jul 25 2023,4229
Wed Jul 26 2023,4245
Thu Jul 27 2023,4255
Fri Jul 28 2023,4261
Sat Jul 29 2023,4269
Sun Jul 30 2023,4263
Mon Jul 31 2023,4267
Tue Aug 01 2023,4272
Wed Aug 02 2023,4265
Thu Aug 03 2023,4267
Fri Aug 04 2023,4273
Sat Aug 05 2023,4270
Sun Aug 06 2023,4272
Mon Aug 07 2023,4275
Tue Aug 08 2023,4275
Wed Aug 09 2023,4255
Thu Aug 10 2023,4259
Fri Aug 11 2023,4248
Sat Aug 12 2023,4244
Sun Aug 13 2023,4241
Mon Aug 14 2023,4244
Tue Aug 15 2023,4241
Wed Aug 16 2023,4241
Thu Aug 17 2023,4243
Fri Aug 18 2023,4242
Sat Aug 19 2023,4229
Sun Aug 20 2023,4237
Mon Aug 21 2023,4238
Tue Aug 22 2023,4240
Wed Aug 23 2023,4234
Thu Aug 24 2023,4231
Fri Aug 25 2023,4234
Sat Aug 26 2023,4235
Sun Aug 27 2023,4231
Mon Aug 28 2023,4231
Tue Aug 29 2023,4235
Wed Aug 30 2023,4240
Thu Aug 31 2023,4252
Fri Sep 01 2023,4256
Sat Sep 02 2023,4257
Sun Sep 03 2023,4250
Mon Sep 04 2023,4243
Tue Sep 05 2023,4250
Wed Sep 06 2023,4259
Thu Sep 07 2023,4251
Fri Sep 08 2023,4248
Sat Sep 09 2023,4236
Sun Sep 10 2023,4242
Mon Sep 11 2023,4241
Tue Sep 12 2023,4228
Wed Sep 13 2023,4216
Thu Sep 14 2023,4235
Fri Sep 15 2023,4238
Sat Sep 16 2023,4231
Sun Sep 17 2023,4226
Mon Sep 18 2023,4230
Tue Sep 19 2023,4218
Wed Sep 20 2023,4189
Thu Sep 21 2023,4185
Fri Sep 22 2023,4190
Sat Sep 23 2023,4204
Sun Sep 24 2023,4204
Mon Sep 25 2023,4193
Tue Sep 26 2023,4186
Wed Sep 27 2023,4189
Thu Sep 28 2023,4188
Fri Sep 29 2023,4207
Sat Sep 30 2023,4235
Sun Oct 01 2023,4235
Mon Oct 02 2023,4232
Tue Oct 03 2023,4212
Wed Oct 04 2023,4208
Thu Oct 05 2023,4201
Fri Oct 06 2023,4192
Sat Oct 07 2023,4182
Sun Oct 08 2023,4202
Mon Oct 09 2023,4199
Tue Oct 10 2023,4204
Wed Oct 11 2023,4198
Thu Oct 12 2023,4213
Fri Oct 13 2023,4210
Sat Oct 14 2023,4228
Sun Oct 15 2023,4209
Mon Oct 16 2023,4211
Tue Oct 17 2023,4199
Wed Oct 18 2023,4195
Thu Oct 19 2023,4182
Fri Oct 20 2023,4180
Sat Oct 21 2023,4186
Sun Oct 22 2023,4184
Mon Oct 23 2023,4183
Tue Oct 24 2023,4193
Wed Oct 25 2023,4187
Thu Oct 26 2023,4182
Fri Oct 27 2023,4191
Sat Oct 28 2023,4178
Sun Oct 29 2023,4171
Mon Oct 30 2023,4176
Tue Oct 31 2023,4183
Wed Nov 01 2023,4177
Thu Nov 02 2023,4184
Fri Nov 03 2023,4179
Sat Nov 04 2023,4176
Sun Nov 05 2023,4168
Mon Nov 06 2023,4169
Tue Nov 07 2023,4177
Wed Nov 08 2023,4178
Thu Nov 09 2023,4178
Fri Nov 10 2023,4161
Sat Nov 11 2023,4160
Sun Nov 12 2023,4156
Mon Nov 13 2023,4154
Tue Nov 14 2023,4146
Wed Nov 15 2023,4156
Thu Nov 16 2023,4150
Fri Nov 17 2023,4159
Sat Nov 18 2023,4142
Sun Nov 19 2023,4145
Mon Nov 20 2023,4131
Tue Nov 21 2023,4136
Wed Nov 22 2023,4126
Thu Nov 23 2023,4129
Fri Nov 24 2023,4129
Sat Nov 25 2023,4129
Sun Nov 26 2023,4138
Mon Nov 27 2023,4138
Tue Nov 28 2023,4135
