date,Omega Market Index (USD)
Sun Jan 01 2017,7500
Mon Jan 02 2017,7490
Tue Jan 03 2017,7480
Wed Jan 04 2017,7499
Thu Jan 05 2017,7490
Fri Jan 06 2017,7491
Sat Jan 07 2017,7492
Sun Jan 08 2017,7492
Mon Jan 09 2017,7493
Tue Jan 10 2017,7504
Wed Jan 11 2017,7507
Thu Jan 12 2017,7509
Fri Jan 13 2017,7524
Sat Jan 14 2017,7529
Sun Jan 15 2017,7535
Mon Jan 16 2017,7529
Tue Jan 17 2017,7518
Wed Jan 18 2017,7519
Thu Jan 19 2017,7564
Fri Jan 20 2017,7559
Sat Jan 21 2017,7559
Sun Jan 22 2017,7560
Mon Jan 23 2017,7559
Tue Jan 24 2017,7561
Wed Jan 25 2017,7551
Thu Jan 26 2017,7558
Fri Jan 27 2017,7564
Sat Jan 28 2017,7561
Sun Jan 29 2017,7550
Mon Jan 30 2017,7546
Tue Jan 31 2017,7550
Wed Feb 01 2017,7561
Thu Feb 02 2017,7561
Fri Feb 03 2017,7558
Sat Feb 04 2017,7561
Sun Feb 05 2017,7561
Mon Feb 06 2017,7562
Tue Feb 07 2017,7560
Wed Feb 08 2017,7535
Thu Feb 09 2017,7531
Fri Feb 10 2017,7534
Sat Feb 11 2017,7534
Sun Feb 12 2017,7537
Mon Feb 13 2017,7532
Tue Feb 14 2017,7536
Wed Feb 15 2017,7584
Thu Feb 16 2017,7585
Fri Feb 17 2017,7579
Sat Feb 18 2017,7578
Sun Feb 19 2017,7586
Mon Feb 20 2017,7586
Tue Feb 21 2017,7577
Wed Feb 22 2017,7585
Thu Feb 23 2017,7566
Fri Feb 24 2017,7568
Sat Feb 25 2017,7563
Sun Feb 26 2017,7563
Mon Feb 27 2017,7566
Tue Feb 28 2017,7582
Wed Mar 01 2017,7584
Thu Mar 02 2017,7594
Fri Mar 03 2017,7592
Sat Mar 04 2017,7592
Sun Mar 05 2017,7599
Mon Mar 06 2017,7597
Tue Mar 07 2017,7595
Wed Mar 08 2017,7619
Thu Mar 09 2017,7584
Fri Mar 10 2017,7590
Sat Mar 11 2017,7561
Sun Mar 12 2017,7561
Mon Mar 13 2017,7565
Tue Mar 14 2017,7581
Wed Mar 15 2017,7582
Thu Mar 16 2017,7581
Fri Mar 17 2017,7586
Sat Mar 18 2017,7586
Sun Mar 19 2017,7586
Mon Mar 20 2017,7574
Tue Mar 21 2017,7574
Wed Mar 22 2017,7574
Thu Mar 23 2017,7577
Fri Mar 24 2017,7581
Sat Mar 25 2017,7604
Sun Mar 26 2017,7598
Mon Mar 27 2017,7598
Tue Mar 28 2017,7614
Wed Mar 29 2017,7614
Thu Mar 30 2017,7611
Fri Mar 31 2017,7605
Sat Apr 01 2017,7605
Sun Apr 02 2017,7606
Mon Apr 03 2017,7613
Tue Apr 04 2017,7615
Wed Apr 05 2017,7595
Thu Apr 06 2017,7593
Fri Apr 07 2017,7583
Sat Apr 08 2017,7583
Sun Apr 09 2017,7584
Mon Apr 10 2017,7582
Tue Apr 11 2017,7617
Wed Apr 12 2017,7615
Thu Apr 13 2017,7615
Fri Apr 14 2017,7601
Sat Apr 15 2017,7605
Sun Apr 16 2017,7605
Mon Apr 17 2017,7605
Tue Apr 18 2017,7605
Wed Apr 19 2017,7608
Thu Apr 20 2017,7610
Fri Apr 21 2017,7612
Sat Apr 22 2017,7622
Sun Apr 23 2017,7627
Mon Apr 24 2017,7627
Tue Apr 25 2017,7606
Wed Apr 26 2017,7605
Thu Apr 27 2017,7605
Fri Apr 28 2017,7606
Sat Apr 29 2017,7604
Sun Apr 30 2017,7600
Mon May 01 2017,7599
Tue May 02 2017,7594
Wed May 03 2017,7595
Thu May 04 2017,7598
Fri May 05 2017,7597
Sat May 06 2017,7583
Sun May 07 2017,7535
Mon May 08 2017,7526
Tue May 09 2017,7502
Wed May 10 2017,7488
Thu May 11 2017,7509
Fri May 12 2017,7507
Sat May 13 2017,7488
Sun May 14 2017,7493
Mon May 15 2017,7494
Tue May 16 2017,7495
Wed May 17 2017,7495
Thu May 18 2017,7497
Fri May 19 2017,7495
Sat May 20 2017,7496
Sun May 21 2017,7506
Mon May 22 2017,7526
Tue May 23 2017,7531
Wed May 24 2017,7531
Thu May 25 2017,7590
Fri May 26 2017,7585
Sat May 27 2017,7580
Sun May 28 2017,7582
Mon May 29 2017,7578
Tue May 30 2017,7584
Wed May 31 2017,7608
Thu Jun 01 2017,7557
Fri Jun 02 2017,7557
Sat Jun 03 2017,7557
Sun Jun 04 2017,7626
Mon Jun 05 2017,7618
Tue Jun 06 2017,7640
Wed Jun 07 2017,7664
Thu Jun 08 2017,7665
Fri Jun 09 2017,7646
Sat Jun 10 2017,7649
Sun Jun 11 2017,7636
Mon Jun 12 2017,7622
Tue Jun 13 2017,7604
Wed Jun 14 2017,7604
Thu Jun 15 2017,7606
Fri Jun 16 2017,7606
Sat Jun 17 2017,7598
Sun Jun 18 2017,7598
Mon Jun 19 2017,7587
Tue Jun 20 2017,7579
Wed Jun 21 2017,7579
Thu Jun 22 2017,7578
Fri Jun 23 2017,7579
Sat Jun 24 2017,7564
Sun Jun 25 2017,7552
Mon Jun 26 2017,7595
Tue Jun 27 2017,7592
Wed Jun 28 2017,7593
Thu Jun 29 2017,7595
Fri Jun 30 2017,7598
Sat Jul 01 2017,7616
Sun Jul 02 2017,7616
Mon Jul 03 2017,7603
Tue Jul 04 2017,7605
Wed Jul 05 2017,7605
Thu Jul 06 2017,7600
Fri Jul 07 2017,7600
Sat Jul 08 2017,7584
Sun Jul 09 2017,7543
Mon Jul 10 2017,7546
Tue Jul 11 2017,7533
Wed Jul 12 2017,7534
Thu Jul 13 2017,7534
Fri Jul 14 2017,7532
Sat Jul 15 2017,7533
Sun Jul 16 2017,7533
Mon Jul 17 2017,7533
Tue Jul 18 2017,7543
Wed Jul 19 2017,7545
Thu Jul 20 2017,7544
Fri Jul 21 2017,7547
Sat Jul 22 2017,7553
Sun Jul 23 2017,7557
Mon Jul 24 2017,7556
Tue Jul 25 2017,7559
Wed Jul 26 2017,7598
Thu Jul 27 2017,7599
Fri Jul 28 2017,7603
Sat Jul 29 2017,7584
Sun Jul 30 2017,7611
Mon Jul 31 2017,7624
Tue Aug 01 2017,7629
Wed Aug 02 2017,7670
Thu Aug 03 2017,7670
Fri Aug 04 2017,7687
Sat Aug 05 2017,7687
Sun Aug 06 2017,7687
Mon Aug 07 2017,7688
Tue Aug 08 2017,7688
Wed Aug 09 2017,7696
Thu Aug 10 2017,7696
Fri Aug 11 2017,7696
Sat Aug 12 2017,7680
Sun Aug 13 2017,7680
Mon Aug 14 2017,7744
Tue Aug 15 2017,7747
Wed Aug 16 2017,7747
Thu Aug 17 2017,7731
Fri Aug 18 2017,7730
Sat Aug 19 2017,7735
Sun Aug 20 2017,7736
Mon Aug 21 2017,7740
Tue Aug 22 2017,7725
Wed Aug 23 2017,7727
Thu Aug 24 2017,7727
Fri Aug 25 2017,7749
Sat Aug 26 2017,7748
Sun Aug 27 2017,7748
Mon Aug 28 2017,7748
Tue Aug 29 2017,7748
Wed Aug 30 2017,7746
Thu Aug 31 2017,7743
Fri Sep 01 2017,7764
Sat Sep 02 2017,7763
Sun Sep 03 2017,7763
Mon Sep 04 2017,7762
Tue Sep 05 2017,7764
Wed Sep 06 2017,7819
Thu Sep 07 2017,7816
Fri Sep 08 2017,7827
Sat Sep 09 2017,7833
Sun Sep 10 2017,7864
Mon Sep 11 2017,7842
Tue Sep 12 2017,7836
Wed Sep 13 2017,7839
Thu Sep 14 2017,7851
Fri Sep 15 2017,7859
Sat Sep 16 2017,7859
Sun Sep 17 2017,7846
Mon Sep 18 2017,7841
Tue Sep 19 2017,7841
Wed Sep 20 2017,7826
Thu Sep 21 2017,7787
Fri Sep 22 2017,7785
Sat Sep 23 2017,7783
Sun Sep 24 2017,7807
Mon Sep 25 2017,7809
Tue Sep 26 2017,7802
Wed Sep 27 2017,7806
Thu Sep 28 2017,7807
Fri Sep 29 2017,7808
Sat Sep 30 2017,7812
Sun Oct 01 2017,7812
Mon Oct 02 2017,7803
Tue Oct 03 2017,7805
Wed Oct 04 2017,7807
Thu Oct 05 2017,7802
Fri Oct 06 2017,7800
Sat Oct 07 2017,7802
Sun Oct 08 2017,7802
Mon Oct 09 2017,7824
Tue Oct 10 2017,7839
Wed Oct 11 2017,7840
Thu Oct 12 2017,7840
Fri Oct 13 2017,7840
Sat Oct 14 2017,7840
Sun Oct 15 2017,7838
Mon Oct 16 2017,7850
Tue Oct 17 2017,7885
Wed Oct 18 2017,7886
Thu Oct 19 2017,7862
Fri Oct 20 2017,7872
Sat Oct 21 2017,7873
Sun Oct 22 2017,7873
Mon Oct 23 2017,7875
Tue Oct 24 2017,7877
Wed Oct 25 2017,7877
Thu Oct 26 2017,7894
Fri Oct 27 2017,7882
Sat Oct 28 2017,7882
Sun Oct 29 2017,7876
Mon Oct 30 2017,7875
Tue Oct 31 2017,7830
Wed Nov 01 2017,7830
Thu Nov 02 2017,7818
Fri Nov 03 2017,7826
Sat Nov 04 2017,7827
Sun Nov 05 2017,7826
Mon Nov 06 2017,7827
Tue Nov 07 2017,7846
Wed Nov 08 2017,7837
Thu Nov 09 2017,7837
Fri Nov 10 2017,7838
Sat Nov 11 2017,7841
Sun Nov 12 2017,7835
Mon Nov 13 2017,7835
Tue Nov 14 2017,7835
Wed Nov 15 2017,7835
Thu Nov 16 2017,7843
Fri Nov 17 2017,7848
Sat Nov 18 2017,7849
Sun Nov 19 2017,7848
Mon Nov 20 2017,7848
Tue Nov 21 2017,7850
Wed Nov 22 2017,7856
Thu Nov 23 2017,7857
Fri Nov 24 2017,7854
Sat Nov 25 2017,7854
Sun Nov 26 2017,7854
Mon Nov 27 2017,7859
Tue Nov 28 2017,7869
Wed Nov 29 2017,7869
Thu Nov 30 2017,7870
Fri Dec 01 2017,7870
Sat Dec 02 2017,7870
Sun Dec 03 2017,7864
Mon Dec 04 2017,7864
Tue Dec 05 2017,7864
Wed Dec 06 2017,7866
Thu Dec 07 2017,7867
Fri Dec 08 2017,7867
Sat Dec 09 2017,7867
Sun Dec 10 2017,7915
Mon Dec 11 2017,7914
Tue Dec 12 2017,7908
Wed Dec 13 2017,7914
Thu Dec 14 2017,7914
Fri Dec 15 2017,7914
Sat Dec 16 2017,7914
Sun Dec 17 2017,7914
Mon Dec 18 2017,7916
Tue Dec 19 2017,7907
Wed Dec 20 2017,7896
Thu Dec 21 2017,7930
Fri Dec 22 2017,7927
Sat Dec 23 2017,7927
Sun Dec 24 2017,7927
Mon Dec 25 2017,7927
Tue Dec 26 2017,7926
Wed Dec 27 2017,7954
Thu Dec 28 2017,7925
Fri Dec 29 2017,7925
Sat Dec 30 2017,7938
Sun Dec 31 2017,7938
Mon Jan 01 2018,7938
Tue Jan 02 2018,7918
Wed Jan 03 2018,7915
Thu Jan 04 2018,7953
Fri Jan 05 2018,7955
Sat Jan 06 2018,7953
Sun Jan 07 2018,7953
Mon Jan 08 2018,7953
Tue Jan 09 2018,7934
Wed Jan 10 2018,7937
Thu Jan 11 2018,7936
Fri Jan 12 2018,7942
Sat Jan 13 2018,7943
Sun Jan 14 2018,7943
Mon Jan 15 2018,7943
Tue Jan 16 2018,7944
Wed Jan 17 2018,7944
Thu Jan 18 2018,7944
Fri Jan 19 2018,7947
Sat Jan 20 2018,7946
Sun Jan 21 2018,7947
Mon Jan 22 2018,7930
Tue Jan 23 2018,7927
Wed Jan 24 2018,7908
Thu Jan 25 2018,7891
Fri Jan 26 2018,7890
Sat Jan 27 2018,7890
Sun Jan 28 2018,7889
Mon Jan 29 2018,7889
Tue Jan 30 2018,7889
Wed Jan 31 2018,7887
Thu Feb 01 2018,7889
Fri Feb 02 2018,7869
Sat Feb 03 2018,7855
Sun Feb 04 2018,7856
Mon Feb 05 2018,7854
Tue Feb 06 2018,7864
Wed Feb 07 2018,7855
Thu Feb 08 2018,7794
Fri Feb 09 2018,7791
Sat Feb 10 2018,7787
Sun Feb 11 2018,7787
Mon Feb 12 2018,7790
Tue Feb 13 2018,7791
Wed Feb 14 2018,7793
Thu Feb 15 2018,7793
Fri Feb 16 2018,7790
Sat Feb 17 2018,7782
Sun Feb 18 2018,7793
Mon Feb 19 2018,7790
Tue Feb 20 2018,7787
Wed Feb 21 2018,7788
Thu Feb 22 2018,7786
Fri Feb 23 2018,7786
Sat Feb 24 2018,7799
Sun Feb 25 2018,7793
Mon Feb 26 2018,7793
Tue Feb 27 2018,7793
Wed Feb 28 2018,7781
Thu Mar 01 2018,7760
Fri Mar 02 2018,7763
Sat Mar 03 2018,7760
Sun Mar 04 2018,7760
Mon Mar 05 2018,7757
Tue Mar 06 2018,7759
Wed Mar 07 2018,7760
Thu Mar 08 2018,7754
Fri Mar 09 2018,7770
Sat Mar 10 2018,7772
Sun Mar 11 2018,7772
Mon Mar 12 2018,7774
Tue Mar 13 2018,7774
Wed Mar 14 2018,7829
Thu Mar 15 2018,7829
Fri Mar 16 2018,7825
Sat Mar 17 2018,7846
Sun Mar 18 2018,7827
Mon Mar 19 2018,7812
Tue Mar 20 2018,7812
Wed Mar 21 2018,7812
Thu Mar 22 2018,7786
Fri Mar 23 2018,7789
Sat Mar 24 2018,7789
Sun Mar 25 2018,7788
Mon Mar 26 2018,7827
Tue Mar 27 2018,7828
Wed Mar 28 2018,7789
Thu Mar 29 2018,7783
Fri Mar 30 2018,7783
Sat Mar 31 2018,7784
Sun Apr 01 2018,7812
Mon Apr 02 2018,7840
Tue Apr 03 2018,7848
Wed Apr 04 2018,7849
Thu Apr 05 2018,7849
Fri Apr 06 2018,7842
Sat Apr 07 2018,7847
Sun Apr 08 2018,7847
Mon Apr 09 2018,7846
Tue Apr 10 2018,7842
Wed Apr 11 2018,7771
Thu Apr 12 2018,7784
Fri Apr 13 2018,7783
Sat Apr 14 2018,7855
Sun Apr 15 2018,7855
Mon Apr 16 2018,7856
Tue Apr 17 2018,7856
Wed Apr 18 2018,7856
Thu Apr 19 2018,7856
Fri Apr 20 2018,7865
Sat Apr 21 2018,7865
Sun Apr 22 2018,7772
Mon Apr 23 2018,7772
Tue Apr 24 2018,7772
Wed Apr 25 2018,7766
Thu Apr 26 2018,7766
Fri Apr 27 2018,7761
Sat Apr 28 2018,7875
Sun Apr 29 2018,7874
Mon Apr 30 2018,7874
Tue May 01 2018,7871
Wed May 02 2018,7871
Thu May 03 2018,7870
Fri May 04 2018,7894
Sat May 05 2018,7894
Sun May 06 2018,7895
Mon May 07 2018,7893
Tue May 08 2018,7892
Wed May 09 2018,7893
Thu May 10 2018,7894
Fri May 11 2018,7898
Sat May 12 2018,7903
Sun May 13 2018,7899
Mon May 14 2018,7899
Tue May 15 2018,7900
Wed May 16 2018,7993
Thu May 17 2018,7998
Fri May 18 2018,7998
Sat May 19 2018,7993
Sun May 20 2018,7999
Mon May 21 2018,8001
Tue May 22 2018,7988
Wed May 23 2018,8015
Thu May 24 2018,8048
Fri May 25 2018,8073
Sat May 26 2018,8074
Sun May 27 2018,8078
Mon May 28 2018,8078
Tue May 29 2018,8082
Wed May 30 2018,8108
Thu May 31 2018,8176
Fri Jun 01 2018,8118
Sat Jun 02 2018,8134
Sun Jun 03 2018,8123
Mon Jun 04 2018,8154
Tue Jun 05 2018,8054
Wed Jun 06 2018,8054
Thu Jun 07 2018,8055
Fri Jun 08 2018,8056
Sat Jun 09 2018,8064
Sun Jun 10 2018,8065
Mon Jun 11 2018,8065
Tue Jun 12 2018,8071
Wed Jun 13 2018,8073
Thu Jun 14 2018,8073
Fri Jun 15 2018,8090
Sat Jun 16 2018,8095
Sun Jun 17 2018,8031
Mon Jun 18 2018,8030
Tue Jun 19 2018,8030
Wed Jun 20 2018,8020
Thu Jun 21 2018,8010
Fri Jun 22 2018,8021
Sat Jun 23 2018,8123
Sun Jun 24 2018,8123
Mon Jun 25 2018,8115
Tue Jun 26 2018,8116
Wed Jun 27 2018,8132
Thu Jun 28 2018,8133
Fri Jun 29 2018,8141
Sat Jun 30 2018,8132
Sun Jul 01 2018,8136
Mon Jul 02 2018,8136
Tue Jul 03 2018,8135
Wed Jul 04 2018,8132
Thu Jul 05 2018,8131
Fri Jul 06 2018,8139
Sat Jul 07 2018,8137
Sun Jul 08 2018,8136
Mon Jul 09 2018,8136
Tue Jul 10 2018,8140
Wed Jul 11 2018,8146
Thu Jul 12 2018,8146
Fri Jul 13 2018,8148
Sat Jul 14 2018,8148
Sun Jul 15 2018,8148
Mon Jul 16 2018,8149
Tue Jul 17 2018,8144
Wed Jul 18 2018,8136
Thu Jul 19 2018,8146
Fri Jul 20 2018,8134
Sat Jul 21 2018,8164
Sun Jul 22 2018,8162
Mon Jul 23 2018,8160
Tue Jul 24 2018,8157
Wed Jul 25 2018,8155
Thu Jul 26 2018,8167
Fri Jul 27 2018,8172
Sat Jul 28 2018,8184
Sun Jul 29 2018,8186
Mon Jul 30 2018,8186
Tue Jul 31 2018,8107
Wed Aug 01 2018,8108
Thu Aug 02 2018,8107
Fri Aug 03 2018,8107
Sat Aug 04 2018,8107
Sun Aug 05 2018,8107
Mon Aug 06 2018,8139
Tue Aug 07 2018,8140
Wed Aug 08 2018,8160
Thu Aug 09 2018,8163
Fri Aug 10 2018,8164
Sat Aug 11 2018,8164
Sun Aug 12 2018,8198
Mon Aug 13 2018,8191
Tue Aug 14 2018,8206
Wed Aug 15 2018,8206
Thu Aug 16 2018,8234
Fri Aug 17 2018,8241
Sat Aug 18 2018,8209
Sun Aug 19 2018,8210
Mon Aug 20 2018,8210
Tue Aug 21 2018,8208
Wed Aug 22 2018,8230
Thu Aug 23 2018,8219
Fri Aug 24 2018,8221
Sat Aug 25 2018,8221
Sun Aug 26 2018,8219
Mon Aug 27 2018,8218
Tue Aug 28 2018,8221
Wed Aug 29 2018,8207
Thu Aug 30 2018,8206
Fri Aug 31 2018,8221
Sat Sep 01 2018,8221
Sun Sep 02 2018,8214
Mon Sep 03 2018,8219
Tue Sep 04 2018,8218
Wed Sep 05 2018,8215
Thu Sep 06 2018,8226
Fri Sep 07 2018,8213
Sat Sep 08 2018,8228
Sun Sep 09 2018,8228
Mon Sep 10 2018,8253
Tue Sep 11 2018,8254
Wed Sep 12 2018,8253
Thu Sep 13 2018,8253
Fri Sep 14 2018,8254
Sat Sep 15 2018,8255
Sun Sep 16 2018,8255
Mon Sep 17 2018,8249
Tue Sep 18 2018,8295
Wed Sep 19 2018,8293
Thu Sep 20 2018,8292
Fri Sep 21 2018,8293
Sat Sep 22 2018,8261
Sun Sep 23 2018,8258
Mon Sep 24 2018,8256
Tue Sep 25 2018,8305
Wed Sep 26 2018,8315
Thu Sep 27 2018,8315
Fri Sep 28 2018,8315
Sat Sep 29 2018,8315
Sun Sep 30 2018,8320
Mon Oct 01 2018,8199
Tue Oct 02 2018,8254
Wed Oct 03 2018,8253
Thu Oct 04 2018,8254
Fri Oct 05 2018,8254
Sat Oct 06 2018,8242
Sun Oct 07 2018,8286
Mon Oct 08 2018,8287
Tue Oct 09 2018,8329
Wed Oct 10 2018,8306
Thu Oct 11 2018,8305
Fri Oct 12 2018,8305
Sat Oct 13 2018,8305
Sun Oct 14 2018,8304
Mon Oct 15 2018,8296
Tue Oct 16 2018,8296
Wed Oct 17 2018,8296
Thu Oct 18 2018,8294
Fri Oct 19 2018,8287
Sat Oct 20 2018,8289
Sun Oct 21 2018,8261
Mon Oct 22 2018,8201
Tue Oct 23 2018,8180
Wed Oct 24 2018,8197
Thu Oct 25 2018,8201
Fri Oct 26 2018,8167
Sat Oct 27 2018,8167
Sun Oct 28 2018,8167
Mon Oct 29 2018,8155
Tue Oct 30 2018,8155
Wed Oct 31 2018,8155
Thu Nov 01 2018,8154
Fri Nov 02 2018,8134
Sat Nov 03 2018,8132
Sun Nov 04 2018,8136
Mon Nov 05 2018,8095
Tue Nov 06 2018,8095
Wed Nov 07 2018,8135
Thu Nov 08 2018,8147
Fri Nov 09 2018,8147
Sat Nov 10 2018,8156
Sun Nov 11 2018,8161
Mon Nov 12 2018,8161
Tue Nov 13 2018,8172
Wed Nov 14 2018,8203
Thu Nov 15 2018,8227
Fri Nov 16 2018,8226
Sat Nov 17 2018,8206
Sun Nov 18 2018,8206
Mon Nov 19 2018,8242
Tue Nov 20 2018,8158
Wed Nov 21 2018,8158
Thu Nov 22 2018,8177
Fri Nov 23 2018,8190
Sat Nov 24 2018,8190
Sun Nov 25 2018,8187
Mon Nov 26 2018,8199
Tue Nov 27 2018,8198
Wed Nov 28 2018,8187
Thu Nov 29 2018,8167
Fri Nov 30 2018,8159
Sat Dec 01 2018,8159
Sun Dec 02 2018,8165
Mon Dec 03 2018,8165
Tue Dec 04 2018,8165
Wed Dec 05 2018,8165
Thu Dec 06 2018,8164
Fri Dec 07 2018,8164
Sat Dec 08 2018,8164
Sun Dec 09 2018,8164
Mon Dec 10 2018,8161
Tue Dec 11 2018,8161
Wed Dec 12 2018,8190
Thu Dec 13 2018,8196
Fri Dec 14 2018,8196
Sat Dec 15 2018,8252
Sun Dec 16 2018,8238
Mon Dec 17 2018,8194
Tue Dec 18 2018,8196
Wed Dec 19 2018,8189
Thu Dec 20 2018,8190
Fri Dec 21 2018,8190
Sat Dec 22 2018,8191
Sun Dec 23 2018,8193
Mon Dec 24 2018,8193
Tue Dec 25 2018,8193
Wed Dec 26 2018,8178
Thu Dec 27 2018,8178
Fri Dec 28 2018,8178
Sat Dec 29 2018,8166
Sun Dec 30 2018,8170
Mon Dec 31 2018,8170
Tue Jan 01 2019,8170
Wed Jan 02 2019,8231
Thu Jan 03 2019,8232
Fri Jan 04 2019,8232
Sat Jan 05 2019,8235
Sun Jan 06 2019,8235
Mon Jan 07 2019,8271
Tue Jan 08 2019,8308
Wed Jan 09 2019,8308
Thu Jan 10 2019,8309
Fri Jan 11 2019,8310
Sat Jan 12 2019,8315
Sun Jan 13 2019,8319
Mon Jan 14 2019,8315
Tue Jan 15 2019,8322
Wed Jan 16 2019,8327
Thu Jan 17 2019,8326
Fri Jan 18 2019,8348
Sat Jan 19 2019,8349
Sun Jan 20 2019,8351
Mon Jan 21 2019,8374
Tue Jan 22 2019,8377
Wed Jan 23 2019,8390
Thu Jan 24 2019,8385
Fri Jan 25 2019,8384
Sat Jan 26 2019,8404
Sun Jan 27 2019,8410
Mon Jan 28 2019,8405
Tue Jan 29 2019,8415
Wed Jan 30 2019,8372
Thu Jan 31 2019,8404
Fri Feb 01 2019,8403
Sat Feb 02 2019,8386
Sun Feb 03 2019,8385
Mon Feb 04 2019,8385
Tue Feb 05 2019,8385
Wed Feb 06 2019,8400
Thu Feb 07 2019,8399
Fri Feb 08 2019,8357
Sat Feb 09 2019,8357
Sun Feb 10 2019,8359
Mon Feb 11 2019,8359
Tue Feb 12 2019,8356
Wed Feb 13 2019,8358
Thu Feb 14 2019,8359
Fri Feb 15 2019,8361
Sat Feb 16 2019,8360
Sun Feb 17 2019,8361
Mon Feb 18 2019,8365
Tue Feb 19 2019,8370
Wed Feb 20 2019,8346
Thu Feb 21 2019,8335
Fri Feb 22 2019,8338
Sat Feb 23 2019,8335
Sun Feb 24 2019,8331
Mon Feb 25 2019,8322
Tue Feb 26 2019,8302
Wed Feb 27 2019,8355
Thu Feb 28 2019,8369
Fri Mar 01 2019,8349
Sat Mar 02 2019,8349
Sun Mar 03 2019,8393
Mon Mar 04 2019,8373
Tue Mar 05 2019,8375
Wed Mar 06 2019,8340
Thu Mar 07 2019,8339
Fri Mar 08 2019,8398
Sat Mar 09 2019,8391
Sun Mar 10 2019,8386
Mon Mar 11 2019,8399
Tue Mar 12 2019,8405
Wed Mar 13 2019,8418
Thu Mar 14 2019,8400
Fri Mar 15 2019,8375
Sat Mar 16 2019,8374
Sun Mar 17 2019,8367
Mon Mar 18 2019,8321
Tue Mar 19 2019,8445
Wed Mar 20 2019,8450
Thu Mar 21 2019,8455
Fri Mar 22 2019,8413
Sat Mar 23 2019,8426
Sun Mar 24 2019,8390
Mon Mar 25 2019,8394
Tue Mar 26 2019,8399
Wed Mar 27 2019,8420
Thu Mar 28 2019,8327
Fri Mar 29 2019,8311
Sat Mar 30 2019,8455
Sun Mar 31 2019,8344
Mon Apr 01 2019,8350
Tue Apr 02 2019,8323
Wed Apr 03 2019,8338
Thu Apr 04 2019,8349
Fri Apr 05 2019,8355
Sat Apr 06 2019,8321
Sun Apr 07 2019,8319
Mon Apr 08 2019,8323
Tue Apr 09 2019,8328
Wed Apr 10 2019,8281
Thu Apr 11 2019,8244
Fri Apr 12 2019,8254
Sat Apr 13 2019,8237
Sun Apr 14 2019,8236
Mon Apr 15 2019,8156
Tue Apr 16 2019,8161
Wed Apr 17 2019,8171
Thu Apr 18 2019,8177
Fri Apr 19 2019,8177
Sat Apr 20 2019,8171
Sun Apr 21 2019,8145
Mon Apr 22 2019,8185
Tue Apr 23 2019,8174
Wed Apr 24 2019,8186
Thu Apr 25 2019,8184
Fri Apr 26 2019,8179
Sat Apr 27 2019,8207
Sun Apr 28 2019,8225
Mon Apr 29 2019,8202
Tue Apr 30 2019,8207
Wed May 01 2019,8202
Thu May 02 2019,8208
Fri May 03 2019,8207
Sat May 04 2019,8202
Sun May 05 2019,8190
Mon May 06 2019,8188
Tue May 07 2019,8174
Wed May 08 2019,8180
Thu May 09 2019,8168
Fri May 10 2019,8167
Sat May 11 2019,8193
Sun May 12 2019,8196
Mon May 13 2019,8216
Tue May 14 2019,8202
Wed May 15 2019,8189
Thu May 16 2019,8201
Fri May 17 2019,8167
Sat May 18 2019,8144
Sun May 19 2019,8143
Mon May 20 2019,8190
Tue May 21 2019,8171
Wed May 22 2019,8140
Thu May 23 2019,8145
Fri May 24 2019,8124
Sat May 25 2019,8124
Sun May 26 2019,8122
Mon May 27 2019,8121
Tue May 28 2019,8095
Wed May 29 2019,8074
Thu May 30 2019,8064
Fri May 31 2019,8063
Sat Jun 01 2019,8056
Sun Jun 02 2019,8058
Mon Jun 03 2019,8071
Tue Jun 04 2019,8025
Wed Jun 05 2019,8076
Thu Jun 06 2019,8028
Fri Jun 07 2019,8028
Sat Jun 08 2019,8031
Sun Jun 09 2019,8034
Mon Jun 10 2019,8041
Tue Jun 11 2019,8082
Wed Jun 12 2019,8092
Thu Jun 13 2019,8090
Fri Jun 14 2019,8101
Sat Jun 15 2019,8122
Sun Jun 16 2019,8130
Mon Jun 17 2019,8127
Tue Jun 18 2019,8130
Wed Jun 19 2019,8133
Thu Jun 20 2019,8082
Fri Jun 21 2019,8073
Sat Jun 22 2019,8060
Sun Jun 23 2019,8070
Mon Jun 24 2019,8101
Tue Jun 25 2019,8086
Wed Jun 26 2019,8081
Thu Jun 27 2019,8096
Fri Jun 28 2019,8080
Sat Jun 29 2019,8081
Sun Jun 30 2019,8054
Mon Jul 01 2019,8049
Tue Jul 02 2019,8024
Wed Jul 03 2019,8038
Thu Jul 04 2019,8022
Fri Jul 05 2019,8020
Sat Jul 06 2019,8031
Sun Jul 07 2019,8033
Mon Jul 08 2019,8005
Tue Jul 09 2019,8021
Wed Jul 10 2019,8030
Thu Jul 11 2019,8030
Fri Jul 12 2019,8043
Sat Jul 13 2019,8071
Sun Jul 14 2019,8076
Mon Jul 15 2019,8091
Tue Jul 16 2019,8089
Wed Jul 17 2019,8058
Thu Jul 18 2019,8052
Fri Jul 19 2019,8046
Sat Jul 20 2019,8056
Sun Jul 21 2019,8052
Mon Jul 22 2019,8056
Tue Jul 23 2019,8087
Wed Jul 24 2019,8109
Thu Jul 25 2019,8158
Fri Jul 26 2019,8231
Sat Jul 27 2019,8188
Sun Jul 28 2019,8222
Mon Jul 29 2019,8220
Tue Jul 30 2019,8218
Wed Jul 31 2019,8231
Thu Aug 01 2019,8212
Fri Aug 02 2019,8198
Sat Aug 03 2019,8154
Sun Aug 04 2019,8147
Mon Aug 05 2019,8142
Tue Aug 06 2019,8133
Wed Aug 07 2019,8093
Thu Aug 08 2019,8096
Fri Aug 09 2019,8141
Sat Aug 10 2019,8157
Sun Aug 11 2019,8159
Mon Aug 12 2019,8125
Tue Aug 13 2019,8130
Wed Aug 14 2019,8122
Thu Aug 15 2019,8093
Fri Aug 16 2019,8086
Sat Aug 17 2019,8077
Sun Aug 18 2019,8074
Mon Aug 19 2019,8103
Tue Aug 20 2019,8085
Wed Aug 21 2019,8087
Thu Aug 22 2019,8075
Fri Aug 23 2019,8066
Sat Aug 24 2019,8054
Sun Aug 25 2019,8047
Mon Aug 26 2019,8039
Tue Aug 27 2019,8053
Wed Aug 28 2019,8047
Thu Aug 29 2019,8072
Fri Aug 30 2019,8053
Sat Aug 31 2019,8057
Sun Sep 01 2019,8058
Mon Sep 02 2019,8040
Tue Sep 03 2019,8047
Wed Sep 04 2019,8045
Thu Sep 05 2019,8044
Fri Sep 06 2019,8057
Sat Sep 07 2019,8037
Sun Sep 08 2019,8011
Mon Sep 09 2019,7964
Tue Sep 10 2019,7952
Wed Sep 11 2019,7959
Thu Sep 12 2019,7945
Fri Sep 13 2019,7960
Sat Sep 14 2019,7973
Sun Sep 15 2019,7988
Mon Sep 16 2019,7954
Tue Sep 17 2019,7982
Wed Sep 18 2019,7979
Thu Sep 19 2019,7980
Fri Sep 20 2019,7948
Sat Sep 21 2019,7936
Sun Sep 22 2019,7901
Mon Sep 23 2019,7915
Tue Sep 24 2019,7940
Wed Sep 25 2019,7948
Thu Sep 26 2019,7939
Fri Sep 27 2019,7939
Sat Sep 28 2019,7937
Sun Sep 29 2019,7935
Mon Sep 30 2019,7923
Tue Oct 01 2019,7893
Wed Oct 02 2019,7949
Thu Oct 03 2019,7969
Fri Oct 04 2019,7914
Sat Oct 05 2019,7902
Sun Oct 06 2019,7906
Mon Oct 07 2019,7902
Tue Oct 08 2019,7893
Wed Oct 09 2019,7923
Thu Oct 10 2019,7923
Fri Oct 11 2019,7926
Sat Oct 12 2019,7936
Sun Oct 13 2019,7914
Mon Oct 14 2019,7924
Tue Oct 15 2019,7930
Wed Oct 16 2019,7931
Thu Oct 17 2019,7913
Fri Oct 18 2019,7905
Sat Oct 19 2019,7899
Sun Oct 20 2019,7903
Mon Oct 21 2019,7907
Tue Oct 22 2019,7898
Wed Oct 23 2019,7899
Thu Oct 24 2019,7951
Fri Oct 25 2019,7939
Sat Oct 26 2019,7935
Sun Oct 27 2019,7954
Mon Oct 28 2019,7911
Tue Oct 29 2019,7943
Wed Oct 30 2019,7931
Thu Oct 31 2019,7977
Fri Nov 01 2019,7974
Sat Nov 02 2019,7978
Sun Nov 03 2019,7978
Mon Nov 04 2019,8013
Tue Nov 05 2019,7964
Wed Nov 06 2019,7886
Thu Nov 07 2019,7856
Fri Nov 08 2019,7852
Sat Nov 09 2019,7857
Sun Nov 10 2019,7826
Mon Nov 11 2019,7948
Tue Nov 12 2019,7870
Wed Nov 13 2019,7843
Thu Nov 14 2019,7872
Fri Nov 15 2019,7870
Sat Nov 16 2019,7868
Sun Nov 17 2019,7858
Mon Nov 18 2019,7851
Tue Nov 19 2019,7849
Wed Nov 20 2019,7822
Thu Nov 21 2019,8003
Fri Nov 22 2019,8010
Sat Nov 23 2019,8016
Sun Nov 24 2019,7886
Mon Nov 25 2019,7829
Tue Nov 26 2019,7826
Wed Nov 27 2019,7885
Thu Nov 28 2019,7882
Fri Nov 29 2019,8016
Sat Nov 30 2019,7962
Sun Dec 01 2019,7939
Mon Dec 02 2019,7945
Tue Dec 03 2019,7969
Wed Dec 04 2019,7985
Thu Dec 05 2019,7890
Fri Dec 06 2019,7970
Sat Dec 07 2019,7980
Sun Dec 08 2019,7961
Mon Dec 09 2019,7890
Tue Dec 10 2019,7757
Wed Dec 11 2019,7761
Thu Dec 12 2019,7767
Fri Dec 13 2019,7757
Sat Dec 14 2019,7754
Sun Dec 15 2019,7752
Mon Dec 16 2019,7764
Tue Dec 17 2019,7766
Wed Dec 18 2019,7762
Thu Dec 19 2019,7773
Fri Dec 20 2019,7773
Sat Dec 21 2019,7766
Sun Dec 22 2019,7804
Mon Dec 23 2019,7820
Tue Dec 24 2019,7825
Wed Dec 25 2019,7820
Thu Dec 26 2019,7811
Fri Dec 27 2019,7810
Sat Dec 28 2019,7791
Sun Dec 29 2019,7807
Mon Dec 30 2019,7812
Tue Dec 31 2019,7829
Wed Jan 01 2020,7829
Thu Jan 02 2020,7827
Fri Jan 03 2020,7790
Sat Jan 04 2020,7837
Sun Jan 05 2020,7825
Mon Jan 06 2020,7850
Tue Jan 07 2020,7839
Wed Jan 08 2020,7884
Thu Jan 09 2020,7884
Fri Jan 10 2020,7882
Sat Jan 11 2020,7880
Sun Jan 12 2020,7896
Mon Jan 13 2020,7912
Tue Jan 14 2020,7901
Wed Jan 15 2020,7890
Thu Jan 16 2020,7855
Fri Jan 17 2020,7858
Sat Jan 18 2020,7865
Sun Jan 19 2020,7868
Mon Jan 20 2020,7952
Tue Jan 21 2020,7926
Wed Jan 22 2020,7904
Thu Jan 23 2020,7889
Fri Jan 24 2020,7924
Sat Jan 25 2020,7919
Sun Jan 26 2020,7938
Mon Jan 27 2020,7956
Tue Jan 28 2020,7956
Wed Jan 29 2020,7948
Thu Jan 30 2020,8001
Fri Jan 31 2020,8017
Sat Feb 01 2020,8024
Sun Feb 02 2020,8035
Mon Feb 03 2020,8032
Tue Feb 04 2020,8029
Wed Feb 05 2020,8021
Thu Feb 06 2020,8011
Fri Feb 07 2020,8012
Sat Feb 08 2020,8013
Sun Feb 09 2020,8029
Mon Feb 10 2020,8021
Tue Feb 11 2020,7990
Wed Feb 12 2020,8014
Thu Feb 13 2020,7996
Fri Feb 14 2020,7999
Sat Feb 15 2020,7989
Sun Feb 16 2020,7962
Mon Feb 17 2020,7956
Tue Feb 18 2020,8033
Wed Feb 19 2020,8026
Thu Feb 20 2020,8071
Fri Feb 21 2020,8054
Sat Feb 22 2020,8037
Sun Feb 23 2020,8022
Mon Feb 24 2020,7974
Tue Feb 25 2020,8072
Wed Feb 26 2020,8123
Thu Feb 27 2020,8104
Fri Feb 28 2020,8092
Sat Feb 29 2020,8017
Sun Mar 01 2020,8006
Mon Mar 02 2020,8041
Tue Mar 03 2020,8024
Wed Mar 04 2020,8031
Thu Mar 05 2020,8103
Fri Mar 06 2020,8085
Sat Mar 07 2020,7985
Sun Mar 08 2020,8072
Mon Mar 09 2020,8081
Tue Mar 10 2020,8112
Wed Mar 11 2020,8123
Thu Mar 12 2020,8116
Fri Mar 13 2020,8104
Sat Mar 14 2020,8027
Sun Mar 15 2020,7990
Mon Mar 16 2020,8094
Tue Mar 17 2020,7986
Wed Mar 18 2020,7989
Thu Mar 19 2020,7986
Fri Mar 20 2020,8011
Sat Mar 21 2020,8031
Sun Mar 22 2020,8031
Mon Mar 23 2020,8023
Tue Mar 24 2020,8009
Wed Mar 25 2020,7993
Thu Mar 26 2020,7974
Fri Mar 27 2020,7963
Sat Mar 28 2020,7988
Sun Mar 29 2020,7959
Mon Mar 30 2020,7964
Tue Mar 31 2020,7958
Wed Apr 01 2020,7905
Thu Apr 02 2020,7902
Fri Apr 03 2020,7942
Sat Apr 04 2020,7950
Sun Apr 05 2020,7942
Mon Apr 06 2020,7923
Tue Apr 07 2020,7925
Wed Apr 08 2020,7922
Thu Apr 09 2020,7865
Fri Apr 10 2020,7846
Sat Apr 11 2020,7829
Sun Apr 12 2020,7831
Mon Apr 13 2020,7827
Tue Apr 14 2020,7827
Wed Apr 15 2020,7823
Thu Apr 16 2020,7819
Fri Apr 17 2020,7796
Sat Apr 18 2020,7818
Sun Apr 19 2020,7823
Mon Apr 20 2020,7823
Tue Apr 21 2020,7838
Wed Apr 22 2020,7836
Thu Apr 23 2020,7854
Fri Apr 24 2020,7841
Sat Apr 25 2020,7836
Sun Apr 26 2020,7826
Mon Apr 27 2020,7830
Tue Apr 28 2020,7824
Wed Apr 29 2020,7837
Thu Apr 30 2020,7843
Fri May 01 2020,7875
Sat May 02 2020,7903
Sun May 03 2020,7875
Mon May 04 2020,7889
Tue May 05 2020,7891
Wed May 06 2020,7918
Thu May 07 2020,7966
Fri May 08 2020,7963
Sat May 09 2020,8008
Sun May 10 2020,8000
Mon May 11 2020,7986
Tue May 12 2020,8025
Wed May 13 2020,8087
Thu May 14 2020,8059
Fri May 15 2020,8073
Sat May 16 2020,8103
Sun May 17 2020,8109
Mon May 18 2020,8117
Tue May 19 2020,8133
Wed May 20 2020,8146
Thu May 21 2020,8152
Fri May 22 2020,8132
Sat May 23 2020,8118
Sun May 24 2020,8152
Mon May 25 2020,8170
Tue May 26 2020,8189
Wed May 27 2020,8210
Thu May 28 2020,8191
Fri May 29 2020,8173
Sat May 30 2020,8148
Sun May 31 2020,8161
Mon Jun 01 2020,8167
Tue Jun 02 2020,8146
Wed Jun 03 2020,8203
Thu Jun 04 2020,8201
Fri Jun 05 2020,8222
Sat Jun 06 2020,8225
Sun Jun 07 2020,8247
Mon Jun 08 2020,8244
Tue Jun 09 2020,8227
Wed Jun 10 2020,8229
Thu Jun 11 2020,8228
Fri Jun 12 2020,8226
Sat Jun 13 2020,8228
Sun Jun 14 2020,8230
Mon Jun 15 2020,8241
Tue Jun 16 2020,8239
Wed Jun 17 2020,8217
Thu Jun 18 2020,8186
Fri Jun 19 2020,8184
Sat Jun 20 2020,8180
Sun Jun 21 2020,8180
Mon Jun 22 2020,8170
Tue Jun 23 2020,8187
Wed Jun 24 2020,8204
Thu Jun 25 2020,8204
Fri Jun 26 2020,8195
Sat Jun 27 2020,8204
Sun Jun 28 2020,8175
Mon Jun 29 2020,8187
Tue Jun 30 2020,8191
Wed Jul 01 2020,8154
Thu Jul 02 2020,8155
Fri Jul 03 2020,8159
Sat Jul 04 2020,8137
Sun Jul 05 2020,8146
Mon Jul 06 2020,8164
Tue Jul 07 2020,8172
Wed Jul 08 2020,8173
Thu Jul 09 2020,8191
Fri Jul 10 2020,8194
Sat Jul 11 2020,8190
Sun Jul 12 2020,8204
Mon Jul 13 2020,8228
Tue Jul 14 2020,8239
Wed Jul 15 2020,8195
Thu Jul 16 2020,8200
Fri Jul 17 2020,8198
Sat Jul 18 2020,8209
Sun Jul 19 2020,8211
Mon Jul 20 2020,8187
Tue Jul 21 2020,8190
Wed Jul 22 2020,8201
Thu Jul 23 2020,8220
Fri Jul 24 2020,8223
Sat Jul 25 2020,8214
Sun Jul 26 2020,8222
Mon Jul 27 2020,8214
Tue Jul 28 2020,8224
Wed Jul 29 2020,8222
Thu Jul 30 2020,8240
Fri Jul 31 2020,8231
Sat Aug 01 2020,8220
Sun Aug 02 2020,8251
Mon Aug 03 2020,8253
Tue Aug 04 2020,8258
Wed Aug 05 2020,8259
Thu Aug 06 2020,8256
Fri Aug 07 2020,8256
Sat Aug 08 2020,8270
Sun Aug 09 2020,8270
Mon Aug 10 2020,8280
Tue Aug 11 2020,8284
Wed Aug 12 2020,8282
Thu Aug 13 2020,8274
Fri Aug 14 2020,8280
Sat Aug 15 2020,8274
Sun Aug 16 2020,8259
Mon Aug 17 2020,8236
Tue Aug 18 2020,8226
Wed Aug 19 2020,8240
Thu Aug 20 2020,8253
Fri Aug 21 2020,8257
Sat Aug 22 2020,8262
Sun Aug 23 2020,8362
Mon Aug 24 2020,8363
Tue Aug 25 2020,8360
Wed Aug 26 2020,8393
Thu Aug 27 2020,8322
Fri Aug 28 2020,8357
Sat Aug 29 2020,8364
Sun Aug 30 2020,8357
Mon Aug 31 2020,8320
Tue Sep 01 2020,8337
Wed Sep 02 2020,8314
Thu Sep 03 2020,8256
Fri Sep 04 2020,8276
Sat Sep 05 2020,8255
Sun Sep 06 2020,8250
Mon Sep 07 2020,8300
Tue Sep 08 2020,8282
Wed Sep 09 2020,8263
Thu Sep 10 2020,8284
Fri Sep 11 2020,8269
Sat Sep 12 2020,8274
Sun Sep 13 2020,8274
Mon Sep 14 2020,8298
Tue Sep 15 2020,8332
Wed Sep 16 2020,8337
Thu Sep 17 2020,8339
Fri Sep 18 2020,8349
Sat Sep 19 2020,8378
Sun Sep 20 2020,8393
Mon Sep 21 2020,8403
Tue Sep 22 2020,8408
Wed Sep 23 2020,8415
Thu Sep 24 2020,8428
Fri Sep 25 2020,8429
Sat Sep 26 2020,8414
Sun Sep 27 2020,8424
Mon Sep 28 2020,8503
Tue Sep 29 2020,8503
Wed Sep 30 2020,8467
Thu Oct 01 2020,8445
Fri Oct 02 2020,8460
Sat Oct 03 2020,8497
Sun Oct 04 2020,8572
Mon Oct 05 2020,8537
Tue Oct 06 2020,8534
Wed Oct 07 2020,8527
Thu Oct 08 2020,8542
Fri Oct 09 2020,8644
Sat Oct 10 2020,8642
Sun Oct 11 2020,8680
Mon Oct 12 2020,8670
Tue Oct 13 2020,8677
Wed Oct 14 2020,8615
Thu Oct 15 2020,8614
Fri Oct 16 2020,8675
Sat Oct 17 2020,8704
Sun Oct 18 2020,8713
Mon Oct 19 2020,8709
Tue Oct 20 2020,8648
Wed Oct 21 2020,8654
Thu Oct 22 2020,8674
Fri Oct 23 2020,8752
Sat Oct 24 2020,8665
Sun Oct 25 2020,8675
Mon Oct 26 2020,8631
Tue Oct 27 2020,8602
Wed Oct 28 2020,8609
Thu Oct 29 2020,8620
Fri Oct 30 2020,8619
Sat Oct 31 2020,8614
Sun Nov 01 2020,8624
Mon Nov 02 2020,8609
Tue Nov 03 2020,8634
Wed Nov 04 2020,8647
Thu Nov 05 2020,8655
Fri Nov 06 2020,8651
Sat Nov 07 2020,8662
Sun Nov 08 2020,8649
Mon Nov 09 2020,8607
Tue Nov 10 2020,8622
Wed Nov 11 2020,8611
Thu Nov 12 2020,8585
Fri Nov 13 2020,8615
Sat Nov 14 2020,8615
Sun Nov 15 2020,8643
Mon Nov 16 2020,8640
Tue Nov 17 2020,8653
Wed Nov 18 2020,8688
Thu Nov 19 2020,8675
Fri Nov 20 2020,8683
Sat Nov 21 2020,8684
Sun Nov 22 2020,8690
Mon Nov 23 2020,8716
Tue Nov 24 2020,8695
Wed Nov 25 2020,8700
Thu Nov 26 2020,8720
Fri Nov 27 2020,8769
Sat Nov 28 2020,8779
Sun Nov 29 2020,8791
Mon Nov 30 2020,8807
Tue Dec 01 2020,8785
Wed Dec 02 2020,8837
Thu Dec 03 2020,8820
Fri Dec 04 2020,8829
Sat Dec 05 2020,8831
Sun Dec 06 2020,8822
Mon Dec 07 2020,8823
Tue Dec 08 2020,8822
Wed Dec 09 2020,8789
Thu Dec 10 2020,8799
Fri Dec 11 2020,8775
Sat Dec 12 2020,8779
Sun Dec 13 2020,8776
Mon Dec 14 2020,8808
Tue Dec 15 2020,8819
Wed Dec 16 2020,8847
Thu Dec 17 2020,8861
Fri Dec 18 2020,8858
Sat Dec 19 2020,8880
Sun Dec 20 2020,8891
Mon Dec 21 2020,8903
Tue Dec 22 2020,8901
Wed Dec 23 2020,8901
Thu Dec 24 2020,8913
Fri Dec 25 2020,8910
Sat Dec 26 2020,8937
Sun Dec 27 2020,8939
Mon Dec 28 2020,8960
Tue Dec 29 2020,8969
Wed Dec 30 2020,9009
Thu Dec 31 2020,9006
Fri Jan 01 2021,9006
Sat Jan 02 2021,9003
Sun Jan 03 2021,8989
Mon Jan 04 2021,9028
Tue Jan 05 2021,9033
Wed Jan 06 2021,9036
Thu Jan 07 2021,9038
Fri Jan 08 2021,9071
Sat Jan 09 2021,9089
Sun Jan 10 2021,9094
Mon Jan 11 2021,9106
Tue Jan 12 2021,9096
Wed Jan 13 2021,9099
Thu Jan 14 2021,9122
Fri Jan 15 2021,9107
Sat Jan 16 2021,9081
Sun Jan 17 2021,9102
Mon Jan 18 2021,9117
Tue Jan 19 2021,9115
Wed Jan 20 2021,9129
Thu Jan 21 2021,9144
Fri Jan 22 2021,9157
Sat Jan 23 2021,9167
Sun Jan 24 2021,9184
Mon Jan 25 2021,9237
Tue Jan 26 2021,9208
Wed Jan 27 2021,9216
Thu Jan 28 2021,9219
Fri Jan 29 2021,9233
Sat Jan 30 2021,9211
Sun Jan 31 2021,9210
Mon Feb 01 2021,9207
Tue Feb 02 2021,9203
Wed Feb 03 2021,9228
Thu Feb 04 2021,9230
Fri Feb 05 2021,9228
Sat Feb 06 2021,9215
Sun Feb 07 2021,9219
Mon Feb 08 2021,9208
Tue Feb 09 2021,9217
Wed Feb 10 2021,9197
Thu Feb 11 2021,9225
Fri Feb 12 2021,9238
Sat Feb 13 2021,9251
Sun Feb 14 2021,9265
Mon Feb 15 2021,9254
Tue Feb 16 2021,9282
Wed Feb 17 2021,9316
Thu Feb 18 2021,9340
Fri Feb 19 2021,9351
Sat Feb 20 2021,9344
Sun Feb 21 2021,9367
Mon Feb 22 2021,9361
Tue Feb 23 2021,9358
Wed Feb 24 2021,9358
Thu Feb 25 2021,9373
Fri Feb 26 2021,9377
Sat Feb 27 2021,9381
Sun Feb 28 2021,9371
Mon Mar 01 2021,9389
Tue Mar 02 2021,9401
Wed Mar 03 2021,9399
Thu Mar 04 2021,9413
Fri Mar 05 2021,9373
Sat Mar 06 2021,9381
Sun Mar 07 2021,9403
Mon Mar 08 2021,9387
Tue Mar 09 2021,9374
Wed Mar 10 2021,9366
Thu Mar 11 2021,9392
Fri Mar 12 2021,9375
Sat Mar 13 2021,9375
Sun Mar 14 2021,9350
Mon Mar 15 2021,9355
Tue Mar 16 2021,9353
Wed Mar 17 2021,9364
Thu Mar 18 2021,9371
Fri Mar 19 2021,9393
Sat Mar 20 2021,9391
Sun Mar 21 2021,9390
Mon Mar 22 2021,9452
Tue Mar 23 2021,9458
Wed Mar 24 2021,9467
Thu Mar 25 2021,9493
Fri Mar 26 2021,9511
Sat Mar 27 2021,9496
Sun Mar 28 2021,9422
Mon Mar 29 2021,9412
Tue Mar 30 2021,9433
Wed Mar 31 2021,9439
Thu Apr 01 2021,9440
Fri Apr 02 2021,9457
Sat Apr 03 2021,9440
Sun Apr 04 2021,9473
Mon Apr 05 2021,9471
Tue Apr 06 2021,9464
Wed Apr 07 2021,9470
Thu Apr 08 2021,9481
Fri Apr 09 2021,9495
Sat Apr 10 2021,9490
Sun Apr 11 2021,9488
Mon Apr 12 2021,9487
Tue Apr 13 2021,9465
Wed Apr 14 2021,9465
Thu Apr 15 2021,9462
Fri Apr 16 2021,9462
Sat Apr 17 2021,9470
Sun Apr 18 2021,9466
Mon Apr 19 2021,9462
Tue Apr 20 2021,9460
Wed Apr 21 2021,9447
Thu Apr 22 2021,9448
Fri Apr 23 2021,9465
Sat Apr 24 2021,9481
Sun Apr 25 2021,9460
Mon Apr 26 2021,9503
Tue Apr 27 2021,9479
Wed Apr 28 2021,9503
Thu Apr 29 2021,9512
Fri Apr 30 2021,9491
Sat May 01 2021,9493
Sun May 02 2021,9495
Mon May 03 2021,9495
Tue May 04 2021,9509
Wed May 05 2021,9498
Thu May 06 2021,9497
Fri May 07 2021,9513
Sat May 08 2021,9507
Sun May 09 2021,9492
Mon May 10 2021,9494
Tue May 11 2021,9494
Wed May 12 2021,9496
Thu May 13 2021,9501
Fri May 14 2021,9529
Sat May 15 2021,9510
Sun May 16 2021,9512
Mon May 17 2021,9501
Tue May 18 2021,9530
Wed May 19 2021,9546
Thu May 20 2021,9539
Fri May 21 2021,9563
Sat May 22 2021,9577
Sun May 23 2021,9582
Mon May 24 2021,9602
Tue May 25 2021,9586
Wed May 26 2021,9617
Thu May 27 2021,9616
Fri May 28 2021,9644
Sat May 29 2021,9612
Sun May 30 2021,9601
Mon May 31 2021,9590
Tue Jun 01 2021,9617
Wed Jun 02 2021,9635
Thu Jun 03 2021,9648
Fri Jun 04 2021,9668
Sat Jun 05 2021,9658
Sun Jun 06 2021,9657
Mon Jun 07 2021,9648
Tue Jun 08 2021,9649
Wed Jun 09 2021,9670
Thu Jun 10 2021,9703
Fri Jun 11 2021,9717
Sat Jun 12 2021,9695
Sun Jun 13 2021,9718
Mon Jun 14 2021,9754
Tue Jun 15 2021,9765
Wed Jun 16 2021,9749
Thu Jun 17 2021,9749
Fri Jun 18 2021,9757
Sat Jun 19 2021,9758
Sun Jun 20 2021,9787
Mon Jun 21 2021,9786
Tue Jun 22 2021,9772
Wed Jun 23 2021,9783
Thu Jun 24 2021,9784
Fri Jun 25 2021,9779
Sat Jun 26 2021,9771
Sun Jun 27 2021,9766
Mon Jun 28 2021,9758
Tue Jun 29 2021,9756
Wed Jun 30 2021,9733
Thu Jul 01 2021,9738
Fri Jul 02 2021,9720
Sat Jul 03 2021,9738
Sun Jul 04 2021,9729
Mon Jul 05 2021,9714
Tue Jul 06 2021,9705
Wed Jul 07 2021,9706
Thu Jul 08 2021,9697
Fri Jul 09 2021,9671
Sat Jul 10 2021,9662
Sun Jul 11 2021,9655
Mon Jul 12 2021,9642
Tue Jul 13 2021,9661
Wed Jul 14 2021,9673
Thu Jul 15 2021,9675
Fri Jul 16 2021,9659
Sat Jul 17 2021,9658
Sun Jul 18 2021,9649
Mon Jul 19 2021,9654
Tue Jul 20 2021,9666
Wed Jul 21 2021,9673
Thu Jul 22 2021,9663
Fri Jul 23 2021,9698
Sat Jul 24 2021,9692
Sun Jul 25 2021,9675
Mon Jul 26 2021,9684
Tue Jul 27 2021,9725
Wed Jul 28 2021,9744
Thu Jul 29 2021,9713
Fri Jul 30 2021,9714
Sat Jul 31 2021,9674
Sun Aug 01 2021,9679
Mon Aug 02 2021,9671
Tue Aug 03 2021,9697
Wed Aug 04 2021,9712
Thu Aug 05 2021,9704
Fri Aug 06 2021,9729
Sat Aug 07 2021,9726
Sun Aug 08 2021,9734
Mon Aug 09 2021,9731
Tue Aug 10 2021,9753
Wed Aug 11 2021,9739
Thu Aug 12 2021,9748
Fri Aug 13 2021,9763
Sat Aug 14 2021,9748
Sun Aug 15 2021,9743
Mon Aug 16 2021,9728
Tue Aug 17 2021,9726
Wed Aug 18 2021,9718
Thu Aug 19 2021,9737
Fri Aug 20 2021,9741
Sat Aug 21 2021,9737
Sun Aug 22 2021,9731
Mon Aug 23 2021,9693
Tue Aug 24 2021,9699
Wed Aug 25 2021,9712
Thu Aug 26 2021,9738
Fri Aug 27 2021,9721
Sat Aug 28 2021,9718
Sun Aug 29 2021,9699
Mon Aug 30 2021,9726
Tue Aug 31 2021,9715
Wed Sep 01 2021,9694
Thu Sep 02 2021,9735
Fri Sep 03 2021,9750
Sat Sep 04 2021,9759
Sun Sep 05 2021,9792
Mon Sep 06 2021,9787
Tue Sep 07 2021,9819
Wed Sep 08 2021,9815
Thu Sep 09 2021,9828
Fri Sep 10 2021,9839
Sat Sep 11 2021,9842
Sun Sep 12 2021,9839
Mon Sep 13 2021,9867
Tue Sep 14 2021,9876
Wed Sep 15 2021,9879
Thu Sep 16 2021,9866
Fri Sep 17 2021,9888
Sat Sep 18 2021,9900
Sun Sep 19 2021,9931
Mon Sep 20 2021,9962
Tue Sep 21 2021,9968
Wed Sep 22 2021,9974
Thu Sep 23 2021,9932
Fri Sep 24 2021,9920
Sat Sep 25 2021,9942
Sun Sep 26 2021,9940
Mon Sep 27 2021,9935
Tue Sep 28 2021,9951
Wed Sep 29 2021,9958
Thu Sep 30 2021,9963
Fri Oct 01 2021,9985
Sat Oct 02 2021,9967
Sun Oct 03 2021,9995
Mon Oct 04 2021,10021
Tue Oct 05 2021,10029
Wed Oct 06 2021,10087
Thu Oct 07 2021,10064
Fri Oct 08 2021,10135
Sat Oct 09 2021,10113
Sun Oct 10 2021,10106
Mon Oct 11 2021,10090
Tue Oct 12 2021,10099
Wed Oct 13 2021,10091
Thu Oct 14 2021,10122
Fri Oct 15 2021,10088
Sat Oct 16 2021,10131
Sun Oct 17 2021,10162
Mon Oct 18 2021,10103
Tue Oct 19 2021,10101
Wed Oct 20 2021,10103
Thu Oct 21 2021,10112
Fri Oct 22 2021,10068
Sat Oct 23 2021,10131
Sun Oct 24 2021,10126
Mon Oct 25 2021,10107
Tue Oct 26 2021,10123
Wed Oct 27 2021,10156
Thu Oct 28 2021,10166
Fri Oct 29 2021,10183
Sat Oct 30 2021,10176
Sun Oct 31 2021,10165
Mon Nov 01 2021,10153
Tue Nov 02 2021,10156
Wed Nov 03 2021,10154
Thu Nov 04 2021,10166
Fri Nov 05 2021,10184
Sat Nov 06 2021,10180
Sun Nov 07 2021,10149
Mon Nov 08 2021,10154
Tue Nov 09 2021,10124
Wed Nov 10 2021,10123
Thu Nov 11 2021,10119
Fri Nov 12 2021,10137
Sat Nov 13 2021,10140
Sun Nov 14 2021,10162
Mon Nov 15 2021,10162
Tue Nov 16 2021,10180
Wed Nov 17 2021,10170
Thu Nov 18 2021,10173
Fri Nov 19 2021,10190
Sat Nov 20 2021,10198
Sun Nov 21 2021,10207
Mon Nov 22 2021,10206
Tue Nov 23 2021,10241
Wed Nov 24 2021,10208
Thu Nov 25 2021,10256
Fri Nov 26 2021,10215
Sat Nov 27 2021,10228
Sun Nov 28 2021,10265
Mon Nov 29 2021,10265
Tue Nov 30 2021,10216
Wed Dec 01 2021,10245
Thu Dec 02 2021,10250
Fri Dec 03 2021,10291
Sat Dec 04 2021,10290
Sun Dec 05 2021,10306
Mon Dec 06 2021,10296
Tue Dec 07 2021,10302
Wed Dec 08 2021,10297
Thu Dec 09 2021,10295
Fri Dec 10 2021,10284
Sat Dec 11 2021,10274
Sun Dec 12 2021,10279
Mon Dec 13 2021,10275
Tue Dec 14 2021,10290
Wed Dec 15 2021,10288
Thu Dec 16 2021,10289
Fri Dec 17 2021,10305
Sat Dec 18 2021,10307
Sun Dec 19 2021,10328
Mon Dec 20 2021,10321
Tue Dec 21 2021,10341
Wed Dec 22 2021,10337
Thu Dec 23 2021,10335
Fri Dec 24 2021,10329
Sat Dec 25 2021,10350
Sun Dec 26 2021,10349
Mon Dec 27 2021,10321
Tue Dec 28 2021,10326
Wed Dec 29 2021,10339
Thu Dec 30 2021,10360
Fri Dec 31 2021,10366
Sat Jan 01 2022,10366
Sun Jan 02 2022,10379
Mon Jan 03 2022,10386
Tue Jan 04 2022,10405
Wed Jan 05 2022,10406
Thu Jan 06 2022,10398
Fri Jan 07 2022,10407
Sat Jan 08 2022,10400
Sun Jan 09 2022,10433
Mon Jan 10 2022,10436
Tue Jan 11 2022,10417
Wed Jan 12 2022,10409
Thu Jan 13 2022,10430
Fri Jan 14 2022,10427
Sat Jan 15 2022,10409
Sun Jan 16 2022,10414
Mon Jan 17 2022,10409
Tue Jan 18 2022,10411
Wed Jan 19 2022,10413
Thu Jan 20 2022,10406
Fri Jan 21 2022,10406
Sat Jan 22 2022,10410
Sun Jan 23 2022,10425
Mon Jan 24 2022,10433
Tue Jan 25 2022,10460
Wed Jan 26 2022,10505
Thu Jan 27 2022,10500
Fri Jan 28 2022,10498
Sat Jan 29 2022,10520
Sun Jan 30 2022,10535
Mon Jan 31 2022,10532
Tue Feb 01 2022,10519
Wed Feb 02 2022,10530
Thu Feb 03 2022,10543
Fri Feb 04 2022,10541
Sat Feb 05 2022,10547
Sun Feb 06 2022,10545
Mon Feb 07 2022,10566
Tue Feb 08 2022,10565
Wed Feb 09 2022,10558
Thu Feb 10 2022,10570
Fri Feb 11 2022,10579
Sat Feb 12 2022,10580
Sun Feb 13 2022,10581
Mon Feb 14 2022,10580
Tue Feb 15 2022,10586
Wed Feb 16 2022,10557
Thu Feb 17 2022,10584
Fri Feb 18 2022,10589
Sat Feb 19 2022,10578
Sun Feb 20 2022,10591
Mon Feb 21 2022,10587
Tue Feb 22 2022,10593
Wed Feb 23 2022,10588
Thu Feb 24 2022,10585
Fri Feb 25 2022,10602
Sat Feb 26 2022,10619
Sun Feb 27 2022,10609
Mon Feb 28 2022,10607
Tue Mar 01 2022,10610
Wed Mar 02 2022,10621
Thu Mar 03 2022,10603
Fri Mar 04 2022,10615
Sat Mar 05 2022,10549
Sun Mar 06 2022,10543
Mon Mar 07 2022,10535
Tue Mar 08 2022,10554
Wed Mar 09 2022,10543
Thu Mar 10 2022,10539
Fri Mar 11 2022,10543
Sat Mar 12 2022,10544
Sun Mar 13 2022,10547
Mon Mar 14 2022,10543
Tue Mar 15 2022,10547
Wed Mar 16 2022,10554
Thu Mar 17 2022,10547
Fri Mar 18 2022,10544
Sat Mar 19 2022,10524
Sun Mar 20 2022,10514
Mon Mar 21 2022,10516
Tue Mar 22 2022,10500
Wed Mar 23 2022,10498
Thu Mar 24 2022,10481
Fri Mar 25 2022,10511
Sat Mar 26 2022,10511
Sun Mar 27 2022,10507
Mon Mar 28 2022,10481
Tue Mar 29 2022,10458
Wed Mar 30 2022,10445
Thu Mar 31 2022,10455
Fri Apr 01 2022,10461
Sat Apr 02 2022,10459
Sun Apr 03 2022,10473
Mon Apr 04 2022,10495
Tue Apr 05 2022,10512
Wed Apr 06 2022,10514
Thu Apr 07 2022,10533
Fri Apr 08 2022,10542
Sat Apr 09 2022,10550
Sun Apr 10 2022,10541
Mon Apr 11 2022,10546
Tue Apr 12 2022,10552
Wed Apr 13 2022,10526
Thu Apr 14 2022,10531
Fri Apr 15 2022,10544
Sat Apr 16 2022,10533
Sun Apr 17 2022,10526
Mon Apr 18 2022,10520
Tue Apr 19 2022,10519
Wed Apr 20 2022,10504
Thu Apr 21 2022,10506
Fri Apr 22 2022,10498
Sat Apr 23 2022,10496
Sun Apr 24 2022,10475
Mon Apr 25 2022,10506
Tue Apr 26 2022,10494
Wed Apr 27 2022,10482
Thu Apr 28 2022,10483
Fri Apr 29 2022,10505
Sat Apr 30 2022,10495
Sun May 01 2022,10482
Mon May 02 2022,10478
Tue May 03 2022,10473
Wed May 04 2022,10455
Thu May 05 2022,10467
Fri May 06 2022,10453
Sat May 07 2022,10449
Sun May 08 2022,10434
Mon May 09 2022,10437
Tue May 10 2022,10447
Wed May 11 2022,10440
Thu May 12 2022,10413
Fri May 13 2022,10404
Sat May 14 2022,10395
Sun May 15 2022,10379
Mon May 16 2022,10355
Tue May 17 2022,10352
Wed May 18 2022,10344
Thu May 19 2022,10333
Fri May 20 2022,10294
Sat May 21 2022,10283
Sun May 22 2022,10272
Mon May 23 2022,10252
Tue May 24 2022,10230
Wed May 25 2022,10225
Thu May 26 2022,10199
Fri May 27 2022,10199
Sat May 28 2022,10153
Sun May 29 2022,10135
Mon May 30 2022,10140
Tue May 31 2022,10128
Wed Jun 01 2022,10137
Thu Jun 02 2022,10112
Fri Jun 03 2022,10100
Sat Jun 04 2022,10072
Sun Jun 05 2022,10044
Mon Jun 06 2022,10021
Tue Jun 07 2022,9990
Wed Jun 08 2022,9974
Thu Jun 09 2022,9936
Fri Jun 10 2022,9961
Sat Jun 11 2022,9949
Sun Jun 12 2022,9943
Mon Jun 13 2022,9934
Tue Jun 14 2022,9922
Wed Jun 15 2022,9913
Thu Jun 16 2022,9910
Fri Jun 17 2022,9890
Sat Jun 18 2022,9879
Sun Jun 19 2022,9893
Mon Jun 20 2022,9905
Tue Jun 21 2022,9903
Wed Jun 22 2022,9875
Thu Jun 23 2022,9885
Fri Jun 24 2022,9900
Sat Jun 25 2022,9902
Sun Jun 26 2022,9887
Mon Jun 27 2022,9873
Tue Jun 28 2022,9873
Wed Jun 29 2022,9862
Thu Jun 30 2022,9864
Fri Jul 01 2022,9865
Sat Jul 02 2022,9860
Sun Jul 03 2022,9854
Mon Jul 04 2022,9858
Tue Jul 05 2022,9841
Wed Jul 06 2022,9845
Thu Jul 07 2022,9863
Fri Jul 08 2022,9854
Sat Jul 09 2022,9880
Sun Jul 10 2022,9884
Mon Jul 11 2022,9891
Tue Jul 12 2022,9904
Wed Jul 13 2022,9943
Thu Jul 14 2022,9946
Fri Jul 15 2022,9942
Sat Jul 16 2022,9936
Sun Jul 17 2022,9938
Mon Jul 18 2022,9935
Tue Jul 19 2022,9938
Wed Jul 20 2022,9933
Thu Jul 21 2022,9929
Fri Jul 22 2022,9944
Sat Jul 23 2022,9944
Sun Jul 24 2022,9953
Mon Jul 25 2022,9927
Tue Jul 26 2022,9927
Wed Jul 27 2022,9919
Thu Jul 28 2022,9931
Fri Jul 29 2022,9941
Sat Jul 30 2022,9963
Sun Jul 31 2022,9969
Mon Aug 01 2022,9961
Tue Aug 02 2022,9992
Wed Aug 03 2022,10009
Thu Aug 04 2022,10048
Fri Aug 05 2022,10030
Sat Aug 06 2022,10010
Sun Aug 07 2022,10013
Mon Aug 08 2022,10002
Tue Aug 09 2022,9994
Wed Aug 10 2022,9982
Thu Aug 11 2022,9987
Fri Aug 12 2022,9991
Sat Aug 13 2022,9974
Sun Aug 14 2022,9963
Mon Aug 15 2022,9937
Tue Aug 16 2022,9929
Wed Aug 17 2022,9920
Thu Aug 18 2022,9921
Fri Aug 19 2022,9923
Sat Aug 20 2022,9910
Sun Aug 21 2022,9914
Mon Aug 22 2022,9916
Tue Aug 23 2022,9911
Wed Aug 24 2022,9918
Thu Aug 25 2022,9899
Fri Aug 26 2022,9888
Sat Aug 27 2022,9885
Sun Aug 28 2022,9877
Mon Aug 29 2022,9900
Tue Aug 30 2022,9873
Wed Aug 31 2022,9863
Thu Sep 01 2022,9863
Fri Sep 02 2022,9879
Sat Sep 03 2022,9890
Sun Sep 04 2022,9871
Mon Sep 05 2022,9845
Tue Sep 06 2022,9875
Wed Sep 07 2022,9876
Thu Sep 08 2022,9882
Fri Sep 09 2022,9871
Sat Sep 10 2022,9844
Sun Sep 11 2022,9848
Mon Sep 12 2022,9860
Tue Sep 13 2022,9863
Wed Sep 14 2022,9879
Thu Sep 15 2022,9877
Fri Sep 16 2022,9871
Sat Sep 17 2022,9848
Sun Sep 18 2022,9838
Mon Sep 19 2022,9868
Tue Sep 20 2022,9866
Wed Sep 21 2022,9868
Thu Sep 22 2022,9837
Fri Sep 23 2022,9814
Sat Sep 24 2022,9805
Sun Sep 25 2022,9796
Mon Sep 26 2022,9797
Tue Sep 27 2022,9763
Wed Sep 28 2022,9784
Thu Sep 29 2022,9775
Fri Sep 30 2022,9782
Sat Oct 01 2022,9814
Sun Oct 02 2022,9803
Mon Oct 03 2022,9790
Tue Oct 04 2022,9759
Wed Oct 05 2022,9757
Thu Oct 06 2022,9728
Fri Oct 07 2022,9703
Sat Oct 08 2022,9713
Sun Oct 09 2022,9718
Mon Oct 10 2022,9704
Tue Oct 11 2022,9684
Wed Oct 12 2022,9665
Thu Oct 13 2022,9640
Fri Oct 14 2022,9640
Sat Oct 15 2022,9628
Sun Oct 16 2022,9633
Mon Oct 17 2022,9650
Tue Oct 18 2022,9644
Wed Oct 19 2022,9632
Thu Oct 20 2022,9626
Fri Oct 21 2022,9623
Sat Oct 22 2022,9611
Sun Oct 23 2022,9597
Mon Oct 24 2022,9588
Tue Oct 25 2022,9596
Wed Oct 26 2022,9589
Thu Oct 27 2022,9591
Fri Oct 28 2022,9596
Sat Oct 29 2022,9584
Sun Oct 30 2022,9588
Mon Oct 31 2022,9597
Tue Nov 01 2022,9598
Wed Nov 02 2022,9604
Thu Nov 03 2022,9597
Fri Nov 04 2022,9589
Sat Nov 05 2022,9599
Sun Nov 06 2022,9588
Mon Nov 07 2022,9575
Tue Nov 08 2022,9569
Wed Nov 09 2022,9552
Thu Nov 10 2022,9544
Fri Nov 11 2022,9557
Sat Nov 12 2022,9555
Sun Nov 13 2022,9557
Mon Nov 14 2022,9557
Tue Nov 15 2022,9548
Wed Nov 16 2022,9554
Thu Nov 17 2022,9547
Fri Nov 18 2022,9544
Sat Nov 19 2022,9555
Sun Nov 20 2022,9545
Mon Nov 21 2022,9505
Tue Nov 22 2022,9515
Wed Nov 23 2022,9543
Thu Nov 24 2022,9534
Fri Nov 25 2022,9537
Sat Nov 26 2022,9545
Sun Nov 27 2022,9545
Mon Nov 28 2022,9563
Tue Nov 29 2022,9571
Wed Nov 30 2022,9585
Thu Dec 01 2022,9596
Fri Dec 02 2022,9593
Sat Dec 03 2022,9589
Sun Dec 04 2022,9591
Mon Dec 05 2022,9592
Tue Dec 06 2022,9580
Wed Dec 07 2022,9605
Thu Dec 08 2022,9613
Fri Dec 09 2022,9632
Sat Dec 10 2022,9635
Sun Dec 11 2022,9648
Mon Dec 12 2022,9648
Tue Dec 13 2022,9651
Wed Dec 14 2022,9659
Thu Dec 15 2022,9676
Fri Dec 16 2022,9655
Sat Dec 17 2022,9647
Sun Dec 18 2022,9655
Mon Dec 19 2022,9658
Tue Dec 20 2022,9661
Wed Dec 21 2022,9669
Thu Dec 22 2022,9683
Fri Dec 23 2022,9676
Sat Dec 24 2022,9703
Sun Dec 25 2022,9700
Mon Dec 26 2022,9705
Tue Dec 27 2022,9712
Wed Dec 28 2022,9713
Thu Dec 29 2022,9702
Fri Dec 30 2022,9690
Sat Dec 31 2022,9682
Sun Jan 01 2023,9682
Mon Jan 02 2023,9672
Tue Jan 03 2023,9664
Wed Jan 04 2023,9667
Thu Jan 05 2023,9671
Fri Jan 06 2023,9681
Sat Jan 07 2023,9698
Sun Jan 08 2023,9696
Mon Jan 09 2023,9678
Tue Jan 10 2023,9682
Wed Jan 11 2023,9683
Thu Jan 12 2023,9687
Fri Jan 13 2023,9671
Sat Jan 14 2023,9693
Sun Jan 15 2023,9711
Mon Jan 16 2023,9728
Tue Jan 17 2023,9741
Wed Jan 18 2023,9754
Thu Jan 19 2023,9755
Fri Jan 20 2023,9762
Sat Jan 21 2023,9790
Sun Jan 22 2023,9790
Mon Jan 23 2023,9776
Tue Jan 24 2023,9764
Wed Jan 25 2023,9754
Thu Jan 26 2023,9765
Fri Jan 27 2023,9807
Sat Jan 28 2023,9811
Sun Jan 29 2023,9832
Mon Jan 30 2023,9830
Tue Jan 31 2023,9838
Wed Feb 01 2023,9843
Thu Feb 02 2023,9847
Fri Feb 03 2023,9872
Sat Feb 04 2023,9876
Sun Feb 05 2023,9888
Mon Feb 06 2023,9898
Tue Feb 07 2023,9915
Wed Feb 08 2023,9906
Thu Feb 09 2023,9907
Fri Feb 10 2023,9919
Sat Feb 11 2023,9890
Sun Feb 12 2023,9898
Mon Feb 13 2023,9858
Tue Feb 14 2023,9849
Wed Feb 15 2023,9837
Thu Feb 16 2023,9859
Fri Feb 17 2023,9868
Sat Feb 18 2023,9835
Sun Feb 19 2023,9846
Mon Feb 20 2023,9835
Tue Feb 21 2023,9832
Wed Feb 22 2023,9846
Thu Feb 23 2023,9813
Fri Feb 24 2023,9818
Sat Feb 25 2023,9815
Sun Feb 26 2023,9846
Mon Feb 27 2023,9841
Tue Feb 28 2023,9851
Wed Mar 01 2023,9845
Thu Mar 02 2023,9864
Fri Mar 03 2023,9856
Sat Mar 04 2023,9858
Sun Mar 05 2023,9855
Mon Mar 06 2023,9860
Tue Mar 07 2023,9865
Wed Mar 08 2023,9863
Thu Mar 09 2023,9835
Fri Mar 10 2023,9840
Sat Mar 11 2023,9826
Sun Mar 12 2023,9829
Mon Mar 13 2023,9829
Tue Mar 14 2023,9818
Wed Mar 15 2023,9829
Thu Mar 16 2023,9843
Fri Mar 17 2023,9832
Sat Mar 18 2023,9841
Sun Mar 19 2023,9837
Mon Mar 20 2023,9839
Tue Mar 21 2023,9831
Wed Mar 22 2023,9845
Thu Mar 23 2023,9841
Fri Mar 24 2023,9871
Sat Mar 25 2023,9900
Sun Mar 26 2023,9913
Mon Mar 27 2023,9903
Tue Mar 28 2023,9905
Wed Mar 29 2023,9903
Thu Mar 30 2023,9907
Fri Mar 31 2023,9912
Sat Apr 01 2023,9912
Sun Apr 02 2023,9907
Mon Apr 03 2023,9916
Tue Apr 04 2023,9909
Wed Apr 05 2023,9927
Thu Apr 06 2023,9930
Fri Apr 07 2023,9924
Sat Apr 08 2023,9940
Sun Apr 09 2023,9949
Mon Apr 10 2023,9942
Tue Apr 11 2023,9955
Wed Apr 12 2023,9965
Thu Apr 13 2023,9960
Fri Apr 14 2023,9970
Sat Apr 15 2023,9975
Sun Apr 16 2023,9979
Mon Apr 17 2023,9981
Tue Apr 18 2023,9983
Wed Apr 19 2023,9996
Thu Apr 20 2023,9998
Fri Apr 21 2023,9999
Sat Apr 22 2023,10011
Sun Apr 23 2023,10016
Mon Apr 24 2023,10002
Tue Apr 25 2023,9986
Wed Apr 26 2023,9976
Thu Apr 27 2023,9982
Fri Apr 28 2023,9995
Sat Apr 29 2023,9998
Sun Apr 30 2023,10003
Mon May 01 2023,10011
Tue May 02 2023,10003
Wed May 03 2023,10007
Thu May 04 2023,10000
Fri May 05 2023,10012
Sat May 06 2023,10029
Sun May 07 2023,10024
Mon May 08 2023,10002
Tue May 09 2023,10002
Wed May 10 2023,9987
Thu May 11 2023,9994
Fri May 12 2023,10023
Sat May 13 2023,10008
Sun May 14 2023,9996
Mon May 15 2023,10024
Tue May 16 2023,10019
Wed May 17 2023,9994
Thu May 18 2023,9983
Fri May 19 2023,9971
Sat May 20 2023,9962
Sun May 21 2023,9954
Mon May 22 2023,9951
Tue May 23 2023,9948
Wed May 24 2023,9938
Thu May 25 2023,9939
Fri May 26 2023,9914
Sat May 27 2023,9933
Sun May 28 2023,9930
Mon May 29 2023,9917
Tue May 30 2023,9916
Wed May 31 2023,9929
Thu Jun 01 2023,9937
Fri Jun 02 2023,9914
Sat Jun 03 2023,9927
Sun Jun 04 2023,9909
Mon Jun 05 2023,9912
Tue Jun 06 2023,9878
Wed Jun 07 2023,9892
Thu Jun 08 2023,9913
Fri Jun 09 2023,9900
Sat Jun 10 2023,9916
Sun Jun 11 2023,9909
Mon Jun 12 2023,9901
Tue Jun 13 2023,9911
Wed Jun 14 2023,9940
Thu Jun 15 2023,9934
Fri Jun 16 2023,9944
Sat Jun 17 2023,9932
Sun Jun 18 2023,9959
Mon Jun 19 2023,9964
Tue Jun 20 2023,9955
Wed Jun 21 2023,9948
Thu Jun 22 2023,9949
Fri Jun 23 2023,9957
Sat Jun 24 2023,9969
Sun Jun 25 2023,9969
Mon Jun 26 2023,9969
Tue Jun 27 2023,9970
Wed Jun 28 2023,9962
Thu Jun 29 2023,9952
Fri Jun 30 2023,9948
Sat Jul 01 2023,9968
Sun Jul 02 2023,9956
Mon Jul 03 2023,9945
Tue Jul 04 2023,9958
Wed Jul 05 2023,9960
Thu Jul 06 2023,9943
Fri Jul 07 2023,9937
Sat Jul 08 2023,9934
Sun Jul 09 2023,9921
Mon Jul 10 2023,9925
Tue Jul 11 2023,9912
Wed Jul 12 2023,9896
Thu Jul 13 2023,9887
Fri Jul 14 2023,9895
Sat Jul 15 2023,9876
Sun Jul 16 2023,9867
Mon Jul 17 2023,9864
Tue Jul 18 2023,9854
Wed Jul 19 2023,9842
Thu Jul 20 2023,9840
Fri Jul 21 2023,9846
Sat Jul 22 2023,9835
Sun Jul 23 2023,9810
Mon Jul 24 2023,9808
Tue Jul 25 2023,9798
Wed Jul 26 2023,9787
Thu Jul 27 2023,9796
Fri Jul 28 2023,9764
Sat Jul 29 2023,9746
Sun Jul 30 2023,9746
Mon Jul 31 2023,9737
Tue Aug 01 2023,9751
Wed Aug 02 2023,9751
Thu Aug 03 2023,9752
Fri Aug 04 2023,9741
Sat Aug 05 2023,9746
Sun Aug 06 2023,9751
Mon Aug 07 2023,9758
Tue Aug 08 2023,9778
Wed Aug 09 2023,9783
Thu Aug 10 2023,9774
Fri Aug 11 2023,9783
Sat Aug 12 2023,9799
Sun Aug 13 2023,9801
Mon Aug 14 2023,9804
Tue Aug 15 2023,9763
Wed Aug 16 2023,9757
Thu Aug 17 2023,9754
Fri Aug 18 2023,9751
Sat Aug 19 2023,9743
Sun Aug 20 2023,9751
Mon Aug 21 2023,9757
Tue Aug 22 2023,9742
Wed Aug 23 2023,9740
Thu Aug 24 2023,9742
Fri Aug 25 2023,9732
Sat Aug 26 2023,9743
Sun Aug 27 2023,9739
Mon Aug 28 2023,9738
Tue Aug 29 2023,9742
Wed Aug 30 2023,9711
Thu Aug 31 2023,9700
Fri Sep 01 2023,9682
Sat Sep 02 2023,9693
Sun Sep 03 2023,9693
Mon Sep 04 2023,9680
Tue Sep 05 2023,9693
Wed Sep 06 2023,9675
Thu Sep 07 2023,9680
Fri Sep 08 2023,9661
Sat Sep 09 2023,9655
Sun Sep 10 2023,9654
Mon Sep 11 2023,9657
Tue Sep 12 2023,9642
Wed Sep 13 2023,9611
Thu Sep 14 2023,9604
Fri Sep 15 2023,9612
Sat Sep 16 2023,9618
Sun Sep 17 2023,9602
Mon Sep 18 2023,9595
Tue Sep 19 2023,9589
Wed Sep 20 2023,9579
Thu Sep 21 2023,9592
Fri Sep 22 2023,9582
Sat Sep 23 2023,9584
Sun Sep 24 2023,9574
Mon Sep 25 2023,9587
Tue Sep 26 2023,9590
Wed Sep 27 2023,9599
Thu Sep 28 2023,9585
Fri Sep 29 2023,9584
Sat Sep 30 2023,9573
Sun Oct 01 2023,9577
Mon Oct 02 2023,9583
Tue Oct 03 2023,9577
Wed Oct 04 2023,9566
Thu Oct 05 2023,9574
Fri Oct 06 2023,9577
Sat Oct 07 2023,9539
Sun Oct 08 2023,9534
Mon Oct 09 2023,9519
Tue Oct 10 2023,9519
Wed Oct 11 2023,9521
Thu Oct 12 2023,9526
Fri Oct 13 2023,9534
Sat Oct 14 2023,9525
Sun Oct 15 2023,9539
Mon Oct 16 2023,9564
Tue Oct 17 2023,9563
Wed Oct 18 2023,9548
Thu Oct 19 2023,9558
Fri Oct 20 2023,9561
Sat Oct 21 2023,9552
Sun Oct 22 2023,9580
Mon Oct 23 2023,9574
Tue Oct 24 2023,9578
Wed Oct 25 2023,9576
Thu Oct 26 2023,9538
Fri Oct 27 2023,9527
Sat Oct 28 2023,9529
Sun Oct 29 2023,9527
Mon Oct 30 2023,9529
Tue Oct 31 2023,9523
Wed Nov 01 2023,9521
Thu Nov 02 2023,9533
Fri Nov 03 2023,9539
Sat Nov 04 2023,9531
Sun Nov 05 2023,9531
Mon Nov 06 2023,9528
Tue Nov 07 2023,9536
Wed Nov 08 2023,9513
Thu Nov 09 2023,9518
Fri Nov 10 2023,9517
Sat Nov 11 2023,9511
Sun Nov 12 2023,9529
Mon Nov 13 2023,9512
Tue Nov 14 2023,9500
Wed Nov 15 2023,9490
Thu Nov 16 2023,9498
Fri Nov 17 2023,9497
Sat Nov 18 2023,9489
Sun Nov 19 2023,9475
Mon Nov 20 2023,9489
Tue Nov 21 2023,9509
Wed Nov 22 2023,9516
Thu Nov 23 2023,9517
Fri Nov 24 2023,9511
Sat Nov 25 2023,9502
Sun Nov 26 2023,9499
Mon Nov 27 2023,9484
Tue Nov 28 2023,9483
