date,Rolex 228235 (USD)
Sun Dec 02 2018,25651
Mon Dec 03 2018,25651
Tue Dec 04 2018,25651
Wed Dec 05 2018,25651
Thu Dec 06 2018,25651
Fri Dec 07 2018,25651
Sat Dec 08 2018,25651
Sun Dec 09 2018,25651
Mon Dec 10 2018,25651
Tue Dec 11 2018,25651
Wed Dec 12 2018,25651
Thu Dec 13 2018,25651
Fri Dec 14 2018,25651
Sat Dec 15 2018,25651
Sun Dec 16 2018,25651
Mon Dec 17 2018,25651
Tue Dec 18 2018,25651
Wed Dec 19 2018,25651
Thu Dec 20 2018,25651
Fri Dec 21 2018,25651
Sat Dec 22 2018,25651
Sun Dec 23 2018,25651
Mon Dec 24 2018,25651
Tue Dec 25 2018,25651
Wed Dec 26 2018,25651
Thu Dec 27 2018,25651
Fri Dec 28 2018,25651
Sat Dec 29 2018,25651
Sun Dec 30 2018,25651
Mon Dec 31 2018,25651
Tue Jan 01 2019,25651
Wed Jan 02 2019,25651
Thu Jan 03 2019,25651
Fri Jan 04 2019,25651
Sat Jan 05 2019,25651
Sun Jan 06 2019,25651
Mon Jan 07 2019,25651
Tue Jan 08 2019,25651
Wed Jan 09 2019,25651
Thu Jan 10 2019,25651
Fri Jan 11 2019,25651
Sat Jan 12 2019,25651
Sun Jan 13 2019,25651
Mon Jan 14 2019,25651
Tue Jan 15 2019,25651
Wed Jan 16 2019,25651
Thu Jan 17 2019,25800
Fri Jan 18 2019,25969
Sat Jan 19 2019,25969
Sun Jan 20 2019,25969
Mon Jan 21 2019,26719
Tue Jan 22 2019,26719
Wed Jan 23 2019,26719
Thu Jan 24 2019,26719
Fri Jan 25 2019,26719
Sat Jan 26 2019,26719
Sun Jan 27 2019,26719
Mon Jan 28 2019,26719
Tue Jan 29 2019,26719
Wed Jan 30 2019,26719
Thu Jan 31 2019,26719
Fri Feb 01 2019,26719
Sat Feb 02 2019,26719
Sun Feb 03 2019,26719
Mon Feb 04 2019,26719
Tue Feb 05 2019,26719
Wed Feb 06 2019,26719
Thu Feb 07 2019,26719
Fri Feb 08 2019,26719
Sat Feb 09 2019,26719
Sun Feb 10 2019,26719
Mon Feb 11 2019,26719
Tue Feb 12 2019,26719
Wed Feb 13 2019,26719
Thu Feb 14 2019,26719
Fri Feb 15 2019,27071
Sat Feb 16 2019,27071
Sun Feb 17 2019,27009
Mon Feb 18 2019,27009
Tue Feb 19 2019,27248
Wed Feb 20 2019,27248
Thu Feb 21 2019,27248
Fri Feb 22 2019,27248
Sat Feb 23 2019,27248
Sun Feb 24 2019,27248
Mon Feb 25 2019,27248
Tue Feb 26 2019,27248
Wed Feb 27 2019,27250
Thu Feb 28 2019,27250
Fri Mar 01 2019,27250
Sat Mar 02 2019,27250
Sun Mar 03 2019,27250
Mon Mar 04 2019,27250
Tue Mar 05 2019,27250
Wed Mar 06 2019,27250
Thu Mar 07 2019,27250
Fri Mar 08 2019,27250
Sat Mar 09 2019,27250
Sun Mar 10 2019,27250
Mon Mar 11 2019,27250
Tue Mar 12 2019,27250
Wed Mar 13 2019,27250
Thu Mar 14 2019,27250
Fri Mar 15 2019,27250
Sat Mar 16 2019,27250
Sun Mar 17 2019,27250
Mon Mar 18 2019,27250
Tue Mar 19 2019,27250
Wed Mar 20 2019,27250
Thu Mar 21 2019,27236
Fri Mar 22 2019,27236
Sat Mar 23 2019,27236
Sun Mar 24 2019,27236
Mon Mar 25 2019,27236
Tue Mar 26 2019,27236
Wed Mar 27 2019,27236
Thu Mar 28 2019,27236
Fri Mar 29 2019,27236
Sat Mar 30 2019,27236
Sun Mar 31 2019,27265
Mon Apr 01 2019,27265
Tue Apr 02 2019,27265
Wed Apr 03 2019,27265
Thu Apr 04 2019,27265
Fri Apr 05 2019,27265
Sat Apr 06 2019,27265
Sun Apr 07 2019,27265
Mon Apr 08 2019,27265
Tue Apr 09 2019,27377
Wed Apr 10 2019,27377
Thu Apr 11 2019,27377
Fri Apr 12 2019,27377
Sat Apr 13 2019,27377
Sun Apr 14 2019,27377
Mon Apr 15 2019,27377
Tue Apr 16 2019,27367
Wed Apr 17 2019,27367
Thu Apr 18 2019,27367
Fri Apr 19 2019,27367
Sat Apr 20 2019,27367
Sun Apr 21 2019,27367
Mon Apr 22 2019,27367
Tue Apr 23 2019,27566
Wed Apr 24 2019,27566
Thu Apr 25 2019,27566
Fri Apr 26 2019,27566
Sat Apr 27 2019,27566
Sun Apr 28 2019,27566
Mon Apr 29 2019,27566
Tue Apr 30 2019,27566
Wed May 01 2019,27566
Thu May 02 2019,27566
Fri May 03 2019,27566
Sat May 04 2019,27566
Sun May 05 2019,27566
Mon May 06 2019,27566
Tue May 07 2019,27566
Wed May 08 2019,27566
Thu May 09 2019,27566
Fri May 10 2019,27566
Sat May 11 2019,27737
Sun May 12 2019,27737
Mon May 13 2019,27737
Tue May 14 2019,27737
Wed May 15 2019,27737
Thu May 16 2019,27737
Fri May 17 2019,27737
Sat May 18 2019,27737
Sun May 19 2019,27831
Mon May 20 2019,27831
Tue May 21 2019,27831
Wed May 22 2019,27831
Thu May 23 2019,27864
Fri May 24 2019,27864
Sat May 25 2019,28004
Sun May 26 2019,28004
Mon May 27 2019,28004
Tue May 28 2019,28004
Wed May 29 2019,28044
Thu May 30 2019,28044
Fri May 31 2019,28044
Sat Jun 01 2019,28044
Sun Jun 02 2019,28225
Mon Jun 03 2019,28225
Tue Jun 04 2019,28425
Wed Jun 05 2019,28500
Thu Jun 06 2019,28500
Fri Jun 07 2019,28500
Sat Jun 08 2019,28500
Sun Jun 09 2019,28500
Mon Jun 10 2019,28500
Tue Jun 11 2019,28500
Wed Jun 12 2019,28500
Thu Jun 13 2019,28500
Fri Jun 14 2019,28500
Sat Jun 15 2019,28500
Sun Jun 16 2019,28500
Mon Jun 17 2019,28493
Tue Jun 18 2019,28493
Wed Jun 19 2019,28493
Thu Jun 20 2019,28493
Fri Jun 21 2019,28493
Sat Jun 22 2019,28493
Sun Jun 23 2019,28493
Mon Jun 24 2019,28493
Tue Jun 25 2019,28493
Wed Jun 26 2019,28493
Thu Jun 27 2019,28710
Fri Jun 28 2019,28710
Sat Jun 29 2019,28710
Sun Jun 30 2019,28710
Mon Jul 01 2019,28908
Tue Jul 02 2019,28908
Wed Jul 03 2019,28908
Thu Jul 04 2019,28936
Fri Jul 05 2019,28936
Sat Jul 06 2019,29236
Sun Jul 07 2019,29236
Mon Jul 08 2019,29178
Tue Jul 09 2019,29178
Wed Jul 10 2019,29329
Thu Jul 11 2019,29329
Fri Jul 12 2019,29329
Sat Jul 13 2019,29329
Sun Jul 14 2019,29329
Mon Jul 15 2019,29329
Tue Jul 16 2019,29329
Wed Jul 17 2019,29329
Thu Jul 18 2019,29467
Fri Jul 19 2019,29467
Sat Jul 20 2019,29467
Sun Jul 21 2019,29467
Mon Jul 22 2019,29467
Tue Jul 23 2019,29467
Wed Jul 24 2019,29467
Thu Jul 25 2019,29467
Fri Jul 26 2019,29467
Sat Jul 27 2019,29467
Sun Jul 28 2019,29467
Mon Jul 29 2019,29467
Tue Jul 30 2019,29467
Wed Jul 31 2019,29467
Thu Aug 01 2019,29467
Fri Aug 02 2019,29467
Sat Aug 03 2019,29467
Sun Aug 04 2019,29467
Mon Aug 05 2019,29467
Tue Aug 06 2019,29467
Wed Aug 07 2019,29467
Thu Aug 08 2019,29467
Fri Aug 09 2019,29467
Sat Aug 10 2019,29467
Sun Aug 11 2019,29467
Mon Aug 12 2019,29467
Tue Aug 13 2019,29467
Wed Aug 14 2019,29467
Thu Aug 15 2019,29467
Fri Aug 16 2019,29467
Sat Aug 17 2019,29768
Sun Aug 18 2019,29768
Mon Aug 19 2019,29768
Tue Aug 20 2019,29768
Wed Aug 21 2019,29768
Thu Aug 22 2019,29768
Fri Aug 23 2019,29768
Sat Aug 24 2019,29768
Sun Aug 25 2019,29768
Mon Aug 26 2019,29925
Tue Aug 27 2019,29925
Wed Aug 28 2019,29925
Thu Aug 29 2019,29925
Fri Aug 30 2019,29925
Sat Aug 31 2019,29925
Sun Sep 01 2019,29925
Mon Sep 02 2019,29925
Tue Sep 03 2019,29857
Wed Sep 04 2019,29760
Thu Sep 05 2019,29760
Fri Sep 06 2019,29760
Sat Sep 07 2019,29760
Sun Sep 08 2019,29673
Mon Sep 09 2019,29811
Tue Sep 10 2019,29811
Wed Sep 11 2019,29811
Thu Sep 12 2019,29811
Fri Sep 13 2019,29811
Sat Sep 14 2019,29811
Sun Sep 15 2019,29637
Mon Sep 16 2019,29756
Tue Sep 17 2019,29756
Wed Sep 18 2019,29756
Thu Sep 19 2019,29756
Fri Sep 20 2019,29756
Sat Sep 21 2019,29756
Sun Sep 22 2019,29756
Mon Sep 23 2019,29756
Tue Sep 24 2019,29756
Wed Sep 25 2019,29776
Thu Sep 26 2019,28950
Fri Sep 27 2019,28950
Sat Sep 28 2019,28950
Sun Sep 29 2019,28950
Mon Sep 30 2019,28950
Tue Oct 01 2019,28950
Wed Oct 02 2019,29500
Thu Oct 03 2019,29500
Fri Oct 04 2019,29500
Sat Oct 05 2019,29500
Sun Oct 06 2019,29500
Mon Oct 07 2019,29500
Tue Oct 08 2019,29500
Wed Oct 09 2019,29500
Thu Oct 10 2019,29500
Fri Oct 11 2019,29500
Sat Oct 12 2019,29500
Sun Oct 13 2019,29500
Mon Oct 14 2019,29522
Tue Oct 15 2019,29522
Wed Oct 16 2019,29522
Thu Oct 17 2019,29522
Fri Oct 18 2019,29522
Sat Oct 19 2019,29522
Sun Oct 20 2019,29522
Mon Oct 21 2019,29522
Tue Oct 22 2019,29522
Wed Oct 23 2019,29528
Thu Oct 24 2019,29528
Fri Oct 25 2019,29528
Sat Oct 26 2019,29528
Sun Oct 27 2019,29528
Mon Oct 28 2019,29528
Tue Oct 29 2019,29718
Wed Oct 30 2019,29668
Thu Oct 31 2019,29668
Fri Nov 01 2019,29668
Sat Nov 02 2019,29705
Sun Nov 03 2019,29705
Mon Nov 04 2019,29705
Tue Nov 05 2019,29705
Wed Nov 06 2019,29705
Thu Nov 07 2019,29705
Fri Nov 08 2019,29705
Sat Nov 09 2019,29705
Sun Nov 10 2019,29705
Mon Nov 11 2019,29817
Tue Nov 12 2019,29817
Wed Nov 13 2019,29817
Thu Nov 14 2019,29817
Fri Nov 15 2019,29817
Sat Nov 16 2019,29817
Sun Nov 17 2019,29817
Mon Nov 18 2019,29817
Tue Nov 19 2019,29817
Wed Nov 20 2019,29817
Thu Nov 21 2019,29869
Fri Nov 22 2019,29819
Sat Nov 23 2019,29819
Sun Nov 24 2019,29819
Mon Nov 25 2019,29819
Tue Nov 26 2019,29819
Wed Nov 27 2019,29819
Thu Nov 28 2019,29819
Fri Nov 29 2019,29819
Sat Nov 30 2019,29819
Sun Dec 01 2019,29819
Mon Dec 02 2019,29819
Tue Dec 03 2019,29819
Wed Dec 04 2019,29819
Thu Dec 05 2019,29819
Fri Dec 06 2019,29819
Sat Dec 07 2019,29819
Sun Dec 08 2019,29819
Mon Dec 09 2019,29806
Tue Dec 10 2019,29869
Wed Dec 11 2019,29959
Thu Dec 12 2019,29959
Fri Dec 13 2019,29630
Sat Dec 14 2019,29630
Sun Dec 15 2019,29630
Mon Dec 16 2019,29630
Tue Dec 17 2019,29630
Wed Dec 18 2019,29630
Thu Dec 19 2019,29630
Fri Dec 20 2019,29630
Sat Dec 21 2019,29630
Sun Dec 22 2019,29924
Mon Dec 23 2019,29924
Tue Dec 24 2019,29924
Wed Dec 25 2019,29924
Thu Dec 26 2019,29924
Fri Dec 27 2019,29924
Sat Dec 28 2019,29924
Sun Dec 29 2019,29924
Mon Dec 30 2019,29924
Tue Dec 31 2019,29924
Wed Jan 01 2020,29931
Thu Jan 02 2020,29931
Fri Jan 03 2020,29931
Sat Jan 04 2020,29962
Sun Jan 05 2020,29962
Mon Jan 06 2020,29962
Tue Jan 07 2020,29962
Wed Jan 08 2020,29962
Thu Jan 09 2020,29962
Fri Jan 10 2020,29962
Sat Jan 11 2020,29962
Sun Jan 12 2020,29962
Mon Jan 13 2020,29962
Tue Jan 14 2020,29962
Wed Jan 15 2020,29962
Thu Jan 16 2020,29962
Fri Jan 17 2020,29962
Sat Jan 18 2020,29962
Sun Jan 19 2020,29962
Mon Jan 20 2020,29962
Tue Jan 21 2020,29949
Wed Jan 22 2020,29949
Thu Jan 23 2020,30088
Fri Jan 24 2020,30088
Sat Jan 25 2020,30088
Sun Jan 26 2020,30177
Mon Jan 27 2020,30177
Tue Jan 28 2020,30177
Wed Jan 29 2020,30177
Thu Jan 30 2020,30641
Fri Jan 31 2020,30641
Sat Feb 01 2020,30631
Sun Feb 02 2020,30631
Mon Feb 03 2020,30631
Tue Feb 04 2020,30631
Wed Feb 05 2020,30631
Thu Feb 06 2020,30787
Fri Feb 07 2020,30787
Sat Feb 08 2020,30787
Sun Feb 09 2020,30787
Mon Feb 10 2020,30787
Tue Feb 11 2020,30787
Wed Feb 12 2020,30787
Thu Feb 13 2020,30787
Fri Feb 14 2020,30801
Sat Feb 15 2020,30801
Sun Feb 16 2020,30801
Mon Feb 17 2020,30801
Tue Feb 18 2020,30801
Wed Feb 19 2020,30801
Thu Feb 20 2020,30801
Fri Feb 21 2020,30801
Sat Feb 22 2020,30801
Sun Feb 23 2020,30942
Mon Feb 24 2020,31179
Tue Feb 25 2020,31179
Wed Feb 26 2020,31179
Thu Feb 27 2020,31179
Fri Feb 28 2020,31179
Sat Feb 29 2020,31179
Sun Mar 01 2020,31179
Mon Mar 02 2020,31179
Tue Mar 03 2020,31179
Wed Mar 04 2020,31179
Thu Mar 05 2020,31179
Fri Mar 06 2020,31179
Sat Mar 07 2020,31293
Sun Mar 08 2020,31293
Mon Mar 09 2020,31293
Tue Mar 10 2020,31293
Wed Mar 11 2020,31293
Thu Mar 12 2020,31293
Fri Mar 13 2020,31476
Sat Mar 14 2020,31476
Sun Mar 15 2020,31476
Mon Mar 16 2020,31476
Tue Mar 17 2020,31476
Wed Mar 18 2020,31476
Thu Mar 19 2020,31476
Fri Mar 20 2020,31476
Sat Mar 21 2020,31476
Sun Mar 22 2020,31476
Mon Mar 23 2020,31476
Tue Mar 24 2020,31479
Wed Mar 25 2020,31479
Thu Mar 26 2020,31479
Fri Mar 27 2020,31479
Sat Mar 28 2020,31479
Sun Mar 29 2020,31479
Mon Mar 30 2020,31479
Tue Mar 31 2020,31664
Wed Apr 01 2020,31664
Thu Apr 02 2020,31664
Fri Apr 03 2020,31664
Sat Apr 04 2020,31664
Sun Apr 05 2020,32063
Mon Apr 06 2020,31958
Tue Apr 07 2020,31958
Wed Apr 08 2020,31958
Thu Apr 09 2020,32063
Fri Apr 10 2020,32063
Sat Apr 11 2020,32063
Sun Apr 12 2020,32203
Mon Apr 13 2020,32203
Tue Apr 14 2020,32203
Wed Apr 15 2020,32172
Thu Apr 16 2020,32172
Fri Apr 17 2020,32172
Sat Apr 18 2020,32172
Sun Apr 19 2020,32172
Mon Apr 20 2020,31994
Tue Apr 21 2020,32007
Wed Apr 22 2020,32007
Thu Apr 23 2020,32007
Fri Apr 24 2020,32007
Sat Apr 25 2020,32007
Sun Apr 26 2020,32007
Mon Apr 27 2020,32042
Tue Apr 28 2020,32042
Wed Apr 29 2020,32042
Thu Apr 30 2020,32042
Fri May 01 2020,32042
Sat May 02 2020,32042
Sun May 03 2020,32042
Mon May 04 2020,32042
Tue May 05 2020,32042
Wed May 06 2020,32042
Thu May 07 2020,32042
Fri May 08 2020,32042
Sat May 09 2020,32042
Sun May 10 2020,32042
Mon May 11 2020,32136
Tue May 12 2020,32136
Wed May 13 2020,32136
Thu May 14 2020,32136
Fri May 15 2020,32136
Sat May 16 2020,32181
Sun May 17 2020,32181
Mon May 18 2020,32181
Tue May 19 2020,32257
Wed May 20 2020,32257
Thu May 21 2020,32257
Fri May 22 2020,32257
Sat May 23 2020,32257
Sun May 24 2020,32257
Mon May 25 2020,32257
Tue May 26 2020,32257
Wed May 27 2020,32257
Thu May 28 2020,32257
Fri May 29 2020,32257
Sat May 30 2020,32257
Sun May 31 2020,32257
Mon Jun 01 2020,32184
Tue Jun 02 2020,32184
Wed Jun 03 2020,32184
Thu Jun 04 2020,32184
Fri Jun 05 2020,32184
Sat Jun 06 2020,32184
Sun Jun 07 2020,32184
Mon Jun 08 2020,32184
Tue Jun 09 2020,32184
Wed Jun 10 2020,32184
Thu Jun 11 2020,32184
Fri Jun 12 2020,32184
Sat Jun 13 2020,32184
Sun Jun 14 2020,32184
Mon Jun 15 2020,32184
Tue Jun 16 2020,32227
Wed Jun 17 2020,32227
Thu Jun 18 2020,32227
Fri Jun 19 2020,32469
Sat Jun 20 2020,32469
Sun Jun 21 2020,32469
Mon Jun 22 2020,32469
Tue Jun 23 2020,32469
Wed Jun 24 2020,32469
Thu Jun 25 2020,32417
Fri Jun 26 2020,32180
Sat Jun 27 2020,32106
Sun Jun 28 2020,32197
Mon Jun 29 2020,32197
Tue Jun 30 2020,32197
Wed Jul 01 2020,32197
Thu Jul 02 2020,32179
Fri Jul 03 2020,32555
Sat Jul 04 2020,32555
Sun Jul 05 2020,32555
Mon Jul 06 2020,32555
Tue Jul 07 2020,32555
Wed Jul 08 2020,32555
Thu Jul 09 2020,32555
Fri Jul 10 2020,32555
Sat Jul 11 2020,32555
Sun Jul 12 2020,32555
Mon Jul 13 2020,32351
Tue Jul 14 2020,32351
Wed Jul 15 2020,32609
Thu Jul 16 2020,32609
Fri Jul 17 2020,32609
Sat Jul 18 2020,32609
Sun Jul 19 2020,32270
Mon Jul 20 2020,32279
Tue Jul 21 2020,32279
Wed Jul 22 2020,32279
Thu Jul 23 2020,32279
Fri Jul 24 2020,32568
Sat Jul 25 2020,32568
Sun Jul 26 2020,32568
Mon Jul 27 2020,32568
Tue Jul 28 2020,32568
Wed Jul 29 2020,32568
Thu Jul 30 2020,32568
Fri Jul 31 2020,32305
Sat Aug 01 2020,32305
Sun Aug 02 2020,32305
Mon Aug 03 2020,32305
Tue Aug 04 2020,32305
Wed Aug 05 2020,32305
Thu Aug 06 2020,32305
Fri Aug 07 2020,32305
Sat Aug 08 2020,32305
Sun Aug 09 2020,32305
Mon Aug 10 2020,32305
Tue Aug 11 2020,32305
Wed Aug 12 2020,32305
Thu Aug 13 2020,32305
Fri Aug 14 2020,32305
Sat Aug 15 2020,32305
Sun Aug 16 2020,32305
Mon Aug 17 2020,32305
Tue Aug 18 2020,32305
Wed Aug 19 2020,32305
Thu Aug 20 2020,32305
Fri Aug 21 2020,32305
Sat Aug 22 2020,32305
Sun Aug 23 2020,32305
Mon Aug 24 2020,32305
Tue Aug 25 2020,32305
Wed Aug 26 2020,32305
Thu Aug 27 2020,32305
Fri Aug 28 2020,32305
Sat Aug 29 2020,32517
Sun Aug 30 2020,32517
Mon Aug 31 2020,32754
Tue Sep 01 2020,32754
Wed Sep 02 2020,32754
Thu Sep 03 2020,32754
Fri Sep 04 2020,32754
Sat Sep 05 2020,32754
Sun Sep 06 2020,32754
Mon Sep 07 2020,32754
Tue Sep 08 2020,32754
Wed Sep 09 2020,32754
Thu Sep 10 2020,32754
Fri Sep 11 2020,32754
Sat Sep 12 2020,32754
Sun Sep 13 2020,32754
Mon Sep 14 2020,32754
Tue Sep 15 2020,32754
Wed Sep 16 2020,32754
Thu Sep 17 2020,32754
Fri Sep 18 2020,32754
Sat Sep 19 2020,32754
Sun Sep 20 2020,32827
Mon Sep 21 2020,32827
Tue Sep 22 2020,32827
Wed Sep 23 2020,32827
Thu Sep 24 2020,32827
Fri Sep 25 2020,32827
Sat Sep 26 2020,32827
Sun Sep 27 2020,32827
Mon Sep 28 2020,32827
Tue Sep 29 2020,32827
Wed Sep 30 2020,32827
Thu Oct 01 2020,32827
Fri Oct 02 2020,33138
Sat Oct 03 2020,33717
Sun Oct 04 2020,33717
Mon Oct 05 2020,33717
Tue Oct 06 2020,34336
Wed Oct 07 2020,34530
Thu Oct 08 2020,34530
Fri Oct 09 2020,34530
Sat Oct 10 2020,34530
Sun Oct 11 2020,34530
Mon Oct 12 2020,34530
Tue Oct 13 2020,34530
Wed Oct 14 2020,34530
Thu Oct 15 2020,35105
Fri Oct 16 2020,35105
Sat Oct 17 2020,35105
Sun Oct 18 2020,35105
Mon Oct 19 2020,35105
Tue Oct 20 2020,35298
Wed Oct 21 2020,35525
Thu Oct 22 2020,35557
Fri Oct 23 2020,35557
Sat Oct 24 2020,35557
Sun Oct 25 2020,35557
Mon Oct 26 2020,35642
Tue Oct 27 2020,35678
Wed Oct 28 2020,36060
Thu Oct 29 2020,36098
Fri Oct 30 2020,36239
Sat Oct 31 2020,36457
Sun Nov 01 2020,36457
Mon Nov 02 2020,36527
Tue Nov 03 2020,36527
Wed Nov 04 2020,36597
Thu Nov 05 2020,36804
Fri Nov 06 2020,36985
Sat Nov 07 2020,36985
Sun Nov 08 2020,37060
Mon Nov 09 2020,37490
Tue Nov 10 2020,37546
Wed Nov 11 2020,38336
Thu Nov 12 2020,38297
Fri Nov 13 2020,38906
Sat Nov 14 2020,38906
Sun Nov 15 2020,38906
Mon Nov 16 2020,38906
Tue Nov 17 2020,38906
Wed Nov 18 2020,38874
Thu Nov 19 2020,39257
Fri Nov 20 2020,39257
Sat Nov 21 2020,39755
Sun Nov 22 2020,40057
Mon Nov 23 2020,40352
Tue Nov 24 2020,40352
Wed Nov 25 2020,40528
Thu Nov 26 2020,40145
Fri Nov 27 2020,40145
Sat Nov 28 2020,40155
Sun Nov 29 2020,40115
Mon Nov 30 2020,40091
Tue Dec 01 2020,40484
Wed Dec 02 2020,40427
Thu Dec 03 2020,40387
Fri Dec 04 2020,40387
Sat Dec 05 2020,40387
Sun Dec 06 2020,40127
Mon Dec 07 2020,40277
Tue Dec 08 2020,40270
Wed Dec 09 2020,40317
Thu Dec 10 2020,40149
Fri Dec 11 2020,40478
Sat Dec 12 2020,40552
Sun Dec 13 2020,40270
Mon Dec 14 2020,40223
Tue Dec 15 2020,40408
Wed Dec 16 2020,40408
Thu Dec 17 2020,40408
Fri Dec 18 2020,40609
Sat Dec 19 2020,40682
Sun Dec 20 2020,40690
Mon Dec 21 2020,40921
Tue Dec 22 2020,40921
Wed Dec 23 2020,40745
Thu Dec 24 2020,40745
Fri Dec 25 2020,40745
Sat Dec 26 2020,40745
Sun Dec 27 2020,41059
Mon Dec 28 2020,41055
Tue Dec 29 2020,41402
Wed Dec 30 2020,41402
Thu Dec 31 2020,41419
Fri Jan 01 2021,41419
Sat Jan 02 2021,41209
Sun Jan 03 2021,41306
Mon Jan 04 2021,41332
Tue Jan 05 2021,41332
Wed Jan 06 2021,41311
Thu Jan 07 2021,41193
Fri Jan 08 2021,41149
Sat Jan 09 2021,41325
Sun Jan 10 2021,41325
Mon Jan 11 2021,41266
Tue Jan 12 2021,41139
Wed Jan 13 2021,41213
Thu Jan 14 2021,41379
Fri Jan 15 2021,41389
Sat Jan 16 2021,41531
Sun Jan 17 2021,41531
Mon Jan 18 2021,41539
Tue Jan 19 2021,41533
Wed Jan 20 2021,41465
Thu Jan 21 2021,41402
Fri Jan 22 2021,41370
Sat Jan 23 2021,41370
Sun Jan 24 2021,41494
Mon Jan 25 2021,41863
Tue Jan 26 2021,41853
Wed Jan 27 2021,41875
Thu Jan 28 2021,41672
Fri Jan 29 2021,41565
Sat Jan 30 2021,41647
Sun Jan 31 2021,41542
Mon Feb 01 2021,41494
Tue Feb 02 2021,41646
Wed Feb 03 2021,41646
Thu Feb 04 2021,41534
Fri Feb 05 2021,41621
Sat Feb 06 2021,41290
Sun Feb 07 2021,41282
Mon Feb 08 2021,41298
Tue Feb 09 2021,41316
Wed Feb 10 2021,41324
Thu Feb 11 2021,41302
Fri Feb 12 2021,41277
Sat Feb 13 2021,41166
Sun Feb 14 2021,41127
Mon Feb 15 2021,41097
Tue Feb 16 2021,40581
Wed Feb 17 2021,41069
Thu Feb 18 2021,41088
Fri Feb 19 2021,40951
Sat Feb 20 2021,41067
Sun Feb 21 2021,41225
Mon Feb 22 2021,41263
Tue Feb 23 2021,41293
Wed Feb 24 2021,41252
Thu Feb 25 2021,41252
Fri Feb 26 2021,41341
Sat Feb 27 2021,41185
Sun Feb 28 2021,41185
Mon Mar 01 2021,41258
Tue Mar 02 2021,41402
Wed Mar 03 2021,42352
Thu Mar 04 2021,42273
Fri Mar 05 2021,42273
Sat Mar 06 2021,42273
Sun Mar 07 2021,42454
Mon Mar 08 2021,42536
Tue Mar 09 2021,42672
Wed Mar 10 2021,42672
Thu Mar 11 2021,42666
Fri Mar 12 2021,42757
Sat Mar 13 2021,42816
Sun Mar 14 2021,42848
Mon Mar 15 2021,42747
Tue Mar 16 2021,42715
Wed Mar 17 2021,42733
Thu Mar 18 2021,42791
Fri Mar 19 2021,42942
Sat Mar 20 2021,42942
Sun Mar 21 2021,43025
Mon Mar 22 2021,43131
Tue Mar 23 2021,43131
Wed Mar 24 2021,43241
Thu Mar 25 2021,43286
Fri Mar 26 2021,43286
Sat Mar 27 2021,43322
Sun Mar 28 2021,43322
Mon Mar 29 2021,43337
Tue Mar 30 2021,43324
Wed Mar 31 2021,43289
Thu Apr 01 2021,43443
Fri Apr 02 2021,43598
Sat Apr 03 2021,44100
Sun Apr 04 2021,44100
Mon Apr 05 2021,44150
Tue Apr 06 2021,44332
Wed Apr 07 2021,44748
Thu Apr 08 2021,43991
Fri Apr 09 2021,43991
Sat Apr 10 2021,44294
Sun Apr 11 2021,43601
Mon Apr 12 2021,43685
Tue Apr 13 2021,43577
Wed Apr 14 2021,43780
Thu Apr 15 2021,43733
Fri Apr 16 2021,43733
Sat Apr 17 2021,43830
Sun Apr 18 2021,43830
Mon Apr 19 2021,43801
Tue Apr 20 2021,44000
Wed Apr 21 2021,43957
Thu Apr 22 2021,43962
Fri Apr 23 2021,44029
Sat Apr 24 2021,44305
Sun Apr 25 2021,44393
Mon Apr 26 2021,44574
Tue Apr 27 2021,44576
Wed Apr 28 2021,44624
Thu Apr 29 2021,44467
Fri Apr 30 2021,44700
Sat May 01 2021,44700
Sun May 02 2021,44641
Mon May 03 2021,44605
Tue May 04 2021,44605
Wed May 05 2021,44670
Thu May 06 2021,44945
Fri May 07 2021,45296
Sat May 08 2021,45296
Sun May 09 2021,45417
Mon May 10 2021,45488
Tue May 11 2021,45139
Wed May 12 2021,45152
Thu May 13 2021,45152
Fri May 14 2021,45095
Sat May 15 2021,45396
Sun May 16 2021,45726
Mon May 17 2021,46195
Tue May 18 2021,46256
Wed May 19 2021,46256
Thu May 20 2021,46267
Fri May 21 2021,46456
Sat May 22 2021,46441
Sun May 23 2021,46595
Mon May 24 2021,46595
Tue May 25 2021,46487
Wed May 26 2021,46837
Thu May 27 2021,46807
Fri May 28 2021,47260
Sat May 29 2021,47260
Sun May 30 2021,47260
Mon May 31 2021,47578
Tue Jun 01 2021,47344
Wed Jun 02 2021,47173
Thu Jun 03 2021,47036
Fri Jun 04 2021,47036
Sat Jun 05 2021,47158
Sun Jun 06 2021,47158
Mon Jun 07 2021,47158
Tue Jun 08 2021,47139
Wed Jun 09 2021,47657
Thu Jun 10 2021,47742
Fri Jun 11 2021,48389
Sat Jun 12 2021,48370
Sun Jun 13 2021,48370
Mon Jun 14 2021,48504
Tue Jun 15 2021,48403
Wed Jun 16 2021,48561
Thu Jun 17 2021,48308
Fri Jun 18 2021,48308
Sat Jun 19 2021,48278
Sun Jun 20 2021,48291
Mon Jun 21 2021,48360
Tue Jun 22 2021,48304
Wed Jun 23 2021,48304
Thu Jun 24 2021,48224
Fri Jun 25 2021,48243
Sat Jun 26 2021,48159
Sun Jun 27 2021,48202
Mon Jun 28 2021,48202
Tue Jun 29 2021,48360
Wed Jun 30 2021,48041
Thu Jul 01 2021,48214
Fri Jul 02 2021,47913
Sat Jul 03 2021,48027
Sun Jul 04 2021,48027
Mon Jul 05 2021,47860
Tue Jul 06 2021,47936
Wed Jul 07 2021,48001
Thu Jul 08 2021,48001
Fri Jul 09 2021,47833
Sat Jul 10 2021,47833
Sun Jul 11 2021,47833
Mon Jul 12 2021,47779
Tue Jul 13 2021,48013
Wed Jul 14 2021,48104
Thu Jul 15 2021,48026
Fri Jul 16 2021,48073
Sat Jul 17 2021,47898
Sun Jul 18 2021,47814
Mon Jul 19 2021,47413
Tue Jul 20 2021,47334
Wed Jul 21 2021,47334
Thu Jul 22 2021,47334
Fri Jul 23 2021,47340
Sat Jul 24 2021,47350
Sun Jul 25 2021,47350
Mon Jul 26 2021,47148
Tue Jul 27 2021,47372
Wed Jul 28 2021,47517
Thu Jul 29 2021,48366
Fri Jul 30 2021,48370
Sat Jul 31 2021,48468
Sun Aug 01 2021,48642
Mon Aug 02 2021,48474
Tue Aug 03 2021,48299
Wed Aug 04 2021,48390
Thu Aug 05 2021,48619
Fri Aug 06 2021,48824
Sat Aug 07 2021,48862
Sun Aug 08 2021,49126
Mon Aug 09 2021,49126
Tue Aug 10 2021,49305
Wed Aug 11 2021,49368
Thu Aug 12 2021,49151
Fri Aug 13 2021,49369
Sat Aug 14 2021,49379
Sun Aug 15 2021,49981
Mon Aug 16 2021,50153
Tue Aug 17 2021,50302
Wed Aug 18 2021,50347
Thu Aug 19 2021,50253
Fri Aug 20 2021,50337
Sat Aug 21 2021,50466
Sun Aug 22 2021,50466
Mon Aug 23 2021,50466
Tue Aug 24 2021,50645
Wed Aug 25 2021,50601
Thu Aug 26 2021,50458
Fri Aug 27 2021,50904
Sat Aug 28 2021,50904
Sun Aug 29 2021,50904
Mon Aug 30 2021,50947
Tue Aug 31 2021,51025
Wed Sep 01 2021,50921
Thu Sep 02 2021,50892
Fri Sep 03 2021,50719
Sat Sep 04 2021,50667
Sun Sep 05 2021,50667
Mon Sep 06 2021,50692
Tue Sep 07 2021,50796
Wed Sep 08 2021,51181
Thu Sep 09 2021,51186
Fri Sep 10 2021,51266
Sat Sep 11 2021,51239
Sun Sep 12 2021,51239
Mon Sep 13 2021,51520
Tue Sep 14 2021,51672
Wed Sep 15 2021,51616
Thu Sep 16 2021,52219
Fri Sep 17 2021,52380
Sat Sep 18 2021,52349
Sun Sep 19 2021,52349
Mon Sep 20 2021,51910
Tue Sep 21 2021,51892
Wed Sep 22 2021,51954
Thu Sep 23 2021,52924
Fri Sep 24 2021,52888
Sat Sep 25 2021,52648
Sun Sep 26 2021,52601
Mon Sep 27 2021,52783
Tue Sep 28 2021,52916
Wed Sep 29 2021,52991
Thu Sep 30 2021,53204
Fri Oct 01 2021,53044
Sat Oct 02 2021,52747
Sun Oct 03 2021,53017
Mon Oct 04 2021,52846
Tue Oct 05 2021,52629
Wed Oct 06 2021,52363
Thu Oct 07 2021,52409
Fri Oct 08 2021,52349
Sat Oct 09 2021,52128
Sun Oct 10 2021,51981
Mon Oct 11 2021,52061
Tue Oct 12 2021,51601
Wed Oct 13 2021,51700
Thu Oct 14 2021,51595
Fri Oct 15 2021,51661
Sat Oct 16 2021,51809
Sun Oct 17 2021,51809
Mon Oct 18 2021,51878
Tue Oct 19 2021,51692
Wed Oct 20 2021,51816
Thu Oct 21 2021,51965
Fri Oct 22 2021,52009
Sat Oct 23 2021,52112
Sun Oct 24 2021,51446
Mon Oct 25 2021,51593
Tue Oct 26 2021,52171
Wed Oct 27 2021,52156
Thu Oct 28 2021,52111
Fri Oct 29 2021,51990
Sat Oct 30 2021,52050
Sun Oct 31 2021,52040
Mon Nov 01 2021,51832
Tue Nov 02 2021,51911
Wed Nov 03 2021,51834
Thu Nov 04 2021,51879
Fri Nov 05 2021,52039
Sat Nov 06 2021,52271
Sun Nov 07 2021,52158
Mon Nov 08 2021,52136
Tue Nov 09 2021,52525
Wed Nov 10 2021,52416
Thu Nov 11 2021,52268
Fri Nov 12 2021,52720
Sat Nov 13 2021,52811
Sun Nov 14 2021,52723
Mon Nov 15 2021,52776
Tue Nov 16 2021,53512
Wed Nov 17 2021,53421
Thu Nov 18 2021,53345
Fri Nov 19 2021,53497
Sat Nov 20 2021,53618
Sun Nov 21 2021,53521
Mon Nov 22 2021,53414
Tue Nov 23 2021,53172
Wed Nov 24 2021,52914
Thu Nov 25 2021,52469
Fri Nov 26 2021,52670
Sat Nov 27 2021,52768
Sun Nov 28 2021,52972
Mon Nov 29 2021,53177
Tue Nov 30 2021,53166
Wed Dec 01 2021,53563
Thu Dec 02 2021,52442
Fri Dec 03 2021,53252
Sat Dec 04 2021,53412
Sun Dec 05 2021,53470
Mon Dec 06 2021,53747
Tue Dec 07 2021,54010
Wed Dec 08 2021,53998
Thu Dec 09 2021,54165
Fri Dec 10 2021,54579
Sat Dec 11 2021,55106
Sun Dec 12 2021,55028
Mon Dec 13 2021,56028
Tue Dec 14 2021,57811
Wed Dec 15 2021,57776
Thu Dec 16 2021,58925
Fri Dec 17 2021,59899
Sat Dec 18 2021,61824
Sun Dec 19 2021,61824
Mon Dec 20 2021,61890
Tue Dec 21 2021,61832
Wed Dec 22 2021,61839
Thu Dec 23 2021,62108
Fri Dec 24 2021,62820
Sat Dec 25 2021,63008
Sun Dec 26 2021,63031
Mon Dec 27 2021,63083
Tue Dec 28 2021,62789
Wed Dec 29 2021,63070
Thu Dec 30 2021,63400
Fri Dec 31 2021,63301
Sat Jan 01 2022,63513
Sun Jan 02 2022,63513
Mon Jan 03 2022,63496
Tue Jan 04 2022,63416
Wed Jan 05 2022,63294
Thu Jan 06 2022,62909
Fri Jan 07 2022,62993
Sat Jan 08 2022,62633
Sun Jan 09 2022,62494
Mon Jan 10 2022,62696
Tue Jan 11 2022,61964
Wed Jan 12 2022,62651
Thu Jan 13 2022,61938
Fri Jan 14 2022,61938
Sat Jan 15 2022,61515
Sun Jan 16 2022,61272
Mon Jan 17 2022,61667
Tue Jan 18 2022,61999
Wed Jan 19 2022,61999
Thu Jan 20 2022,61355
Fri Jan 21 2022,61697
Sat Jan 22 2022,61091
Sun Jan 23 2022,61268
Mon Jan 24 2022,61862
Tue Jan 25 2022,62735
Wed Jan 26 2022,62812
Thu Jan 27 2022,64487
Fri Jan 28 2022,63999
Sat Jan 29 2022,64429
Sun Jan 30 2022,65002
Mon Jan 31 2022,65098
Tue Feb 01 2022,65114
Wed Feb 02 2022,65228
Thu Feb 03 2022,65634
Fri Feb 04 2022,66088
Sat Feb 05 2022,66088
Sun Feb 06 2022,66363
Mon Feb 07 2022,66398
Tue Feb 08 2022,67253
Wed Feb 09 2022,67648
Thu Feb 10 2022,67544
Fri Feb 11 2022,67376
Sat Feb 12 2022,67111
Sun Feb 13 2022,67111
Mon Feb 14 2022,67036
Tue Feb 15 2022,67748
Wed Feb 16 2022,67513
Thu Feb 17 2022,67199
Fri Feb 18 2022,67618
Sat Feb 19 2022,67194
Sun Feb 20 2022,67338
Mon Feb 21 2022,66977
Tue Feb 22 2022,67112
Wed Feb 23 2022,66734
Thu Feb 24 2022,66730
Fri Feb 25 2022,67195
Sat Feb 26 2022,67077
Sun Feb 27 2022,67741
Mon Feb 28 2022,67741
Tue Mar 01 2022,66968
Wed Mar 02 2022,66868
Thu Mar 03 2022,65599
Fri Mar 04 2022,66715
Sat Mar 05 2022,66715
Sun Mar 06 2022,65842
Mon Mar 07 2022,65842
Tue Mar 08 2022,65875
Wed Mar 09 2022,65570
Thu Mar 10 2022,65489
Fri Mar 11 2022,65828
Sat Mar 12 2022,64965
Sun Mar 13 2022,64817
Mon Mar 14 2022,64817
Tue Mar 15 2022,64433
Wed Mar 16 2022,64357
Thu Mar 17 2022,63517
Fri Mar 18 2022,64237
Sat Mar 19 2022,64352
Sun Mar 20 2022,64352
Mon Mar 21 2022,64231
Tue Mar 22 2022,63978
Wed Mar 23 2022,63978
Thu Mar 24 2022,64253
Fri Mar 25 2022,65502
Sat Mar 26 2022,65693
Sun Mar 27 2022,65610
Mon Mar 28 2022,65190
Tue Mar 29 2022,65560
Wed Mar 30 2022,65560
Thu Mar 31 2022,65560
Fri Apr 01 2022,66039
Sat Apr 02 2022,66106
Sun Apr 03 2022,65964
Mon Apr 04 2022,65964
Tue Apr 05 2022,66261
Wed Apr 06 2022,66261
Thu Apr 07 2022,65801
Fri Apr 08 2022,65467
Sat Apr 09 2022,66251
Sun Apr 10 2022,66843
Mon Apr 11 2022,66843
Tue Apr 12 2022,66576
Wed Apr 13 2022,66736
Thu Apr 14 2022,67006
Fri Apr 15 2022,67193
Sat Apr 16 2022,66644
Sun Apr 17 2022,66582
Mon Apr 18 2022,67217
Tue Apr 19 2022,67093
Wed Apr 20 2022,67355
Thu Apr 21 2022,67257
Fri Apr 22 2022,66905
Sat Apr 23 2022,66530
Sun Apr 24 2022,66363
Mon Apr 25 2022,66470
Tue Apr 26 2022,66480
Wed Apr 27 2022,66246
Thu Apr 28 2022,65418
Fri Apr 29 2022,64851
Sat Apr 30 2022,64971
Sun May 01 2022,64769
Mon May 02 2022,64993
Tue May 03 2022,64749
Wed May 04 2022,64238
Thu May 05 2022,63003
Fri May 06 2022,63227
Sat May 07 2022,62696
Sun May 08 2022,62928
Mon May 09 2022,62928
Tue May 10 2022,63239
Wed May 11 2022,62390
Thu May 12 2022,62416
Fri May 13 2022,62808
Sat May 14 2022,63135
Sun May 15 2022,62582
Mon May 16 2022,61853
Tue May 17 2022,61999
Wed May 18 2022,61706
Thu May 19 2022,61926
Fri May 20 2022,62416
Sat May 21 2022,62508
Sun May 22 2022,62463
Mon May 23 2022,62595
Tue May 24 2022,62738
Wed May 25 2022,62461
Thu May 26 2022,62414
Fri May 27 2022,62238
Sat May 28 2022,62520
Sun May 29 2022,62230
Mon May 30 2022,62531
Tue May 31 2022,62478
Wed Jun 01 2022,62619
Thu Jun 02 2022,62071
Fri Jun 03 2022,62240
Sat Jun 04 2022,62143
Sun Jun 05 2022,62143
Mon Jun 06 2022,62184
Tue Jun 07 2022,62183
Wed Jun 08 2022,62001
Thu Jun 09 2022,61695
Fri Jun 10 2022,61601
Sat Jun 11 2022,61288
Sun Jun 12 2022,61288
Mon Jun 13 2022,60910
Tue Jun 14 2022,60730
Wed Jun 15 2022,61846
Thu Jun 16 2022,61792
Fri Jun 17 2022,61520
Sat Jun 18 2022,61572
Sun Jun 19 2022,61274
Mon Jun 20 2022,61274
Tue Jun 21 2022,60787
Wed Jun 22 2022,60523
Thu Jun 23 2022,60655
Fri Jun 24 2022,60573
Sat Jun 25 2022,60811
Sun Jun 26 2022,61000
Mon Jun 27 2022,61000
Tue Jun 28 2022,61002
Wed Jun 29 2022,61146
Thu Jun 30 2022,60757
Fri Jul 01 2022,60871
Sat Jul 02 2022,60043
Sun Jul 03 2022,59906
Mon Jul 04 2022,59906
Tue Jul 05 2022,60026
Wed Jul 06 2022,60389
Thu Jul 07 2022,59790
Fri Jul 08 2022,59783
Sat Jul 09 2022,59886
Sun Jul 10 2022,59992
Mon Jul 11 2022,59992
Tue Jul 12 2022,60077
Wed Jul 13 2022,60057
Thu Jul 14 2022,60711
Fri Jul 15 2022,61000
Sat Jul 16 2022,60933
Sun Jul 17 2022,60933
Mon Jul 18 2022,60723
Tue Jul 19 2022,60732
Wed Jul 20 2022,60030
Thu Jul 21 2022,60322
Fri Jul 22 2022,60298
Sat Jul 23 2022,60147
Sun Jul 24 2022,59901
Mon Jul 25 2022,59421
Tue Jul 26 2022,59458
Wed Jul 27 2022,59376
Thu Jul 28 2022,59248
Fri Jul 29 2022,58326
Sat Jul 30 2022,58322
Sun Jul 31 2022,58296
Mon Aug 01 2022,58296
Tue Aug 02 2022,58224
Wed Aug 03 2022,57985
Thu Aug 04 2022,57447
Fri Aug 05 2022,57827
Sat Aug 06 2022,57702
Sun Aug 07 2022,57736
Mon Aug 08 2022,57597
Tue Aug 09 2022,57906
Wed Aug 10 2022,57782
Thu Aug 11 2022,57821
Fri Aug 12 2022,57320
Sat Aug 13 2022,57038
Sun Aug 14 2022,56962
Mon Aug 15 2022,55570
Tue Aug 16 2022,55485
Wed Aug 17 2022,55612
Thu Aug 18 2022,55516
Fri Aug 19 2022,55465
Sat Aug 20 2022,55456
Sun Aug 21 2022,55315
Mon Aug 22 2022,55225
Tue Aug 23 2022,55049
Wed Aug 24 2022,55072
Thu Aug 25 2022,54828
Fri Aug 26 2022,54828
Sat Aug 27 2022,54828
Sun Aug 28 2022,54828
Mon Aug 29 2022,54836
Tue Aug 30 2022,54836
Wed Aug 31 2022,54855
Thu Sep 01 2022,54855
Fri Sep 02 2022,54855
Sat Sep 03 2022,54930
Sun Sep 04 2022,55022
Mon Sep 05 2022,55461
Tue Sep 06 2022,55440
Wed Sep 07 2022,55603
Thu Sep 08 2022,55482
Fri Sep 09 2022,55644
Sat Sep 10 2022,55478
Sun Sep 11 2022,55614
Mon Sep 12 2022,55508
Tue Sep 13 2022,55462
Wed Sep 14 2022,55330
Thu Sep 15 2022,55249
Fri Sep 16 2022,55206
Sat Sep 17 2022,55325
Sun Sep 18 2022,55430
Mon Sep 19 2022,55430
Tue Sep 20 2022,56037
Wed Sep 21 2022,56082
Thu Sep 22 2022,56033
Fri Sep 23 2022,55722
Sat Sep 24 2022,55952
Sun Sep 25 2022,55946
Mon Sep 26 2022,55960
Tue Sep 27 2022,56004
Wed Sep 28 2022,55859
Thu Sep 29 2022,55821
Fri Sep 30 2022,55771
Sat Oct 01 2022,55906
Sun Oct 02 2022,55563
Mon Oct 03 2022,55563
Tue Oct 04 2022,55454
Wed Oct 05 2022,55400
Thu Oct 06 2022,55855
Fri Oct 07 2022,55115
Sat Oct 08 2022,55115
Sun Oct 09 2022,55030
Mon Oct 10 2022,54448
Tue Oct 11 2022,54497
Wed Oct 12 2022,54254
Thu Oct 13 2022,54235
Fri Oct 14 2022,53244
Sat Oct 15 2022,52669
Sun Oct 16 2022,52490
Mon Oct 17 2022,52434
Tue Oct 18 2022,52580
Wed Oct 19 2022,52410
Thu Oct 20 2022,52243
Fri Oct 21 2022,51822
Sat Oct 22 2022,51693
Sun Oct 23 2022,51888
Mon Oct 24 2022,51546
Tue Oct 25 2022,51616
Wed Oct 26 2022,51550
Thu Oct 27 2022,51460
Fri Oct 28 2022,51423
Sat Oct 29 2022,51207
Sun Oct 30 2022,51207
Mon Oct 31 2022,50953
Tue Nov 01 2022,50704
Wed Nov 02 2022,50841
Thu Nov 03 2022,50699
Fri Nov 04 2022,51067
Sat Nov 05 2022,50641
Sun Nov 06 2022,50616
Mon Nov 07 2022,49989
Tue Nov 08 2022,50020
Wed Nov 09 2022,49978
Thu Nov 10 2022,50098
Fri Nov 11 2022,50024
Sat Nov 12 2022,50143
Sun Nov 13 2022,50139
Mon Nov 14 2022,50008
Tue Nov 15 2022,50911
Wed Nov 16 2022,50559
Thu Nov 17 2022,50510
Fri Nov 18 2022,50992
Sat Nov 19 2022,49952
Sun Nov 20 2022,49954
Mon Nov 21 2022,49954
Tue Nov 22 2022,50746
Wed Nov 23 2022,50722
Thu Nov 24 2022,50152
Fri Nov 25 2022,50397
Sat Nov 26 2022,50328
Sun Nov 27 2022,50455
Mon Nov 28 2022,50621
Tue Nov 29 2022,50682
Wed Nov 30 2022,50605
Thu Dec 01 2022,50556
Fri Dec 02 2022,50595
Sat Dec 03 2022,50595
Sun Dec 04 2022,50518
Mon Dec 05 2022,50518
Tue Dec 06 2022,50504
Wed Dec 07 2022,50239
Thu Dec 08 2022,50552
Fri Dec 09 2022,50799
Sat Dec 10 2022,51617
Sun Dec 11 2022,51529
Mon Dec 12 2022,51737
Tue Dec 13 2022,51320
Wed Dec 14 2022,51306
Thu Dec 15 2022,51251
Fri Dec 16 2022,51244
Sat Dec 17 2022,51186
Sun Dec 18 2022,51130
Mon Dec 19 2022,50573
Tue Dec 20 2022,51315
Wed Dec 21 2022,50669
Thu Dec 22 2022,50826
Fri Dec 23 2022,50940
Sat Dec 24 2022,51102
Sun Dec 25 2022,51510
Mon Dec 26 2022,51510
Tue Dec 27 2022,51485
Wed Dec 28 2022,50670
Thu Dec 29 2022,50666
Fri Dec 30 2022,50578
Sat Dec 31 2022,50353
Sun Jan 01 2023,50404
Mon Jan 02 2023,51271
Tue Jan 03 2023,51213
Wed Jan 04 2023,50792
Thu Jan 05 2023,50801
Fri Jan 06 2023,49967
Sat Jan 07 2023,49784
Sun Jan 08 2023,49855
Mon Jan 09 2023,49476
Tue Jan 10 2023,49518
Wed Jan 11 2023,49498
Thu Jan 12 2023,49488
Fri Jan 13 2023,49519
Sat Jan 14 2023,49545
Sun Jan 15 2023,49652
Mon Jan 16 2023,49619
Tue Jan 17 2023,49340
Wed Jan 18 2023,48886
Thu Jan 19 2023,49360
Fri Jan 20 2023,49374
Sat Jan 21 2023,49374
Sun Jan 22 2023,49312
Mon Jan 23 2023,49680
Tue Jan 24 2023,49224
Wed Jan 25 2023,49388
Thu Jan 26 2023,49196
Fri Jan 27 2023,49584
Sat Jan 28 2023,49624
Sun Jan 29 2023,49624
Mon Jan 30 2023,49687
Tue Jan 31 2023,49633
Wed Feb 01 2023,49643
Thu Feb 02 2023,49580
Fri Feb 03 2023,49595
Sat Feb 04 2023,49776
Sun Feb 05 2023,50030
Mon Feb 06 2023,50203
Tue Feb 07 2023,50675
Wed Feb 08 2023,50883
Thu Feb 09 2023,51146
Fri Feb 10 2023,51106
Sat Feb 11 2023,50929
Sun Feb 12 2023,50933
Mon Feb 13 2023,50849
Tue Feb 14 2023,50452
Wed Feb 15 2023,50499
Thu Feb 16 2023,50466
Fri Feb 17 2023,50159
Sat Feb 18 2023,50265
Sun Feb 19 2023,50378
Mon Feb 20 2023,50378
Tue Feb 21 2023,50249
Wed Feb 22 2023,50296
Thu Feb 23 2023,50080
Fri Feb 24 2023,49416
Sat Feb 25 2023,49629
Sun Feb 26 2023,49313
Mon Feb 27 2023,49352
Tue Feb 28 2023,49403
Wed Mar 01 2023,49464
Thu Mar 02 2023,49432
Fri Mar 03 2023,49423
Sat Mar 04 2023,49286
Sun Mar 05 2023,49286
Mon Mar 06 2023,49215
Tue Mar 07 2023,49101
Wed Mar 08 2023,49013
Thu Mar 09 2023,48966
Fri Mar 10 2023,48636
Sat Mar 11 2023,48797
Sun Mar 12 2023,48835
Mon Mar 13 2023,48805
Tue Mar 14 2023,49003
Wed Mar 15 2023,48697
Thu Mar 16 2023,48579
Fri Mar 17 2023,48545
Sat Mar 18 2023,48444
Sun Mar 19 2023,48492
Mon Mar 20 2023,48519
Tue Mar 21 2023,48916
Wed Mar 22 2023,48949
Thu Mar 23 2023,48916
Fri Mar 24 2023,48617
Sat Mar 25 2023,48617
Sun Mar 26 2023,49325
Mon Mar 27 2023,49348
Tue Mar 28 2023,49954
Wed Mar 29 2023,49737
Thu Mar 30 2023,49898
Fri Mar 31 2023,49858
Sat Apr 01 2023,49583
Sun Apr 02 2023,49583
Mon Apr 03 2023,49704
Tue Apr 04 2023,49824
Wed Apr 05 2023,49701
Thu Apr 06 2023,49844
Fri Apr 07 2023,49827
Sat Apr 08 2023,49917
Sun Apr 09 2023,49843
Mon Apr 10 2023,49908
Tue Apr 11 2023,50019
Wed Apr 12 2023,50000
Thu Apr 13 2023,49817
Fri Apr 14 2023,49817
Sat Apr 15 2023,49664
Sun Apr 16 2023,49830
Mon Apr 17 2023,49830
Tue Apr 18 2023,50280
Wed Apr 19 2023,50325
Thu Apr 20 2023,50320
Fri Apr 21 2023,50261
Sat Apr 22 2023,50146
Sun Apr 23 2023,50487
Mon Apr 24 2023,50513
Tue Apr 25 2023,50381
Wed Apr 26 2023,50416
Thu Apr 27 2023,50425
Fri Apr 28 2023,50439
Sat Apr 29 2023,50594
Sun Apr 30 2023,50457
Mon May 01 2023,50302
Tue May 02 2023,50508
Wed May 03 2023,50549
Thu May 04 2023,50218
Fri May 05 2023,50122
Sat May 06 2023,49930
Sun May 07 2023,49877
Mon May 08 2023,49711
Tue May 09 2023,49701
Wed May 10 2023,49764
Thu May 11 2023,49694
Fri May 12 2023,49727
Sat May 13 2023,49603
Sun May 14 2023,49565
Mon May 15 2023,49608
Tue May 16 2023,49698
Wed May 17 2023,49650
Thu May 18 2023,49606
Fri May 19 2023,49556
Sat May 20 2023,49494
Sun May 21 2023,49295
Mon May 22 2023,49333
Tue May 23 2023,49208
Wed May 24 2023,49327
Thu May 25 2023,49399
Fri May 26 2023,49420
Sat May 27 2023,49285
Sun May 28 2023,49265
Mon May 29 2023,49037
Tue May 30 2023,48987
Wed May 31 2023,49019
Thu Jun 01 2023,48902
Fri Jun 02 2023,48822
Sat Jun 03 2023,49133
Sun Jun 04 2023,49083
Mon Jun 05 2023,49083
Tue Jun 06 2023,49044
Wed Jun 07 2023,48937
Thu Jun 08 2023,49035
Fri Jun 09 2023,49052
Sat Jun 10 2023,48875
Sun Jun 11 2023,48813
Mon Jun 12 2023,48746
Tue Jun 13 2023,49098
Wed Jun 14 2023,49198
Thu Jun 15 2023,49326
Fri Jun 16 2023,49215
Sat Jun 17 2023,49038
Sun Jun 18 2023,49038
Mon Jun 19 2023,49038
Tue Jun 20 2023,49581
Wed Jun 21 2023,49814
Thu Jun 22 2023,49814
Fri Jun 23 2023,49800
Sat Jun 24 2023,49932
Sun Jun 25 2023,49832
Mon Jun 26 2023,49884
Tue Jun 27 2023,49781
Wed Jun 28 2023,49553
Thu Jun 29 2023,49408
Fri Jun 30 2023,49150
Sat Jul 01 2023,49184
Sun Jul 02 2023,48871
Mon Jul 03 2023,48871
Tue Jul 04 2023,48882
Wed Jul 05 2023,48858
Thu Jul 06 2023,48898
Fri Jul 07 2023,48983
Sat Jul 08 2023,49067
Sun Jul 09 2023,49211
Mon Jul 10 2023,49157
Tue Jul 11 2023,49441
Wed Jul 12 2023,49450
Thu Jul 13 2023,49338
Fri Jul 14 2023,49386
Sat Jul 15 2023,49464
Sun Jul 16 2023,49272
Mon Jul 17 2023,49272
Tue Jul 18 2023,49194
Wed Jul 19 2023,49199
Thu Jul 20 2023,48876
Fri Jul 21 2023,49032
Sat Jul 22 2023,49041
Sun Jul 23 2023,48569
Mon Jul 24 2023,48159
Tue Jul 25 2023,48159
Wed Jul 26 2023,47783
Thu Jul 27 2023,47824
Fri Jul 28 2023,47698
Sat Jul 29 2023,47856
Sun Jul 30 2023,47947
Mon Jul 31 2023,48003
Tue Aug 01 2023,48321
Wed Aug 02 2023,49060
Thu Aug 03 2023,49543
Fri Aug 04 2023,49527
Sat Aug 05 2023,49537
Sun Aug 06 2023,49790
Mon Aug 07 2023,49814
Tue Aug 08 2023,49665
Wed Aug 09 2023,49526
Thu Aug 10 2023,49446
Fri Aug 11 2023,49275
Sat Aug 12 2023,49232
Sun Aug 13 2023,49286
Mon Aug 14 2023,49218
Tue Aug 15 2023,49328
Wed Aug 16 2023,49265
Thu Aug 17 2023,49119
Fri Aug 18 2023,49177
Sat Aug 19 2023,49100
Sun Aug 20 2023,48840
Mon Aug 21 2023,48631
Tue Aug 22 2023,48885
Wed Aug 23 2023,48949
Thu Aug 24 2023,49197
Fri Aug 25 2023,49204
Sat Aug 26 2023,49392
Sun Aug 27 2023,49152
Mon Aug 28 2023,49473
Tue Aug 29 2023,49841
Wed Aug 30 2023,49823
Thu Aug 31 2023,49743
Fri Sep 01 2023,49683
Sat Sep 02 2023,49407
Sun Sep 03 2023,49018
Mon Sep 04 2023,49018
Tue Sep 05 2023,48747
Wed Sep 06 2023,48789
Thu Sep 07 2023,48853
Fri Sep 08 2023,48504
Sat Sep 09 2023,48453
Sun Sep 10 2023,48122
Mon Sep 11 2023,48114
Tue Sep 12 2023,48207
Wed Sep 13 2023,48138
Thu Sep 14 2023,48166
Fri Sep 15 2023,48139
Sat Sep 16 2023,47974
Sun Sep 17 2023,48346
Mon Sep 18 2023,48346
Tue Sep 19 2023,48194
Wed Sep 20 2023,48223
Thu Sep 21 2023,48486
Fri Sep 22 2023,48357
Sat Sep 23 2023,48047
Sun Sep 24 2023,47657
Mon Sep 25 2023,47629
Tue Sep 26 2023,47772
Wed Sep 27 2023,47703
Thu Sep 28 2023,47665
Fri Sep 29 2023,47720
Sat Sep 30 2023,47323
Sun Oct 01 2023,47323
Mon Oct 02 2023,47323
Tue Oct 03 2023,47379
Wed Oct 04 2023,47298
Thu Oct 05 2023,47239
Fri Oct 06 2023,47214
Sat Oct 07 2023,47275
Sun Oct 08 2023,47222
Mon Oct 09 2023,47431
Tue Oct 10 2023,47431
Wed Oct 11 2023,47266
Thu Oct 12 2023,47603
Fri Oct 13 2023,47515
Sat Oct 14 2023,47515
Sun Oct 15 2023,47520
Mon Oct 16 2023,47519
Tue Oct 17 2023,47388
Wed Oct 18 2023,47389
Thu Oct 19 2023,47424
Fri Oct 20 2023,47349
Sat Oct 21 2023,47459
Sun Oct 22 2023,47459
Mon Oct 23 2023,47377
Tue Oct 24 2023,47187
Wed Oct 25 2023,46995
Thu Oct 26 2023,47326
Fri Oct 27 2023,47252
Sat Oct 28 2023,47037
Sun Oct 29 2023,46955
Mon Oct 30 2023,46876
Tue Oct 31 2023,46165
Wed Nov 01 2023,46174
Thu Nov 02 2023,46600
Fri Nov 03 2023,46946
Sat Nov 04 2023,47147
Sun Nov 05 2023,47022
Mon Nov 06 2023,47022
Tue Nov 07 2023,47194
Wed Nov 08 2023,47249
Thu Nov 09 2023,47454
Fri Nov 10 2023,47520
Sat Nov 11 2023,47435
Sun Nov 12 2023,47461
Mon Nov 13 2023,47388
Tue Nov 14 2023,46910
Wed Nov 15 2023,46950
Thu Nov 16 2023,46838
Fri Nov 17 2023,46370
Sat Nov 18 2023,46347
Sun Nov 19 2023,46347
Mon Nov 20 2023,46424
Tue Nov 21 2023,46315
Wed Nov 22 2023,46183
Thu Nov 23 2023,46223
Fri Nov 24 2023,46119
Sat Nov 25 2023,46143
Sun Nov 26 2023,46143
Mon Nov 27 2023,46347
Tue Nov 28 2023,46195
Wed Nov 29 2023,46573
Thu Nov 30 2023,46573
Fri Dec 01 2023,46573
