date,Audemars Piguet 15202ST (USD)
Sun Dec 02 2018,25640
Mon Dec 03 2018,25640
Tue Dec 04 2018,25640
Wed Dec 05 2018,25640
Thu Dec 06 2018,25640
Fri Dec 07 2018,25640
Sat Dec 08 2018,25640
Sun Dec 09 2018,25640
Mon Dec 10 2018,25640
Tue Dec 11 2018,25640
Wed Dec 12 2018,25640
Thu Dec 13 2018,25640
Fri Dec 14 2018,25640
Sat Dec 15 2018,25640
Sun Dec 16 2018,25640
Mon Dec 17 2018,25640
Tue Dec 18 2018,25640
Wed Dec 19 2018,25640
Thu Dec 20 2018,25640
Fri Dec 21 2018,25640
Sat Dec 22 2018,25640
Sun Dec 23 2018,25640
Mon Dec 24 2018,25640
Tue Dec 25 2018,25640
Wed Dec 26 2018,25640
Thu Dec 27 2018,25640
Fri Dec 28 2018,25640
Sat Dec 29 2018,25640
Sun Dec 30 2018,25640
Mon Dec 31 2018,25640
Tue Jan 01 2019,25640
Wed Jan 02 2019,25640
Thu Jan 03 2019,25640
Fri Jan 04 2019,25640
Sat Jan 05 2019,25640
Sun Jan 06 2019,25640
Mon Jan 07 2019,25640
Tue Jan 08 2019,25640
Wed Jan 09 2019,25640
Thu Jan 10 2019,25640
Fri Jan 11 2019,25640
Sat Jan 12 2019,25640
Sun Jan 13 2019,25640
Mon Jan 14 2019,25640
Tue Jan 15 2019,25640
Wed Jan 16 2019,25640
Thu Jan 17 2019,25640
Fri Jan 18 2019,25640
Sat Jan 19 2019,25640
Sun Jan 20 2019,25640
Mon Jan 21 2019,25640
Tue Jan 22 2019,25640
Wed Jan 23 2019,25640
Thu Jan 24 2019,25640
Fri Jan 25 2019,25640
Sat Jan 26 2019,25640
Sun Jan 27 2019,25640
Mon Jan 28 2019,25640
Tue Jan 29 2019,25640
Wed Jan 30 2019,25640
Thu Jan 31 2019,25640
Fri Feb 01 2019,25640
Sat Feb 02 2019,25640
Sun Feb 03 2019,25640
Mon Feb 04 2019,25640
Tue Feb 05 2019,25640
Wed Feb 06 2019,25640
Thu Feb 07 2019,25640
Fri Feb 08 2019,25640
Sat Feb 09 2019,25640
Sun Feb 10 2019,25640
Mon Feb 11 2019,25640
Tue Feb 12 2019,25640
Wed Feb 13 2019,25640
Thu Feb 14 2019,25640
Fri Feb 15 2019,25640
Sat Feb 16 2019,25640
Sun Feb 17 2019,25640
Mon Feb 18 2019,25640
Tue Feb 19 2019,25640
Wed Feb 20 2019,25640
Thu Feb 21 2019,25640
Fri Feb 22 2019,25640
Sat Feb 23 2019,25640
Sun Feb 24 2019,25640
Mon Feb 25 2019,25640
Tue Feb 26 2019,25640
Wed Feb 27 2019,25640
Thu Feb 28 2019,25640
Fri Mar 01 2019,25640
Sat Mar 02 2019,25640
Sun Mar 03 2019,25640
Mon Mar 04 2019,25640
Tue Mar 05 2019,25640
Wed Mar 06 2019,25640
Thu Mar 07 2019,25640
Fri Mar 08 2019,25640
Sat Mar 09 2019,25640
Sun Mar 10 2019,25640
Mon Mar 11 2019,25640
Tue Mar 12 2019,25640
Wed Mar 13 2019,25640
Thu Mar 14 2019,26572
Fri Mar 15 2019,26572
Sat Mar 16 2019,26572
Sun Mar 17 2019,26572
Mon Mar 18 2019,26991
Tue Mar 19 2019,26991
Wed Mar 20 2019,26991
Thu Mar 21 2019,26991
Fri Mar 22 2019,26991
Sat Mar 23 2019,26991
Sun Mar 24 2019,26991
Mon Mar 25 2019,26991
Tue Mar 26 2019,26991
Wed Mar 27 2019,26991
Thu Mar 28 2019,26991
Fri Mar 29 2019,26991
Sat Mar 30 2019,26991
Sun Mar 31 2019,26991
Mon Apr 01 2019,27454
Tue Apr 02 2019,27454
Wed Apr 03 2019,27454
Thu Apr 04 2019,27454
Fri Apr 05 2019,27454
Sat Apr 06 2019,27454
Sun Apr 07 2019,27454
Mon Apr 08 2019,27454
Tue Apr 09 2019,27454
Wed Apr 10 2019,26933
Thu Apr 11 2019,27316
Fri Apr 12 2019,27316
Sat Apr 13 2019,27316
Sun Apr 14 2019,27316
Mon Apr 15 2019,27316
Tue Apr 16 2019,27316
Wed Apr 17 2019,27316
Thu Apr 18 2019,27316
Fri Apr 19 2019,27316
Sat Apr 20 2019,27316
Sun Apr 21 2019,27316
Mon Apr 22 2019,27316
Tue Apr 23 2019,27316
Wed Apr 24 2019,27316
Thu Apr 25 2019,27316
Fri Apr 26 2019,27316
Sat Apr 27 2019,27316
Sun Apr 28 2019,27316
Mon Apr 29 2019,27316
Tue Apr 30 2019,27316
Wed May 01 2019,27316
Thu May 02 2019,27316
Fri May 03 2019,27316
Sat May 04 2019,27316
Sun May 05 2019,27316
Mon May 06 2019,27316
Tue May 07 2019,27316
Wed May 08 2019,27316
Thu May 09 2019,27316
Fri May 10 2019,27316
Sat May 11 2019,27316
Sun May 12 2019,27316
Mon May 13 2019,27316
Tue May 14 2019,27316
Wed May 15 2019,27316
Thu May 16 2019,27316
Fri May 17 2019,27316
Sat May 18 2019,27316
Sun May 19 2019,27316
Mon May 20 2019,27316
Tue May 21 2019,27316
Wed May 22 2019,27316
Thu May 23 2019,27316
Fri May 24 2019,27316
Sat May 25 2019,27316
Sun May 26 2019,27316
Mon May 27 2019,27316
Tue May 28 2019,27316
Wed May 29 2019,27316
Thu May 30 2019,27316
Fri May 31 2019,27316
Sat Jun 01 2019,27316
Sun Jun 02 2019,27316
Mon Jun 03 2019,27316
Tue Jun 04 2019,27316
Wed Jun 05 2019,27316
Thu Jun 06 2019,27316
Fri Jun 07 2019,27316
Sat Jun 08 2019,27316
Sun Jun 09 2019,27316
Mon Jun 10 2019,27316
Tue Jun 11 2019,27316
Wed Jun 12 2019,27316
Thu Jun 13 2019,27316
Fri Jun 14 2019,27316
Sat Jun 15 2019,27316
Sun Jun 16 2019,27316
Mon Jun 17 2019,27316
Tue Jun 18 2019,27316
Wed Jun 19 2019,27316
Thu Jun 20 2019,27316
Fri Jun 21 2019,27316
Sat Jun 22 2019,27316
Sun Jun 23 2019,27316
Mon Jun 24 2019,27316
Tue Jun 25 2019,27316
Wed Jun 26 2019,27316
Thu Jun 27 2019,27316
Fri Jun 28 2019,27316
Sat Jun 29 2019,27316
Sun Jun 30 2019,27316
Mon Jul 01 2019,28219
Tue Jul 02 2019,28219
Wed Jul 03 2019,28219
Thu Jul 04 2019,28219
Fri Jul 05 2019,28219
Sat Jul 06 2019,28219
Sun Jul 07 2019,28219
Mon Jul 08 2019,28219
Tue Jul 09 2019,28219
Wed Jul 10 2019,28219
Thu Jul 11 2019,28219
Fri Jul 12 2019,28219
Sat Jul 13 2019,28219
Sun Jul 14 2019,28219
Mon Jul 15 2019,28219
Tue Jul 16 2019,28219
Wed Jul 17 2019,28219
Thu Jul 18 2019,28219
Fri Jul 19 2019,28219
Sat Jul 20 2019,28219
Sun Jul 21 2019,28219
Mon Jul 22 2019,28219
Tue Jul 23 2019,28219
Wed Jul 24 2019,28219
Thu Jul 25 2019,28219
Fri Jul 26 2019,28802
Sat Jul 27 2019,28802
Sun Jul 28 2019,28802
Mon Jul 29 2019,28802
Tue Jul 30 2019,28802
Wed Jul 31 2019,28802
Thu Aug 01 2019,28802
Fri Aug 02 2019,28802
Sat Aug 03 2019,28802
Sun Aug 04 2019,28802
Mon Aug 05 2019,28802
Tue Aug 06 2019,28802
Wed Aug 07 2019,28802
Thu Aug 08 2019,28802
Fri Aug 09 2019,28802
Sat Aug 10 2019,28802
Sun Aug 11 2019,29153
Mon Aug 12 2019,29153
Tue Aug 13 2019,29153
Wed Aug 14 2019,29153
Thu Aug 15 2019,29153
Fri Aug 16 2019,29153
Sat Aug 17 2019,29153
Sun Aug 18 2019,29153
Mon Aug 19 2019,29153
Tue Aug 20 2019,29153
Wed Aug 21 2019,29153
Thu Aug 22 2019,29153
Fri Aug 23 2019,29153
Sat Aug 24 2019,29153
Sun Aug 25 2019,29153
Mon Aug 26 2019,29153
Tue Aug 27 2019,29153
Wed Aug 28 2019,29153
Thu Aug 29 2019,29153
Fri Aug 30 2019,29153
Sat Aug 31 2019,29153
Sun Sep 01 2019,29153
Mon Sep 02 2019,29153
Tue Sep 03 2019,29153
Wed Sep 04 2019,29153
Thu Sep 05 2019,29153
Fri Sep 06 2019,29153
Sat Sep 07 2019,29936
Sun Sep 08 2019,29936
Mon Sep 09 2019,29936
Tue Sep 10 2019,29936
Wed Sep 11 2019,29936
Thu Sep 12 2019,29936
Fri Sep 13 2019,29936
Sat Sep 14 2019,29936
Sun Sep 15 2019,29936
Mon Sep 16 2019,29936
Tue Sep 17 2019,29936
Wed Sep 18 2019,29936
Thu Sep 19 2019,29936
Fri Sep 20 2019,29936
Sat Sep 21 2019,29936
Sun Sep 22 2019,29936
Mon Sep 23 2019,29936
Tue Sep 24 2019,29936
Wed Sep 25 2019,29936
Thu Sep 26 2019,29936
Fri Sep 27 2019,29936
Sat Sep 28 2019,29936
Sun Sep 29 2019,29936
Mon Sep 30 2019,29936
Tue Oct 01 2019,29936
Wed Oct 02 2019,29936
Thu Oct 03 2019,29936
Fri Oct 04 2019,29936
Sat Oct 05 2019,29936
Sun Oct 06 2019,29936
Mon Oct 07 2019,29936
Tue Oct 08 2019,29936
Wed Oct 09 2019,29936
Thu Oct 10 2019,29936
Fri Oct 11 2019,29936
Sat Oct 12 2019,29936
Sun Oct 13 2019,29936
Mon Oct 14 2019,29936
Tue Oct 15 2019,29936
Wed Oct 16 2019,29936
Thu Oct 17 2019,29936
Fri Oct 18 2019,29936
Sat Oct 19 2019,29936
Sun Oct 20 2019,29936
Mon Oct 21 2019,29936
Tue Oct 22 2019,29936
Wed Oct 23 2019,29936
Thu Oct 24 2019,29936
Fri Oct 25 2019,29936
Sat Oct 26 2019,29936
Sun Oct 27 2019,29936
Mon Oct 28 2019,29936
Tue Oct 29 2019,29936
Wed Oct 30 2019,29936
Thu Oct 31 2019,29936
Fri Nov 01 2019,29936
Sat Nov 02 2019,29936
Sun Nov 03 2019,29936
Mon Nov 04 2019,29936
Tue Nov 05 2019,29936
Wed Nov 06 2019,29936
Thu Nov 07 2019,29936
Fri Nov 08 2019,29936
Sat Nov 09 2019,29936
Sun Nov 10 2019,29936
Mon Nov 11 2019,29936
Tue Nov 12 2019,29936
Wed Nov 13 2019,29936
Thu Nov 14 2019,29936
Fri Nov 15 2019,29936
Sat Nov 16 2019,29936
Sun Nov 17 2019,29936
Mon Nov 18 2019,29936
Tue Nov 19 2019,29936
Wed Nov 20 2019,31148
Thu Nov 21 2019,31409
Fri Nov 22 2019,31409
Sat Nov 23 2019,31409
Sun Nov 24 2019,31409
Mon Nov 25 2019,31409
Tue Nov 26 2019,31409
Wed Nov 27 2019,31409
Thu Nov 28 2019,31409
Fri Nov 29 2019,31409
Sat Nov 30 2019,31409
Sun Dec 01 2019,31409
Mon Dec 02 2019,31409
Tue Dec 03 2019,31733
Wed Dec 04 2019,31733
Thu Dec 05 2019,31733
Fri Dec 06 2019,31733
Sat Dec 07 2019,31733
Sun Dec 08 2019,31733
Mon Dec 09 2019,31733
Tue Dec 10 2019,31733
Wed Dec 11 2019,31733
Thu Dec 12 2019,31733
Fri Dec 13 2019,31733
Sat Dec 14 2019,31733
Sun Dec 15 2019,31733
Mon Dec 16 2019,31733
Tue Dec 17 2019,31733
Wed Dec 18 2019,31733
Thu Dec 19 2019,31733
Fri Dec 20 2019,31733
Sat Dec 21 2019,31733
Sun Dec 22 2019,31733
Mon Dec 23 2019,31733
Tue Dec 24 2019,31733
Wed Dec 25 2019,31733
Thu Dec 26 2019,31733
Fri Dec 27 2019,31733
Sat Dec 28 2019,31733
Sun Dec 29 2019,31733
Mon Dec 30 2019,31733
Tue Dec 31 2019,31733
Wed Jan 01 2020,31733
Thu Jan 02 2020,31733
Fri Jan 03 2020,31733
Sat Jan 04 2020,31733
Sun Jan 05 2020,31733
Mon Jan 06 2020,31733
Tue Jan 07 2020,31733
Wed Jan 08 2020,31733
Thu Jan 09 2020,31733
Fri Jan 10 2020,31733
Sat Jan 11 2020,31733
Sun Jan 12 2020,31733
Mon Jan 13 2020,31733
Tue Jan 14 2020,31733
Wed Jan 15 2020,31733
Thu Jan 16 2020,31733
Fri Jan 17 2020,31733
Sat Jan 18 2020,31733
Sun Jan 19 2020,31733
Mon Jan 20 2020,31733
Tue Jan 21 2020,31733
Wed Jan 22 2020,31733
Thu Jan 23 2020,31733
Fri Jan 24 2020,31733
Sat Jan 25 2020,31733
Sun Jan 26 2020,31733
Mon Jan 27 2020,31733
Tue Jan 28 2020,31733
Wed Jan 29 2020,31733
Thu Jan 30 2020,31733
Fri Jan 31 2020,31733
Sat Feb 01 2020,31733
Sun Feb 02 2020,31733
Mon Feb 03 2020,31733
Tue Feb 04 2020,31733
Wed Feb 05 2020,31733
Thu Feb 06 2020,31733
Fri Feb 07 2020,31733
Sat Feb 08 2020,31894
Sun Feb 09 2020,31894
Mon Feb 10 2020,31894
Tue Feb 11 2020,31894
Wed Feb 12 2020,31894
Thu Feb 13 2020,31894
Fri Feb 14 2020,31894
Sat Feb 15 2020,32062
Sun Feb 16 2020,32062
Mon Feb 17 2020,32062
Tue Feb 18 2020,32062
Wed Feb 19 2020,32062
Thu Feb 20 2020,32062
Fri Feb 21 2020,32062
Sat Feb 22 2020,32062
Sun Feb 23 2020,32062
Mon Feb 24 2020,32062
Tue Feb 25 2020,32062
Wed Feb 26 2020,32062
Thu Feb 27 2020,32062
Fri Feb 28 2020,32062
Sat Feb 29 2020,32062
Sun Mar 01 2020,32062
Mon Mar 02 2020,32062
Tue Mar 03 2020,32062
Wed Mar 04 2020,32062
Thu Mar 05 2020,33446
Fri Mar 06 2020,33446
Sat Mar 07 2020,33446
Sun Mar 08 2020,33446
Mon Mar 09 2020,33446
Tue Mar 10 2020,33446
Wed Mar 11 2020,33446
Thu Mar 12 2020,33446
Fri Mar 13 2020,33446
Sat Mar 14 2020,33446
Sun Mar 15 2020,33446
Mon Mar 16 2020,33446
Tue Mar 17 2020,33446
Wed Mar 18 2020,33446
Thu Mar 19 2020,33446
Fri Mar 20 2020,33446
Sat Mar 21 2020,33446
Sun Mar 22 2020,33446
Mon Mar 23 2020,33446
Tue Mar 24 2020,33446
Wed Mar 25 2020,33446
Thu Mar 26 2020,33446
Fri Mar 27 2020,33446
Sat Mar 28 2020,33446
Sun Mar 29 2020,33446
Mon Mar 30 2020,33446
Tue Mar 31 2020,33446
Wed Apr 01 2020,33446
Thu Apr 02 2020,33446
Fri Apr 03 2020,33446
Sat Apr 04 2020,33446
Sun Apr 05 2020,33446
Mon Apr 06 2020,33446
Tue Apr 07 2020,33446
Wed Apr 08 2020,33446
Thu Apr 09 2020,33446
Fri Apr 10 2020,33446
Sat Apr 11 2020,33446
Sun Apr 12 2020,33446
Mon Apr 13 2020,33446
Tue Apr 14 2020,33446
Wed Apr 15 2020,33446
Thu Apr 16 2020,33446
Fri Apr 17 2020,33446
Sat Apr 18 2020,33446
Sun Apr 19 2020,33446
Mon Apr 20 2020,33446
Tue Apr 21 2020,33446
Wed Apr 22 2020,33446
Thu Apr 23 2020,33446
Fri Apr 24 2020,33446
Sat Apr 25 2020,33446
Sun Apr 26 2020,33446
Mon Apr 27 2020,33446
Tue Apr 28 2020,33446
Wed Apr 29 2020,33446
Thu Apr 30 2020,33446
Fri May 01 2020,34613
Sat May 02 2020,34613
Sun May 03 2020,34613
Mon May 04 2020,34613
Tue May 05 2020,34613
Wed May 06 2020,34613
Thu May 07 2020,34613
Fri May 08 2020,34613
Sat May 09 2020,34613
Sun May 10 2020,34613
Mon May 11 2020,34613
Tue May 12 2020,34613
Wed May 13 2020,34613
Thu May 14 2020,34613
Fri May 15 2020,34613
Sat May 16 2020,34613
Sun May 17 2020,34613
Mon May 18 2020,34613
Tue May 19 2020,34613
Wed May 20 2020,34613
Thu May 21 2020,35254
Fri May 22 2020,35254
Sat May 23 2020,35254
Sun May 24 2020,35254
Mon May 25 2020,35254
Tue May 26 2020,35254
Wed May 27 2020,35254
Thu May 28 2020,35254
Fri May 29 2020,35254
Sat May 30 2020,35254
Sun May 31 2020,35254
Mon Jun 01 2020,35254
Tue Jun 02 2020,35254
Wed Jun 03 2020,35254
Thu Jun 04 2020,35254
Fri Jun 05 2020,35254
Sat Jun 06 2020,35254
Sun Jun 07 2020,35254
Mon Jun 08 2020,35254
Tue Jun 09 2020,35254
Wed Jun 10 2020,35254
Thu Jun 11 2020,35254
Fri Jun 12 2020,35254
Sat Jun 13 2020,35254
Sun Jun 14 2020,35254
Mon Jun 15 2020,35254
Tue Jun 16 2020,35254
Wed Jun 17 2020,35254
Thu Jun 18 2020,35254
Fri Jun 19 2020,35254
Sat Jun 20 2020,35254
Sun Jun 21 2020,35254
Mon Jun 22 2020,35254
Tue Jun 23 2020,35254
Wed Jun 24 2020,35254
Thu Jun 25 2020,35254
Fri Jun 26 2020,35254
Sat Jun 27 2020,35254
Sun Jun 28 2020,35254
Mon Jun 29 2020,35254
Tue Jun 30 2020,35254
Wed Jul 01 2020,35254
Thu Jul 02 2020,35254
Fri Jul 03 2020,35254
Sat Jul 04 2020,35254
Sun Jul 05 2020,35254
Mon Jul 06 2020,35254
Tue Jul 07 2020,35254
Wed Jul 08 2020,35254
Thu Jul 09 2020,35254
Fri Jul 10 2020,35254
Sat Jul 11 2020,35254
Sun Jul 12 2020,35254
Mon Jul 13 2020,35254
Tue Jul 14 2020,35254
Wed Jul 15 2020,35254
Thu Jul 16 2020,35254
Fri Jul 17 2020,35254
Sat Jul 18 2020,35254
Sun Jul 19 2020,35254
Mon Jul 20 2020,35254
Tue Jul 21 2020,35254
Wed Jul 22 2020,35254
Thu Jul 23 2020,35254
Fri Jul 24 2020,35254
Sat Jul 25 2020,35254
Sun Jul 26 2020,35254
Mon Jul 27 2020,35254
Tue Jul 28 2020,35254
Wed Jul 29 2020,35254
Thu Jul 30 2020,35254
Fri Jul 31 2020,35254
Sat Aug 01 2020,35254
Sun Aug 02 2020,35254
Mon Aug 03 2020,35254
Tue Aug 04 2020,35254
Wed Aug 05 2020,35254
Thu Aug 06 2020,35254
Fri Aug 07 2020,35254
Sat Aug 08 2020,35254
Sun Aug 09 2020,35254
Mon Aug 10 2020,35254
Tue Aug 11 2020,35254
Wed Aug 12 2020,35254
Thu Aug 13 2020,35254
Fri Aug 14 2020,35254
Sat Aug 15 2020,35254
Sun Aug 16 2020,35254
Mon Aug 17 2020,35254
Tue Aug 18 2020,35254
Wed Aug 19 2020,35254
Thu Aug 20 2020,35254
Fri Aug 21 2020,35254
Sat Aug 22 2020,35254
Sun Aug 23 2020,35254
Mon Aug 24 2020,35254
Tue Aug 25 2020,35254
Wed Aug 26 2020,35254
Thu Aug 27 2020,35254
Fri Aug 28 2020,35254
Sat Aug 29 2020,35254
Sun Aug 30 2020,35254
Mon Aug 31 2020,35254
Tue Sep 01 2020,35254
Wed Sep 02 2020,35254
Thu Sep 03 2020,35254
Fri Sep 04 2020,35254
Sat Sep 05 2020,35254
Sun Sep 06 2020,35254
Mon Sep 07 2020,35254
Tue Sep 08 2020,35254
Wed Sep 09 2020,35254
Thu Sep 10 2020,35254
Fri Sep 11 2020,35254
Sat Sep 12 2020,35254
Sun Sep 13 2020,35254
Mon Sep 14 2020,35254
Tue Sep 15 2020,35254
Wed Sep 16 2020,35254
Thu Sep 17 2020,35254
Fri Sep 18 2020,35254
Sat Sep 19 2020,35254
Sun Sep 20 2020,35254
Mon Sep 21 2020,35254
Tue Sep 22 2020,35254
Wed Sep 23 2020,35254
Thu Sep 24 2020,35254
Fri Sep 25 2020,35254
Sat Sep 26 2020,35254
Sun Sep 27 2020,35254
Mon Sep 28 2020,35254
Tue Sep 29 2020,35254
Wed Sep 30 2020,35254
Thu Oct 01 2020,35254
Fri Oct 02 2020,35254
Sat Oct 03 2020,35254
Sun Oct 04 2020,35254
Mon Oct 05 2020,35254
Tue Oct 06 2020,35254
Wed Oct 07 2020,35900
Thu Oct 08 2020,35900
Fri Oct 09 2020,35900
Sat Oct 10 2020,35900
Sun Oct 11 2020,35900
Mon Oct 12 2020,35900
Tue Oct 13 2020,35900
Wed Oct 14 2020,35900
Thu Oct 15 2020,35900
Fri Oct 16 2020,35900
Sat Oct 17 2020,36864
Sun Oct 18 2020,37184
Mon Oct 19 2020,37184
Tue Oct 20 2020,37184
Wed Oct 21 2020,37147
Thu Oct 22 2020,38377
Fri Oct 23 2020,38377
Sat Oct 24 2020,38215
Sun Oct 25 2020,38215
Mon Oct 26 2020,39402
Tue Oct 27 2020,39402
Wed Oct 28 2020,39599
Thu Oct 29 2020,39951
Fri Oct 30 2020,39951
Sat Oct 31 2020,39951
Sun Nov 01 2020,41221
Mon Nov 02 2020,41221
Tue Nov 03 2020,41767
Wed Nov 04 2020,41767
Thu Nov 05 2020,41767
Fri Nov 06 2020,41923
Sat Nov 07 2020,42779
Sun Nov 08 2020,42620
Mon Nov 09 2020,44040
Tue Nov 10 2020,44460
Wed Nov 11 2020,43565
Thu Nov 12 2020,43565
Fri Nov 13 2020,43565
Sat Nov 14 2020,44866
Sun Nov 15 2020,43855
Mon Nov 16 2020,43855
Tue Nov 17 2020,43855
Wed Nov 18 2020,44019
Thu Nov 19 2020,43928
Fri Nov 20 2020,43664
Sat Nov 21 2020,43643
Sun Nov 22 2020,43643
Mon Nov 23 2020,44131
Tue Nov 24 2020,44152
Wed Nov 25 2020,44152
Thu Nov 26 2020,44179
Fri Nov 27 2020,43896
Sat Nov 28 2020,43896
Sun Nov 29 2020,43929
Mon Nov 30 2020,43158
Tue Dec 01 2020,42600
Wed Dec 02 2020,43157
Thu Dec 03 2020,43538
Fri Dec 04 2020,43538
Sat Dec 05 2020,43538
Sun Dec 06 2020,45066
Mon Dec 07 2020,45017
Tue Dec 08 2020,44913
Wed Dec 09 2020,44913
Thu Dec 10 2020,45266
Fri Dec 11 2020,45253
Sat Dec 12 2020,43605
Sun Dec 13 2020,43957
Mon Dec 14 2020,43957
Tue Dec 15 2020,43957
Wed Dec 16 2020,43957
Thu Dec 17 2020,43957
Fri Dec 18 2020,43950
Sat Dec 19 2020,43950
Sun Dec 20 2020,43951
Mon Dec 21 2020,45357
Tue Dec 22 2020,45329
Wed Dec 23 2020,44861
Thu Dec 24 2020,44861
Fri Dec 25 2020,44861
Sat Dec 26 2020,44861
Sun Dec 27 2020,44861
Mon Dec 28 2020,44861
Tue Dec 29 2020,44861
Wed Dec 30 2020,44861
Thu Dec 31 2020,44940
Fri Jan 01 2021,44940
Sat Jan 02 2021,44940
Sun Jan 03 2021,44940
Mon Jan 04 2021,45401
Tue Jan 05 2021,45345
Wed Jan 06 2021,46993
Thu Jan 07 2021,46993
Fri Jan 08 2021,47241
Sat Jan 09 2021,47241
Sun Jan 10 2021,48535
Mon Jan 11 2021,48346
Tue Jan 12 2021,48419
Wed Jan 13 2021,48419
Thu Jan 14 2021,48419
Fri Jan 15 2021,48538
Sat Jan 16 2021,48596
Sun Jan 17 2021,48596
Mon Jan 18 2021,48596
Tue Jan 19 2021,47490
Wed Jan 20 2021,47490
Thu Jan 21 2021,47545
Fri Jan 22 2021,47733
Sat Jan 23 2021,47733
Sun Jan 24 2021,47733
Mon Jan 25 2021,47969
Tue Jan 26 2021,47969
Wed Jan 27 2021,47969
Thu Jan 28 2021,47969
Fri Jan 29 2021,46947
Sat Jan 30 2021,46947
Sun Jan 31 2021,46892
Mon Feb 01 2021,46892
Tue Feb 02 2021,46774
Wed Feb 03 2021,46724
Thu Feb 04 2021,46420
Fri Feb 05 2021,46420
Sat Feb 06 2021,46885
Sun Feb 07 2021,46885
Mon Feb 08 2021,46885
Tue Feb 09 2021,48227
Wed Feb 10 2021,47219
Thu Feb 11 2021,47219
Fri Feb 12 2021,47465
Sat Feb 13 2021,47465
Sun Feb 14 2021,47465
Mon Feb 15 2021,48428
Tue Feb 16 2021,47563
Wed Feb 17 2021,48769
Thu Feb 18 2021,48886
Fri Feb 19 2021,49084
Sat Feb 20 2021,49084
Sun Feb 21 2021,49084
Mon Feb 22 2021,49075
Tue Feb 23 2021,49075
Wed Feb 24 2021,49094
Thu Feb 25 2021,50253
Fri Feb 26 2021,50253
Sat Feb 27 2021,51379
Sun Feb 28 2021,51379
Mon Mar 01 2021,51483
Tue Mar 02 2021,51483
Wed Mar 03 2021,51620
Thu Mar 04 2021,51129
Fri Mar 05 2021,51129
Sat Mar 06 2021,51069
Sun Mar 07 2021,51067
Mon Mar 08 2021,51208
Tue Mar 09 2021,51208
Wed Mar 10 2021,51350
Thu Mar 11 2021,51510
Fri Mar 12 2021,51770
Sat Mar 13 2021,51807
Sun Mar 14 2021,51807
Mon Mar 15 2021,51935
Tue Mar 16 2021,52011
Wed Mar 17 2021,52391
Thu Mar 18 2021,52391
Fri Mar 19 2021,52391
Sat Mar 20 2021,52391
Sun Mar 21 2021,52391
Mon Mar 22 2021,52391
Tue Mar 23 2021,52391
Wed Mar 24 2021,52916
Thu Mar 25 2021,52916
Fri Mar 26 2021,52916
Sat Mar 27 2021,52916
Sun Mar 28 2021,52916
Mon Mar 29 2021,53541
Tue Mar 30 2021,53674
Wed Mar 31 2021,53632
Thu Apr 01 2021,54415
Fri Apr 02 2021,53951
Sat Apr 03 2021,53951
Sun Apr 04 2021,53974
Mon Apr 05 2021,53974
Tue Apr 06 2021,54149
Wed Apr 07 2021,54115
Thu Apr 08 2021,54115
Fri Apr 09 2021,54176
Sat Apr 10 2021,54176
Sun Apr 11 2021,54176
Mon Apr 12 2021,54909
Tue Apr 13 2021,54722
Wed Apr 14 2021,54722
Thu Apr 15 2021,54722
Fri Apr 16 2021,55271
Sat Apr 17 2021,55406
Sun Apr 18 2021,55406
Mon Apr 19 2021,55406
Tue Apr 20 2021,55406
Wed Apr 21 2021,55288
Thu Apr 22 2021,55288
Fri Apr 23 2021,55392
Sat Apr 24 2021,55392
Sun Apr 25 2021,55392
Mon Apr 26 2021,60899
Tue Apr 27 2021,63082
Wed Apr 28 2021,64182
Thu Apr 29 2021,64859
Fri Apr 30 2021,65243
Sat May 01 2021,66196
Sun May 02 2021,66196
Mon May 03 2021,67011
Tue May 04 2021,68091
Wed May 05 2021,68149
Thu May 06 2021,67646
Fri May 07 2021,68068
Sat May 08 2021,68969
Sun May 09 2021,69840
Mon May 10 2021,70559
Tue May 11 2021,70559
Wed May 12 2021,71337
Thu May 13 2021,71337
Fri May 14 2021,71666
Sat May 15 2021,73357
Sun May 16 2021,73357
Mon May 17 2021,75613
Tue May 18 2021,75613
Wed May 19 2021,75613
Thu May 20 2021,80241
Fri May 21 2021,84094
Sat May 22 2021,84094
Sun May 23 2021,84612
Mon May 24 2021,84612
Tue May 25 2021,84612
Wed May 26 2021,84612
Thu May 27 2021,84916
Fri May 28 2021,84742
Sat May 29 2021,84742
Sun May 30 2021,84742
Mon May 31 2021,83938
Tue Jun 01 2021,83938
Wed Jun 02 2021,86406
Thu Jun 03 2021,85127
Fri Jun 04 2021,84950
Sat Jun 05 2021,85049
Sun Jun 06 2021,85049
Mon Jun 07 2021,85049
Tue Jun 08 2021,84319
Wed Jun 09 2021,84319
Thu Jun 10 2021,83640
Fri Jun 11 2021,84748
Sat Jun 12 2021,84748
Sun Jun 13 2021,84748
Mon Jun 14 2021,84156
Tue Jun 15 2021,84156
Wed Jun 16 2021,83297
Thu Jun 17 2021,83297
Fri Jun 18 2021,83464
Sat Jun 19 2021,83464
Sun Jun 20 2021,83698
Mon Jun 21 2021,85917
Tue Jun 22 2021,85212
Wed Jun 23 2021,83023
Thu Jun 24 2021,83023
Fri Jun 25 2021,84877
Sat Jun 26 2021,85210
Sun Jun 27 2021,85051
Mon Jun 28 2021,85240
Tue Jun 29 2021,84737
Wed Jun 30 2021,84073
Thu Jul 01 2021,84147
Fri Jul 02 2021,84464
Sat Jul 03 2021,83960
Sun Jul 04 2021,83865
Mon Jul 05 2021,83865
Tue Jul 06 2021,83585
Wed Jul 07 2021,84422
Thu Jul 08 2021,84422
Fri Jul 09 2021,83853
Sat Jul 10 2021,83431
Sun Jul 11 2021,83431
Mon Jul 12 2021,83431
Tue Jul 13 2021,83516
Wed Jul 14 2021,83243
Thu Jul 15 2021,83083
Fri Jul 16 2021,83374
Sat Jul 17 2021,82912
Sun Jul 18 2021,82912
Mon Jul 19 2021,82912
Tue Jul 20 2021,82912
Wed Jul 21 2021,82912
Thu Jul 22 2021,83233
Fri Jul 23 2021,83233
Sat Jul 24 2021,84150
Sun Jul 25 2021,84150
Mon Jul 26 2021,84133
Tue Jul 27 2021,83787
Wed Jul 28 2021,83787
Thu Jul 29 2021,84055
Fri Jul 30 2021,84098
Sat Jul 31 2021,84097
Sun Aug 01 2021,84097
Mon Aug 02 2021,84259
Tue Aug 03 2021,84296
Wed Aug 04 2021,84285
Thu Aug 05 2021,83818
Fri Aug 06 2021,83140
Sat Aug 07 2021,83466
Sun Aug 08 2021,83466
Mon Aug 09 2021,83346
Tue Aug 10 2021,82940
Wed Aug 11 2021,83181
Thu Aug 12 2021,83181
Fri Aug 13 2021,83279
Sat Aug 14 2021,82548
Sun Aug 15 2021,82548
Mon Aug 16 2021,82447
Tue Aug 17 2021,82447
Wed Aug 18 2021,82450
Thu Aug 19 2021,82450
Fri Aug 20 2021,82456
Sat Aug 21 2021,82554
Sun Aug 22 2021,82295
Mon Aug 23 2021,82295
Tue Aug 24 2021,82269
Wed Aug 25 2021,82388
Thu Aug 26 2021,82545
Fri Aug 27 2021,82421
Sat Aug 28 2021,82292
Sun Aug 29 2021,82315
Mon Aug 30 2021,82315
Tue Aug 31 2021,82679
Wed Sep 01 2021,82847
Thu Sep 02 2021,82847
Fri Sep 03 2021,82642
Sat Sep 04 2021,82642
Sun Sep 05 2021,82642
Mon Sep 06 2021,82642
Tue Sep 07 2021,82004
Wed Sep 08 2021,82004
Thu Sep 09 2021,82004
Fri Sep 10 2021,82436
Sat Sep 11 2021,82747
Sun Sep 12 2021,82747
Mon Sep 13 2021,82935
Tue Sep 14 2021,82770
Wed Sep 15 2021,83097
Thu Sep 16 2021,83263
Fri Sep 17 2021,83306
Sat Sep 18 2021,82926
Sun Sep 19 2021,82926
Mon Sep 20 2021,86186
Tue Sep 21 2021,86742
Wed Sep 22 2021,86427
Thu Sep 23 2021,86639
Fri Sep 24 2021,87039
Sat Sep 25 2021,87039
Sun Sep 26 2021,87308
Mon Sep 27 2021,87487
Tue Sep 28 2021,87669
Wed Sep 29 2021,87678
Thu Sep 30 2021,87830
Fri Oct 01 2021,87481
Sat Oct 02 2021,87551
Sun Oct 03 2021,87439
Mon Oct 04 2021,87632
Tue Oct 05 2021,87242
Wed Oct 06 2021,87454
Thu Oct 07 2021,85620
Fri Oct 08 2021,86757
Sat Oct 09 2021,86675
Sun Oct 10 2021,86675
Mon Oct 11 2021,86471
Tue Oct 12 2021,86576
Wed Oct 13 2021,86687
Thu Oct 14 2021,86031
Fri Oct 15 2021,85981
Sat Oct 16 2021,85690
Sun Oct 17 2021,85690
Mon Oct 18 2021,85624
Tue Oct 19 2021,85357
Wed Oct 20 2021,85452
Thu Oct 21 2021,85543
Fri Oct 22 2021,85537
Sat Oct 23 2021,85537
Sun Oct 24 2021,85537
Mon Oct 25 2021,83234
Tue Oct 26 2021,83477
Wed Oct 27 2021,84052
Thu Oct 28 2021,83893
Fri Oct 29 2021,83268
Sat Oct 30 2021,83324
Sun Oct 31 2021,83324
Mon Nov 01 2021,83281
Tue Nov 02 2021,83482
Wed Nov 03 2021,83533
Thu Nov 04 2021,83629
Fri Nov 05 2021,84692
Sat Nov 06 2021,84692
Sun Nov 07 2021,85133
Mon Nov 08 2021,85133
Tue Nov 09 2021,85289
Wed Nov 10 2021,85503
Thu Nov 11 2021,86338
Fri Nov 12 2021,86080
Sat Nov 13 2021,88079
Sun Nov 14 2021,87860
Mon Nov 15 2021,87860
Tue Nov 16 2021,87940
Wed Nov 17 2021,87839
Thu Nov 18 2021,87977
Fri Nov 19 2021,87907
Sat Nov 20 2021,88343
Sun Nov 21 2021,88343
Mon Nov 22 2021,88343
Tue Nov 23 2021,88343
Wed Nov 24 2021,88343
Thu Nov 25 2021,88752
Fri Nov 26 2021,89189
Sat Nov 27 2021,89254
Sun Nov 28 2021,89254
Mon Nov 29 2021,89573
Tue Nov 30 2021,89486
Wed Dec 01 2021,89752
Thu Dec 02 2021,89752
Fri Dec 03 2021,89660
Sat Dec 04 2021,89097
Sun Dec 05 2021,89097
Mon Dec 06 2021,89097
Tue Dec 07 2021,88835
Wed Dec 08 2021,89288
Thu Dec 09 2021,89120
Fri Dec 10 2021,90383
Sat Dec 11 2021,90033
Sun Dec 12 2021,91489
Mon Dec 13 2021,91368
Tue Dec 14 2021,91699
Wed Dec 15 2021,91653
Thu Dec 16 2021,92186
Fri Dec 17 2021,92095
Sat Dec 18 2021,91901
Sun Dec 19 2021,91573
Mon Dec 20 2021,91509
Tue Dec 21 2021,92303
Wed Dec 22 2021,92304
Thu Dec 23 2021,91665
Fri Dec 24 2021,92550
Sat Dec 25 2021,92874
Sun Dec 26 2021,93342
Mon Dec 27 2021,93629
Tue Dec 28 2021,93791
Wed Dec 29 2021,94023
Thu Dec 30 2021,94023
Fri Dec 31 2021,93747
Sat Jan 01 2022,93747
Sun Jan 02 2022,94034
Mon Jan 03 2022,93506
Tue Jan 04 2022,95708
Wed Jan 05 2022,98453
Thu Jan 06 2022,98803
Fri Jan 07 2022,99260
Sat Jan 08 2022,99349
Sun Jan 09 2022,99400
Mon Jan 10 2022,100729
Tue Jan 11 2022,100946
Wed Jan 12 2022,101671
Thu Jan 13 2022,101951
Fri Jan 14 2022,101951
Sat Jan 15 2022,101951
Sun Jan 16 2022,101951
Mon Jan 17 2022,102213
Tue Jan 18 2022,102503
Wed Jan 19 2022,102362
Thu Jan 20 2022,102253
Fri Jan 21 2022,102190
Sat Jan 22 2022,102209
Sun Jan 23 2022,102351
Mon Jan 24 2022,105120
Tue Jan 25 2022,105178
Wed Jan 26 2022,104551
Thu Jan 27 2022,104948
Fri Jan 28 2022,105526
Sat Jan 29 2022,105487
Sun Jan 30 2022,105561
Mon Jan 31 2022,105533
Tue Feb 01 2022,106736
Wed Feb 02 2022,106662
Thu Feb 03 2022,106662
Fri Feb 04 2022,106707
Sat Feb 05 2022,106070
Sun Feb 06 2022,106090
Mon Feb 07 2022,106571
Tue Feb 08 2022,107291
Wed Feb 09 2022,107193
Thu Feb 10 2022,107193
Fri Feb 11 2022,105443
Sat Feb 12 2022,105454
Sun Feb 13 2022,105398
Mon Feb 14 2022,105676
Tue Feb 15 2022,105884
Wed Feb 16 2022,105104
Thu Feb 17 2022,104864
Fri Feb 18 2022,106739
Sat Feb 19 2022,106949
Sun Feb 20 2022,106949
Mon Feb 21 2022,106949
Tue Feb 22 2022,110057
Wed Feb 23 2022,111232
Thu Feb 24 2022,111775
Fri Feb 25 2022,113714
Sat Feb 26 2022,112801
Sun Feb 27 2022,113200
Mon Feb 28 2022,112604
Tue Mar 01 2022,112604
Wed Mar 02 2022,112645
Thu Mar 03 2022,112353
Fri Mar 04 2022,112902
Sat Mar 05 2022,112902
Sun Mar 06 2022,112902
Mon Mar 07 2022,112902
Tue Mar 08 2022,112902
Wed Mar 09 2022,113730
Thu Mar 10 2022,113730
Fri Mar 11 2022,113730
Sat Mar 12 2022,115263
Sun Mar 13 2022,115263
Mon Mar 14 2022,115858
Tue Mar 15 2022,116146
Wed Mar 16 2022,116499
Thu Mar 17 2022,117074
Fri Mar 18 2022,118404
Sat Mar 19 2022,118008
Sun Mar 20 2022,118473
Mon Mar 21 2022,118473
Tue Mar 22 2022,118429
Wed Mar 23 2022,117346
Thu Mar 24 2022,118392
Fri Mar 25 2022,118530
Sat Mar 26 2022,115149
Sun Mar 27 2022,113446
Mon Mar 28 2022,113253
Tue Mar 29 2022,112805
Wed Mar 30 2022,109649
Thu Mar 31 2022,109667
Fri Apr 01 2022,109824
Sat Apr 02 2022,109955
Sun Apr 03 2022,109955
Mon Apr 04 2022,110405
Tue Apr 05 2022,109473
Wed Apr 06 2022,109205
Thu Apr 07 2022,109349
Fri Apr 08 2022,107342
Sat Apr 09 2022,106256
Sun Apr 10 2022,106256
Mon Apr 11 2022,106355
Tue Apr 12 2022,105083
Wed Apr 13 2022,104311
Thu Apr 14 2022,103784
Fri Apr 15 2022,104537
Sat Apr 16 2022,104014
Sun Apr 17 2022,104817
Mon Apr 18 2022,104817
Tue Apr 19 2022,104826
Wed Apr 20 2022,105648
Thu Apr 21 2022,105149
Fri Apr 22 2022,105148
Sat Apr 23 2022,104494
Sun Apr 24 2022,104709
Mon Apr 25 2022,104709
Tue Apr 26 2022,104924
Wed Apr 27 2022,102740
Thu Apr 28 2022,102740
Fri Apr 29 2022,102698
Sat Apr 30 2022,104624
Sun May 01 2022,104669
Mon May 02 2022,104669
Tue May 03 2022,104669
Wed May 04 2022,104333
Thu May 05 2022,103590
Fri May 06 2022,106222
Sat May 07 2022,106074
Sun May 08 2022,105183
Mon May 09 2022,105183
Tue May 10 2022,105183
Wed May 11 2022,106904
Thu May 12 2022,107189
Fri May 13 2022,107112
Sat May 14 2022,105767
Sun May 15 2022,106498
Mon May 16 2022,106537
Tue May 17 2022,105233
Wed May 18 2022,106446
Thu May 19 2022,106408
Fri May 20 2022,106755
Sat May 21 2022,105996
Sun May 22 2022,104362
Mon May 23 2022,104557
Tue May 24 2022,102953
Wed May 25 2022,102811
Thu May 26 2022,100872
Fri May 27 2022,99368
Sat May 28 2022,98595
Sun May 29 2022,97928
Mon May 30 2022,97928
Tue May 31 2022,98128
Wed Jun 01 2022,97816
Thu Jun 02 2022,97090
Fri Jun 03 2022,96309
Sat Jun 04 2022,96955
Sun Jun 05 2022,96955
Mon Jun 06 2022,97680
Tue Jun 07 2022,97907
Wed Jun 08 2022,94248
Thu Jun 09 2022,97031
Fri Jun 10 2022,97305
Sat Jun 11 2022,97382
Sun Jun 12 2022,92628
Mon Jun 13 2022,92628
Tue Jun 14 2022,92294
Wed Jun 15 2022,90295
Thu Jun 16 2022,90648
Fri Jun 17 2022,91001
Sat Jun 18 2022,91046
Sun Jun 19 2022,91815
Mon Jun 20 2022,91815
Tue Jun 21 2022,91815
Wed Jun 22 2022,92344
Thu Jun 23 2022,92344
Fri Jun 24 2022,92013
Sat Jun 25 2022,91907
Sun Jun 26 2022,91907
Mon Jun 27 2022,91907
Tue Jun 28 2022,91814
Wed Jun 29 2022,92487
Thu Jun 30 2022,92240
Fri Jul 01 2022,94509
Sat Jul 02 2022,91035
Sun Jul 03 2022,91294
Mon Jul 04 2022,91211
Tue Jul 05 2022,91265
Wed Jul 06 2022,91265
Thu Jul 07 2022,94598
Fri Jul 08 2022,89013
Sat Jul 09 2022,94904
Sun Jul 10 2022,94904
Mon Jul 11 2022,94904
Tue Jul 12 2022,94631
Wed Jul 13 2022,94988
Thu Jul 14 2022,94833
Fri Jul 15 2022,94865
Sat Jul 16 2022,94865
Sun Jul 17 2022,94359
Mon Jul 18 2022,94359
Tue Jul 19 2022,94988
Wed Jul 20 2022,95501
Thu Jul 21 2022,95501
Fri Jul 22 2022,95501
Sat Jul 23 2022,95501
Sun Jul 24 2022,95559
Mon Jul 25 2022,95559
Tue Jul 26 2022,95812
Wed Jul 27 2022,95812
Thu Jul 28 2022,95812
Fri Jul 29 2022,95812
Sat Jul 30 2022,98597
Sun Jul 31 2022,98597
Mon Aug 01 2022,98597
Tue Aug 02 2022,98364
Wed Aug 03 2022,102500
Thu Aug 04 2022,102721
Fri Aug 05 2022,102721
Sat Aug 06 2022,102721
Sun Aug 07 2022,102184
Mon Aug 08 2022,102184
Tue Aug 09 2022,102184
Wed Aug 10 2022,101879
Thu Aug 11 2022,101547
Fri Aug 12 2022,101700
Sat Aug 13 2022,97218
Sun Aug 14 2022,96856
Mon Aug 15 2022,96856
Tue Aug 16 2022,93620
Wed Aug 17 2022,93620
Thu Aug 18 2022,93198
Fri Aug 19 2022,93198
Sat Aug 20 2022,92818
Sun Aug 21 2022,92818
Mon Aug 22 2022,94637
Tue Aug 23 2022,97252
Wed Aug 24 2022,94137
Thu Aug 25 2022,94342
Fri Aug 26 2022,97596
Sat Aug 27 2022,94962
Sun Aug 28 2022,95279
Mon Aug 29 2022,95279
Tue Aug 30 2022,93757
Wed Aug 31 2022,93757
Thu Sep 01 2022,93757
Fri Sep 02 2022,93668
Sat Sep 03 2022,93668
Sun Sep 04 2022,93668
Mon Sep 05 2022,92987
Tue Sep 06 2022,91219
Wed Sep 07 2022,91219
Thu Sep 08 2022,90479
Fri Sep 09 2022,92288
Sat Sep 10 2022,90774
Sun Sep 11 2022,90314
Mon Sep 12 2022,88362
Tue Sep 13 2022,88362
Wed Sep 14 2022,88195
Thu Sep 15 2022,87888
Fri Sep 16 2022,87739
Sat Sep 17 2022,85209
Sun Sep 18 2022,85209
Mon Sep 19 2022,85209
Tue Sep 20 2022,84082
Wed Sep 21 2022,83708
Thu Sep 22 2022,83708
Fri Sep 23 2022,84106
Sat Sep 24 2022,83535
Sun Sep 25 2022,83026
Mon Sep 26 2022,83026
Tue Sep 27 2022,82870
Wed Sep 28 2022,82870
Thu Sep 29 2022,83511
Fri Sep 30 2022,83623
Sat Oct 01 2022,82991
Sun Oct 02 2022,82991
Mon Oct 03 2022,82991
Tue Oct 04 2022,85259
Wed Oct 05 2022,85259
Thu Oct 06 2022,85511
Fri Oct 07 2022,85511
Sat Oct 08 2022,86126
Sun Oct 09 2022,85589
Mon Oct 10 2022,85589
Tue Oct 11 2022,85589
Wed Oct 12 2022,85467
Thu Oct 13 2022,85715
Fri Oct 14 2022,85715
Sat Oct 15 2022,84973
Sun Oct 16 2022,84973
Mon Oct 17 2022,84848
Tue Oct 18 2022,82607
Wed Oct 19 2022,81818
Thu Oct 20 2022,82173
Fri Oct 21 2022,82173
Sat Oct 22 2022,83370
Sun Oct 23 2022,83466
Mon Oct 24 2022,83101
Tue Oct 25 2022,82246
Wed Oct 26 2022,79371
Thu Oct 27 2022,82106
Fri Oct 28 2022,81875
Sat Oct 29 2022,81875
Sun Oct 30 2022,81875
Mon Oct 31 2022,81875
Tue Nov 01 2022,81875
Wed Nov 02 2022,81875
Thu Nov 03 2022,79201
Fri Nov 04 2022,79371
Sat Nov 05 2022,79176
Sun Nov 06 2022,79176
Mon Nov 07 2022,79501
Tue Nov 08 2022,79501
Wed Nov 09 2022,80275
Thu Nov 10 2022,80275
Fri Nov 11 2022,79683
Sat Nov 12 2022,79771
Sun Nov 13 2022,79742
Mon Nov 14 2022,79742
Tue Nov 15 2022,81960
Wed Nov 16 2022,81749
Thu Nov 17 2022,81314
Fri Nov 18 2022,81601
Sat Nov 19 2022,78848
Sun Nov 20 2022,78848
Mon Nov 21 2022,78848
Tue Nov 22 2022,78848
Wed Nov 23 2022,78976
Thu Nov 24 2022,77664
Fri Nov 25 2022,77373
Sat Nov 26 2022,78447
Sun Nov 27 2022,78382
Mon Nov 28 2022,78382
Tue Nov 29 2022,78382
Wed Nov 30 2022,78745
Thu Dec 01 2022,77944
Fri Dec 02 2022,77944
Sat Dec 03 2022,77516
Sun Dec 04 2022,76880
Mon Dec 05 2022,76455
Tue Dec 06 2022,76697
Wed Dec 07 2022,76710
Thu Dec 08 2022,77262
Fri Dec 09 2022,77262
Sat Dec 10 2022,81600
Sun Dec 11 2022,81600
Mon Dec 12 2022,81600
Tue Dec 13 2022,81549
Wed Dec 14 2022,82457
Thu Dec 15 2022,80705
Fri Dec 16 2022,80150
Sat Dec 17 2022,80613
Sun Dec 18 2022,80613
Mon Dec 19 2022,80471
Tue Dec 20 2022,80127
Wed Dec 21 2022,81923
Thu Dec 22 2022,82727
Fri Dec 23 2022,82330
Sat Dec 24 2022,82330
Sun Dec 25 2022,82330
Mon Dec 26 2022,82497
Tue Dec 27 2022,82878
Wed Dec 28 2022,83590
Thu Dec 29 2022,83605
Fri Dec 30 2022,84665
Sat Dec 31 2022,84154
Sun Jan 01 2023,84154
Mon Jan 02 2023,84094
Tue Jan 03 2023,83678
Wed Jan 04 2023,83254
Thu Jan 05 2023,82747
Fri Jan 06 2023,82747
Sat Jan 07 2023,82173
Sun Jan 08 2023,82173
Mon Jan 09 2023,81448
Tue Jan 10 2023,83678
Wed Jan 11 2023,83717
Thu Jan 12 2023,83717
Fri Jan 13 2023,83299
Sat Jan 14 2023,83299
Sun Jan 15 2023,83299
Mon Jan 16 2023,83673
Tue Jan 17 2023,82243
Wed Jan 18 2023,82175
Thu Jan 19 2023,79476
Fri Jan 20 2023,79338
Sat Jan 21 2023,79184
Sun Jan 22 2023,79184
Mon Jan 23 2023,79346
Tue Jan 24 2023,79346
Wed Jan 25 2023,79741
Thu Jan 26 2023,79741
Fri Jan 27 2023,78951
Sat Jan 28 2023,80098
Sun Jan 29 2023,80098
Mon Jan 30 2023,79703
Tue Jan 31 2023,77373
Wed Feb 01 2023,77373
Thu Feb 02 2023,78534
Fri Feb 03 2023,78778
Sat Feb 04 2023,78524
Sun Feb 05 2023,78684
Mon Feb 06 2023,78684
Tue Feb 07 2023,78684
Wed Feb 08 2023,77364
Thu Feb 09 2023,77364
Fri Feb 10 2023,77332
Sat Feb 11 2023,76155
Sun Feb 12 2023,76155
Mon Feb 13 2023,76155
Tue Feb 14 2023,76155
Wed Feb 15 2023,76502
Thu Feb 16 2023,76735
Fri Feb 17 2023,76292
Sat Feb 18 2023,76292
Sun Feb 19 2023,76696
Mon Feb 20 2023,76557
Tue Feb 21 2023,75051
Wed Feb 22 2023,75559
Thu Feb 23 2023,75559
Fri Feb 24 2023,75559
Sat Feb 25 2023,73158
Sun Feb 26 2023,73158
Mon Feb 27 2023,73158
Tue Feb 28 2023,74229
Wed Mar 01 2023,74876
Thu Mar 02 2023,74808
Fri Mar 03 2023,74290
Sat Mar 04 2023,73964
Sun Mar 05 2023,73407
Mon Mar 06 2023,72955
Tue Mar 07 2023,72955
Wed Mar 08 2023,72665
Thu Mar 09 2023,73160
Fri Mar 10 2023,73124
Sat Mar 11 2023,73512
Sun Mar 12 2023,73512
Mon Mar 13 2023,73108
Tue Mar 14 2023,73446
Wed Mar 15 2023,73387
Thu Mar 16 2023,73387
Fri Mar 17 2023,72141
Sat Mar 18 2023,72141
Sun Mar 19 2023,70858
Mon Mar 20 2023,70858
Tue Mar 21 2023,71058
Wed Mar 22 2023,69507
Thu Mar 23 2023,69260
Fri Mar 24 2023,69260
Sat Mar 25 2023,69260
Sun Mar 26 2023,69260
Mon Mar 27 2023,69260
Tue Mar 28 2023,68707
Wed Mar 29 2023,68707
Thu Mar 30 2023,68707
Fri Mar 31 2023,69421
Sat Apr 01 2023,69421
Sun Apr 02 2023,69421
Mon Apr 03 2023,69421
Tue Apr 04 2023,68859
Wed Apr 05 2023,68721
Thu Apr 06 2023,68631
Fri Apr 07 2023,68631
Sat Apr 08 2023,69134
Sun Apr 09 2023,69076
Mon Apr 10 2023,69076
Tue Apr 11 2023,68990
Wed Apr 12 2023,71101
Thu Apr 13 2023,70733
Fri Apr 14 2023,70443
Sat Apr 15 2023,71207
Sun Apr 16 2023,71207
Mon Apr 17 2023,71207
Tue Apr 18 2023,72458
Wed Apr 19 2023,72245
Thu Apr 20 2023,72245
Fri Apr 21 2023,72385
Sat Apr 22 2023,73655
Sun Apr 23 2023,73655
Mon Apr 24 2023,71481
Tue Apr 25 2023,71481
Wed Apr 26 2023,71508
Thu Apr 27 2023,71508
Fri Apr 28 2023,71138
Sat Apr 29 2023,70862
Sun Apr 30 2023,70656
Mon May 01 2023,70656
Tue May 02 2023,70656
Wed May 03 2023,70742
Thu May 04 2023,70742
Fri May 05 2023,70518
Sat May 06 2023,70310
Sun May 07 2023,70310
Mon May 08 2023,70310
Tue May 09 2023,70839
Wed May 10 2023,70839
Thu May 11 2023,70337
Fri May 12 2023,70304
Sat May 13 2023,70304
Sun May 14 2023,70104
Mon May 15 2023,70080
Tue May 16 2023,70080
Wed May 17 2023,70080
Thu May 18 2023,70080
Fri May 19 2023,70322
Sat May 20 2023,70322
Sun May 21 2023,70322
Mon May 22 2023,70322
Tue May 23 2023,70322
Wed May 24 2023,68833
Thu May 25 2023,68833
Fri May 26 2023,68833
Sat May 27 2023,68833
Sun May 28 2023,68833
Mon May 29 2023,68833
Tue May 30 2023,68833
Wed May 31 2023,68833
Thu Jun 01 2023,69345
Fri Jun 02 2023,69381
Sat Jun 03 2023,69381
Sun Jun 04 2023,69746
Mon Jun 05 2023,69746
Tue Jun 06 2023,70086
Wed Jun 07 2023,72005
Thu Jun 08 2023,72488
Fri Jun 09 2023,70045
Sat Jun 10 2023,70045
Sun Jun 11 2023,70045
Mon Jun 12 2023,70045
Tue Jun 13 2023,71843
Wed Jun 14 2023,70526
Thu Jun 15 2023,70334
Fri Jun 16 2023,70025
Sat Jun 17 2023,70025
Sun Jun 18 2023,69866
Mon Jun 19 2023,69866
Tue Jun 20 2023,69993
Wed Jun 21 2023,70461
Thu Jun 22 2023,70567
Fri Jun 23 2023,70590
Sat Jun 24 2023,70688
Sun Jun 25 2023,70688
Mon Jun 26 2023,70688
Tue Jun 27 2023,70717
Wed Jun 28 2023,70756
Thu Jun 29 2023,70756
Fri Jun 30 2023,70530
Sat Jul 01 2023,70530
Sun Jul 02 2023,70730
Mon Jul 03 2023,70730
Tue Jul 04 2023,70657
Wed Jul 05 2023,71893
Thu Jul 06 2023,71534
Fri Jul 07 2023,70482
Sat Jul 08 2023,70543
Sun Jul 09 2023,70543
Mon Jul 10 2023,70543
Tue Jul 11 2023,70911
Wed Jul 12 2023,71255
Thu Jul 13 2023,71272
Fri Jul 14 2023,72485
Sat Jul 15 2023,71528
Sun Jul 16 2023,71528
Mon Jul 17 2023,71528
Tue Jul 18 2023,71036
Wed Jul 19 2023,71036
Thu Jul 20 2023,71036
Fri Jul 21 2023,71045
Sat Jul 22 2023,71045
Sun Jul 23 2023,71045
Mon Jul 24 2023,71045
Tue Jul 25 2023,70544
Wed Jul 26 2023,70001
Thu Jul 27 2023,70006
Fri Jul 28 2023,69884
Sat Jul 29 2023,69884
Sun Jul 30 2023,68052
Mon Jul 31 2023,67792
Tue Aug 01 2023,67792
Wed Aug 02 2023,67792
Thu Aug 03 2023,67976
Fri Aug 04 2023,67891
Sat Aug 05 2023,67891
Sun Aug 06 2023,68235
Mon Aug 07 2023,68161
Tue Aug 08 2023,63028
Wed Aug 09 2023,62656
Thu Aug 10 2023,62656
Fri Aug 11 2023,62205
Sat Aug 12 2023,62173
Sun Aug 13 2023,65136
Mon Aug 14 2023,65136
Tue Aug 15 2023,64980
Wed Aug 16 2023,65233
Thu Aug 17 2023,64318
Fri Aug 18 2023,64461
Sat Aug 19 2023,62757
Sun Aug 20 2023,62757
Mon Aug 21 2023,62757
Tue Aug 22 2023,63612
Wed Aug 23 2023,63527
Thu Aug 24 2023,63657
Fri Aug 25 2023,63386
Sat Aug 26 2023,63386
Sun Aug 27 2023,62979
Mon Aug 28 2023,62979
Tue Aug 29 2023,63480
Wed Aug 30 2023,63333
Thu Aug 31 2023,63333
Fri Sep 01 2023,63333
Sat Sep 02 2023,62715
Sun Sep 03 2023,62715
Mon Sep 04 2023,62140
Tue Sep 05 2023,62140
Wed Sep 06 2023,61352
Thu Sep 07 2023,61352
Fri Sep 08 2023,61352
Sat Sep 09 2023,61944
Sun Sep 10 2023,61851
Mon Sep 11 2023,61851
Tue Sep 12 2023,61435
Wed Sep 13 2023,62018
Thu Sep 14 2023,62440
Fri Sep 15 2023,62354
Sat Sep 16 2023,62529
Sun Sep 17 2023,62140
Mon Sep 18 2023,62140
Tue Sep 19 2023,62085
Wed Sep 20 2023,62085
Thu Sep 21 2023,62318
Fri Sep 22 2023,62318
Sat Sep 23 2023,62318
Sun Sep 24 2023,62318
Mon Sep 25 2023,62318
Tue Sep 26 2023,61558
Wed Sep 27 2023,61558
Thu Sep 28 2023,61558
Fri Sep 29 2023,61558
Sat Sep 30 2023,63422
Sun Oct 01 2023,63884
Mon Oct 02 2023,63884
Tue Oct 03 2023,62025
Wed Oct 04 2023,60861
Thu Oct 05 2023,60861
Fri Oct 06 2023,61070
Sat Oct 07 2023,61623
Sun Oct 08 2023,61771
Mon Oct 09 2023,61771
Tue Oct 10 2023,61834
Wed Oct 11 2023,61652
Thu Oct 12 2023,61952
Fri Oct 13 2023,64869
Sat Oct 14 2023,65182
Sun Oct 15 2023,65182
Mon Oct 16 2023,64878
Tue Oct 17 2023,64856
Wed Oct 18 2023,61777
Thu Oct 19 2023,61696
Fri Oct 20 2023,61996
Sat Oct 21 2023,62864
Sun Oct 22 2023,62094
Mon Oct 23 2023,62094
Tue Oct 24 2023,62197
Wed Oct 25 2023,62261
Thu Oct 26 2023,62155
Fri Oct 27 2023,60240
Sat Oct 28 2023,60220
Sun Oct 29 2023,60220
Mon Oct 30 2023,60220
Tue Oct 31 2023,60074
Wed Nov 01 2023,60074
Thu Nov 02 2023,59554
Fri Nov 03 2023,59178
Sat Nov 04 2023,59269
Sun Nov 05 2023,59336
Mon Nov 06 2023,59336
Tue Nov 07 2023,59336
Wed Nov 08 2023,59428
Thu Nov 09 2023,59449
Fri Nov 10 2023,59449
Sat Nov 11 2023,59310
Sun Nov 12 2023,59310
Mon Nov 13 2023,59563
Tue Nov 14 2023,61835
Wed Nov 15 2023,62143
Thu Nov 16 2023,62193
Fri Nov 17 2023,61021
Sat Nov 18 2023,60841
Sun Nov 19 2023,60283
Mon Nov 20 2023,60707
Tue Nov 21 2023,60628
Wed Nov 22 2023,60255
Thu Nov 23 2023,60094
Fri Nov 24 2023,60094
Sat Nov 25 2023,59942
Sun Nov 26 2023,60307
Mon Nov 27 2023,58587
Tue Nov 28 2023,58032
Wed Nov 29 2023,59746
Thu Nov 30 2023,59965
Fri Dec 01 2023,59859
