date,Audemars Piguet Market Index (USD)
Fri Nov 30 2018,0
Sat Dec 01 2018,0
Sun Dec 02 2018,0
Mon Dec 03 2018,0
Tue Dec 04 2018,0
Wed Dec 05 2018,0
Thu Dec 06 2018,0
Fri Dec 07 2018,0
Sat Dec 08 2018,0
Sun Dec 09 2018,0
Mon Dec 10 2018,0
Tue Dec 11 2018,0
Wed Dec 12 2018,0
Thu Dec 13 2018,0
Fri Dec 14 2018,0
Sat Dec 15 2018,0
Sun Dec 16 2018,0
Mon Dec 17 2018,0
Tue Dec 18 2018,0
Wed Dec 19 2018,0
Thu Dec 20 2018,0
Fri Dec 21 2018,0
Sat Dec 22 2018,0
Sun Dec 23 2018,0
Mon Dec 24 2018,0
Tue Dec 25 2018,0
Wed Dec 26 2018,0
Thu Dec 27 2018,0
Fri Dec 28 2018,0
Sat Dec 29 2018,0
Sun Dec 30 2018,0
Mon Dec 31 2018,0
Tue Jan 01 2019,31980
Wed Jan 02 2019,31980
Thu Jan 03 2019,31980
Fri Jan 04 2019,31983
Sat Jan 05 2019,31985
Sun Jan 06 2019,31985
Mon Jan 07 2019,31985
Tue Jan 08 2019,31985
Wed Jan 09 2019,31994
Thu Jan 10 2019,31994
Fri Jan 11 2019,31994
Sat Jan 12 2019,31994
Sun Jan 13 2019,31994
Mon Jan 14 2019,31994
Tue Jan 15 2019,31994
Wed Jan 16 2019,31993
Thu Jan 17 2019,31993
Fri Jan 18 2019,31993
Sat Jan 19 2019,31984
Sun Jan 20 2019,32010
Mon Jan 21 2019,31954
Tue Jan 22 2019,31954
Wed Jan 23 2019,31956
Thu Jan 24 2019,31956
Fri Jan 25 2019,31967
Sat Jan 26 2019,31976
Sun Jan 27 2019,31976
Mon Jan 28 2019,31965
Tue Jan 29 2019,31965
Wed Jan 30 2019,31965
Thu Jan 31 2019,31965
Fri Feb 01 2019,31965
Sat Feb 02 2019,31965
Sun Feb 03 2019,31969
Mon Feb 04 2019,31993
Tue Feb 05 2019,31978
Wed Feb 06 2019,32006
Thu Feb 07 2019,32006
Fri Feb 08 2019,32004
Sat Feb 09 2019,32004
Sun Feb 10 2019,32004
Mon Feb 11 2019,31997
Tue Feb 12 2019,31997
Wed Feb 13 2019,32040
Thu Feb 14 2019,32040
Fri Feb 15 2019,32052
Sat Feb 16 2019,32052
Sun Feb 17 2019,32085
Mon Feb 18 2019,32085
Tue Feb 19 2019,32112
Wed Feb 20 2019,32112
Thu Feb 21 2019,32102
Fri Feb 22 2019,32102
Sat Feb 23 2019,32180
Sun Feb 24 2019,32180
Mon Feb 25 2019,32196
Tue Feb 26 2019,32229
Wed Feb 27 2019,32250
Thu Feb 28 2019,32250
Fri Mar 01 2019,32250
Sat Mar 02 2019,32250
Sun Mar 03 2019,32229
Mon Mar 04 2019,32296
Tue Mar 05 2019,32296
Wed Mar 06 2019,32294
Thu Mar 07 2019,32323
Fri Mar 08 2019,32346
Sat Mar 09 2019,32359
Sun Mar 10 2019,32359
Mon Mar 11 2019,32379
Tue Mar 12 2019,32394
Wed Mar 13 2019,32415
Thu Mar 14 2019,32563
Fri Mar 15 2019,32653
Sat Mar 16 2019,32653
Sun Mar 17 2019,32653
Mon Mar 18 2019,32715
Tue Mar 19 2019,32786
Wed Mar 20 2019,32786
Thu Mar 21 2019,32794
Fri Mar 22 2019,32820
Sat Mar 23 2019,32820
Sun Mar 24 2019,32820
Mon Mar 25 2019,32822
Tue Mar 26 2019,32851
Wed Mar 27 2019,32845
Thu Mar 28 2019,32848
Fri Mar 29 2019,32848
Sat Mar 30 2019,32848
Sun Mar 31 2019,32854
Mon Apr 01 2019,32922
Tue Apr 02 2019,32922
Wed Apr 03 2019,32922
Thu Apr 04 2019,32922
Fri Apr 05 2019,32604
Sat Apr 06 2019,32603
Sun Apr 07 2019,32603
Mon Apr 08 2019,32603
Tue Apr 09 2019,31960
Wed Apr 10 2019,31884
Thu Apr 11 2019,31952
Fri Apr 12 2019,31960
Sat Apr 13 2019,31960
Sun Apr 14 2019,31960
Mon Apr 15 2019,31960
Tue Apr 16 2019,31960
Wed Apr 17 2019,31960
Thu Apr 18 2019,32544
Fri Apr 19 2019,32544
Sat Apr 20 2019,32544
Sun Apr 21 2019,32544
Mon Apr 22 2019,32588
Tue Apr 23 2019,32613
Wed Apr 24 2019,31772
Thu Apr 25 2019,31772
Fri Apr 26 2019,31772
Sat Apr 27 2019,31803
Sun Apr 28 2019,31803
Mon Apr 29 2019,31803
Tue Apr 30 2019,31803
Wed May 01 2019,31865
Thu May 02 2019,31865
Fri May 03 2019,31865
Sat May 04 2019,31865
Sun May 05 2019,31865
Mon May 06 2019,32259
Tue May 07 2019,32259
Wed May 08 2019,32263
Thu May 09 2019,32263
Fri May 10 2019,32269
Sat May 11 2019,32269
Sun May 12 2019,32269
Mon May 13 2019,32269
Tue May 14 2019,32242
Wed May 15 2019,32242
Thu May 16 2019,32242
Fri May 17 2019,32127
Sat May 18 2019,32196
Sun May 19 2019,32207
Mon May 20 2019,32237
Tue May 21 2019,32200
Wed May 22 2019,32201
Thu May 23 2019,32214
Fri May 24 2019,32214
Sat May 25 2019,32214
Sun May 26 2019,32214
Mon May 27 2019,32214
Tue May 28 2019,32214
Wed May 29 2019,32242
Thu May 30 2019,32242
Fri May 31 2019,32236
Sat Jun 01 2019,32397
Sun Jun 02 2019,32397
Mon Jun 03 2019,32447
Tue Jun 04 2019,32459
Wed Jun 05 2019,32459
Thu Jun 06 2019,32288
Fri Jun 07 2019,32288
Sat Jun 08 2019,32288
Sun Jun 09 2019,32288
Mon Jun 10 2019,32288
Tue Jun 11 2019,32288
Wed Jun 12 2019,32288
Thu Jun 13 2019,32288
Fri Jun 14 2019,32288
Sat Jun 15 2019,32296
Sun Jun 16 2019,32481
Mon Jun 17 2019,32481
Tue Jun 18 2019,32481
Wed Jun 19 2019,32481
Thu Jun 20 2019,32486
Fri Jun 21 2019,32478
Sat Jun 22 2019,32478
Sun Jun 23 2019,32647
Mon Jun 24 2019,32647
Tue Jun 25 2019,32647
Wed Jun 26 2019,32631
Thu Jun 27 2019,32631
Fri Jun 28 2019,32631
Sat Jun 29 2019,32631
Sun Jun 30 2019,32379
Mon Jul 01 2019,32558
Tue Jul 02 2019,32564
Wed Jul 03 2019,32470
Thu Jul 04 2019,32470
Fri Jul 05 2019,32319
Sat Jul 06 2019,32332
Sun Jul 07 2019,32294
Mon Jul 08 2019,32275
Tue Jul 09 2019,32362
Wed Jul 10 2019,32408
Thu Jul 11 2019,32408
Fri Jul 12 2019,32408
Sat Jul 13 2019,32349
Sun Jul 14 2019,32358
Mon Jul 15 2019,32358
Tue Jul 16 2019,32380
Wed Jul 17 2019,32391
Thu Jul 18 2019,32368
Fri Jul 19 2019,32296
Sat Jul 20 2019,32301
Sun Jul 21 2019,32301
Mon Jul 22 2019,32301
Tue Jul 23 2019,32301
Wed Jul 24 2019,32301
Thu Jul 25 2019,32302
Fri Jul 26 2019,32443
Sat Jul 27 2019,32443
Sun Jul 28 2019,32443
Mon Jul 29 2019,32443
Tue Jul 30 2019,32443
Wed Jul 31 2019,32443
Thu Aug 01 2019,32455
Fri Aug 02 2019,32513
Sat Aug 03 2019,32508
Sun Aug 04 2019,32508
Mon Aug 05 2019,32508
Tue Aug 06 2019,32508
Wed Aug 07 2019,32502
Thu Aug 08 2019,32428
Fri Aug 09 2019,32458
Sat Aug 10 2019,32646
Sun Aug 11 2019,32698
Mon Aug 12 2019,32699
Tue Aug 13 2019,32700
Wed Aug 14 2019,32700
Thu Aug 15 2019,32700
Fri Aug 16 2019,32700
Sat Aug 17 2019,32700
Sun Aug 18 2019,32801
Mon Aug 19 2019,32801
Tue Aug 20 2019,32801
Wed Aug 21 2019,32794
Thu Aug 22 2019,32794
Fri Aug 23 2019,32806
Sat Aug 24 2019,32871
Sun Aug 25 2019,32879
Mon Aug 26 2019,32879
Tue Aug 27 2019,32883
Wed Aug 28 2019,32883
Thu Aug 29 2019,32883
Fri Aug 30 2019,32898
Sat Aug 31 2019,32898
Sun Sep 01 2019,32900
Mon Sep 02 2019,32900
Tue Sep 03 2019,32900
Wed Sep 04 2019,32919
Thu Sep 05 2019,32919
Fri Sep 06 2019,32919
Sat Sep 07 2019,33033
Sun Sep 08 2019,33035
Mon Sep 09 2019,33047
Tue Sep 10 2019,33066
Wed Sep 11 2019,33066
Thu Sep 12 2019,33066
Fri Sep 13 2019,33225
Sat Sep 14 2019,33225
Sun Sep 15 2019,33225
Mon Sep 16 2019,33217
Tue Sep 17 2019,33231
Wed Sep 18 2019,33039
Thu Sep 19 2019,33039
Fri Sep 20 2019,33079
Sat Sep 21 2019,33079
Sun Sep 22 2019,32870
Mon Sep 23 2019,32870
Tue Sep 24 2019,32870
Wed Sep 25 2019,32870
Thu Sep 26 2019,32843
Fri Sep 27 2019,32952
Sat Sep 28 2019,32952
Sun Sep 29 2019,32955
Mon Sep 30 2019,32955
Tue Oct 01 2019,32822
Wed Oct 02 2019,32822
Thu Oct 03 2019,32865
Fri Oct 04 2019,32865
Sat Oct 05 2019,32865
Sun Oct 06 2019,32865
Mon Oct 07 2019,32886
Tue Oct 08 2019,32625
Wed Oct 09 2019,32703
Thu Oct 10 2019,32703
Fri Oct 11 2019,32711
Sat Oct 12 2019,32692
Sun Oct 13 2019,32718
Mon Oct 14 2019,32736
Tue Oct 15 2019,32750
Wed Oct 16 2019,32606
Thu Oct 17 2019,32606
Fri Oct 18 2019,32606
Sat Oct 19 2019,32616
Sun Oct 20 2019,32616
Mon Oct 21 2019,32616
Tue Oct 22 2019,32633
Wed Oct 23 2019,32633
Thu Oct 24 2019,32648
Fri Oct 25 2019,32668
Sat Oct 26 2019,32667
Sun Oct 27 2019,32667
Mon Oct 28 2019,32665
Tue Oct 29 2019,32696
Wed Oct 30 2019,32696
Thu Oct 31 2019,32696
Fri Nov 01 2019,32687
Sat Nov 02 2019,32717
Sun Nov 03 2019,32725
Mon Nov 04 2019,32777
Tue Nov 05 2019,32777
Wed Nov 06 2019,32777
Thu Nov 07 2019,32768
Fri Nov 08 2019,32696
Sat Nov 09 2019,32691
Sun Nov 10 2019,32718
Mon Nov 11 2019,32735
Tue Nov 12 2019,32630
Wed Nov 13 2019,32623
Thu Nov 14 2019,32623
Fri Nov 15 2019,32627
Sat Nov 16 2019,32650
Sun Nov 17 2019,32650
Mon Nov 18 2019,32629
Tue Nov 19 2019,32621
Wed Nov 20 2019,32799
Thu Nov 21 2019,32885
Fri Nov 22 2019,32927
Sat Nov 23 2019,33045
Sun Nov 24 2019,33091
Mon Nov 25 2019,33091
Tue Nov 26 2019,33135
Wed Nov 27 2019,33140
Thu Nov 28 2019,33313
Fri Nov 29 2019,33313
Sat Nov 30 2019,33312
Sun Dec 01 2019,33312
Mon Dec 02 2019,33313
Tue Dec 03 2019,33361
Wed Dec 04 2019,33361
Thu Dec 05 2019,33361
Fri Dec 06 2019,33240
Sat Dec 07 2019,33257
Sun Dec 08 2019,33257
Mon Dec 09 2019,33275
Tue Dec 10 2019,33275
Wed Dec 11 2019,33275
Thu Dec 12 2019,33190
Fri Dec 13 2019,33190
Sat Dec 14 2019,32904
Sun Dec 15 2019,32904
Mon Dec 16 2019,32904
Tue Dec 17 2019,33018
Wed Dec 18 2019,33036
Thu Dec 19 2019,33036
Fri Dec 20 2019,33301
Sat Dec 21 2019,33196
Sun Dec 22 2019,33013
Mon Dec 23 2019,33013
Tue Dec 24 2019,33013
Wed Dec 25 2019,33014
Thu Dec 26 2019,32854
Fri Dec 27 2019,32859
Sat Dec 28 2019,32859
Sun Dec 29 2019,32859
Mon Dec 30 2019,32859
Tue Dec 31 2019,32859
Wed Jan 01 2020,32859
Thu Jan 02 2020,32859
Fri Jan 03 2020,32864
Sat Jan 04 2020,33453
Sun Jan 05 2020,33446
Mon Jan 06 2020,33446
Tue Jan 07 2020,33459
Wed Jan 08 2020,33473
Thu Jan 09 2020,33576
Fri Jan 10 2020,33605
Sat Jan 11 2020,33605
Sun Jan 12 2020,33605
Mon Jan 13 2020,33605
Tue Jan 14 2020,33764
Wed Jan 15 2020,33784
Thu Jan 16 2020,33778
Fri Jan 17 2020,33778
Sat Jan 18 2020,33800
Sun Jan 19 2020,33789
Mon Jan 20 2020,33810
Tue Jan 21 2020,33810
Wed Jan 22 2020,33810
Thu Jan 23 2020,33813
Fri Jan 24 2020,33813
Sat Jan 25 2020,33797
Sun Jan 26 2020,33792
Mon Jan 27 2020,33792
Tue Jan 28 2020,33791
Wed Jan 29 2020,33740
Thu Jan 30 2020,34021
Fri Jan 31 2020,34021
Sat Feb 01 2020,34021
Sun Feb 02 2020,33897
Mon Feb 03 2020,33539
Tue Feb 04 2020,33513
Wed Feb 05 2020,33513
Thu Feb 06 2020,33306
Fri Feb 07 2020,33347
Sat Feb 08 2020,33678
Sun Feb 09 2020,33678
Mon Feb 10 2020,33686
Tue Feb 11 2020,33689
Wed Feb 12 2020,33689
Thu Feb 13 2020,33703
Fri Feb 14 2020,33703
Sat Feb 15 2020,33714
Sun Feb 16 2020,33710
Mon Feb 17 2020,33718
Tue Feb 18 2020,33663
Wed Feb 19 2020,33651
Thu Feb 20 2020,33656
Fri Feb 21 2020,33663
Sat Feb 22 2020,33688
Sun Feb 23 2020,33685
Mon Feb 24 2020,33688
Tue Feb 25 2020,33689
Wed Feb 26 2020,34033
Thu Feb 27 2020,34042
Fri Feb 28 2020,34044
Sat Feb 29 2020,34044
Sun Mar 01 2020,34044
Mon Mar 02 2020,34072
Tue Mar 03 2020,34072
Wed Mar 04 2020,34054
Thu Mar 05 2020,34142
Fri Mar 06 2020,34150
Sat Mar 07 2020,34152
Sun Mar 08 2020,34147
Mon Mar 09 2020,34151
Tue Mar 10 2020,34151
Wed Mar 11 2020,34167
Thu Mar 12 2020,34186
Fri Mar 13 2020,34144
Sat Mar 14 2020,34122
Sun Mar 15 2020,34122
Mon Mar 16 2020,34324
Tue Mar 17 2020,34327
Wed Mar 18 2020,34327
Thu Mar 19 2020,34349
Fri Mar 20 2020,34355
Sat Mar 21 2020,34345
Sun Mar 22 2020,34345
Mon Mar 23 2020,34354
Tue Mar 24 2020,34398
Wed Mar 25 2020,34423
Thu Mar 26 2020,34445
Fri Mar 27 2020,35044
Sat Mar 28 2020,35171
Sun Mar 29 2020,35194
Mon Mar 30 2020,35224
Tue Mar 31 2020,35213
Wed Apr 01 2020,35234
Thu Apr 02 2020,35234
Fri Apr 03 2020,35234
Sat Apr 04 2020,35258
Sun Apr 05 2020,35258
Mon Apr 06 2020,35254
Tue Apr 07 2020,35210
Wed Apr 08 2020,35215
Thu Apr 09 2020,35175
Fri Apr 10 2020,35175
Sat Apr 11 2020,35211
Sun Apr 12 2020,35211
Mon Apr 13 2020,35229
Tue Apr 14 2020,35414
Wed Apr 15 2020,35414
Thu Apr 16 2020,35403
Fri Apr 17 2020,35407
Sat Apr 18 2020,35407
Sun Apr 19 2020,35376
Mon Apr 20 2020,35406
Tue Apr 21 2020,35727
Wed Apr 22 2020,35723
Thu Apr 23 2020,35720
Fri Apr 24 2020,35720
Sat Apr 25 2020,35720
Sun Apr 26 2020,35722
Mon Apr 27 2020,36095
Tue Apr 28 2020,36105
Wed Apr 29 2020,36144
Thu Apr 30 2020,36145
Fri May 01 2020,36224
Sat May 02 2020,36224
Sun May 03 2020,36202
Mon May 04 2020,36202
Tue May 05 2020,36155
Wed May 06 2020,36161
Thu May 07 2020,36445
Fri May 08 2020,36187
Sat May 09 2020,36202
Sun May 10 2020,36201
Mon May 11 2020,36201
Tue May 12 2020,36201
Wed May 13 2020,36173
Thu May 14 2020,36289
Fri May 15 2020,36294
Sat May 16 2020,36294
Sun May 17 2020,36294
Mon May 18 2020,36294
Tue May 19 2020,35947
Wed May 20 2020,35932
Thu May 21 2020,35994
Fri May 22 2020,35987
Sat May 23 2020,36044
Sun May 24 2020,35878
Mon May 25 2020,35911
Tue May 26 2020,35911
Wed May 27 2020,35911
Thu May 28 2020,35905
Fri May 29 2020,35905
Sat May 30 2020,35923
Sun May 31 2020,35923
Mon Jun 01 2020,35916
Tue Jun 02 2020,36227
Wed Jun 03 2020,36250
Thu Jun 04 2020,36223
Fri Jun 05 2020,36223
Sat Jun 06 2020,36228
Sun Jun 07 2020,36290
Mon Jun 08 2020,36290
Tue Jun 09 2020,35961
Wed Jun 10 2020,35961
Thu Jun 11 2020,35977
Fri Jun 12 2020,35977
Sat Jun 13 2020,35977
Sun Jun 14 2020,35908
Mon Jun 15 2020,35896
Tue Jun 16 2020,35847
Wed Jun 17 2020,35854
Thu Jun 18 2020,35699
Fri Jun 19 2020,35695
Sat Jun 20 2020,35686
Sun Jun 21 2020,35687
Mon Jun 22 2020,35684
Tue Jun 23 2020,34876
Wed Jun 24 2020,34869
Thu Jun 25 2020,34868
Fri Jun 26 2020,34868
Sat Jun 27 2020,34856
Sun Jun 28 2020,34891
Mon Jun 29 2020,34891
Tue Jun 30 2020,34894
Wed Jul 01 2020,34900
Thu Jul 02 2020,34910
Fri Jul 03 2020,34835
Sat Jul 04 2020,34854
Sun Jul 05 2020,35848
Mon Jul 06 2020,35611
Tue Jul 07 2020,35607
Wed Jul 08 2020,35607
Thu Jul 09 2020,35607
Fri Jul 10 2020,35672
Sat Jul 11 2020,35672
Sun Jul 12 2020,35626
Mon Jul 13 2020,35623
Tue Jul 14 2020,35578
Wed Jul 15 2020,35654
Thu Jul 16 2020,35642
Fri Jul 17 2020,35642
Sat Jul 18 2020,35682
Sun Jul 19 2020,35682
Mon Jul 20 2020,35682
Tue Jul 21 2020,35612
Wed Jul 22 2020,35595
Thu Jul 23 2020,35620
Fri Jul 24 2020,35606
Sat Jul 25 2020,35803
Sun Jul 26 2020,35734
Mon Jul 27 2020,35072
Tue Jul 28 2020,35133
Wed Jul 29 2020,35133
Thu Jul 30 2020,35880
Fri Jul 31 2020,35534
Sat Aug 01 2020,35514
Sun Aug 02 2020,35579
Mon Aug 03 2020,35583
Tue Aug 04 2020,35583
Wed Aug 05 2020,35583
Thu Aug 06 2020,35756
Fri Aug 07 2020,35756
Sat Aug 08 2020,35767
Sun Aug 09 2020,35695
Mon Aug 10 2020,35741
Tue Aug 11 2020,35434
Wed Aug 12 2020,35427
Thu Aug 13 2020,35576
Fri Aug 14 2020,35581
Sat Aug 15 2020,35581
Sun Aug 16 2020,35581
Mon Aug 17 2020,35557
Tue Aug 18 2020,35521
Wed Aug 19 2020,35470
Thu Aug 20 2020,35017
Fri Aug 21 2020,35337
Sat Aug 22 2020,36088
Sun Aug 23 2020,36092
Mon Aug 24 2020,35977
Tue Aug 25 2020,35977
Wed Aug 26 2020,36034
Thu Aug 27 2020,35973
Fri Aug 28 2020,35963
Sat Aug 29 2020,35993
Sun Aug 30 2020,35993
Mon Aug 31 2020,35995
Tue Sep 01 2020,35931
Wed Sep 02 2020,35933
Thu Sep 03 2020,35933
Fri Sep 04 2020,35923
Sat Sep 05 2020,35923
Sun Sep 06 2020,35934
Mon Sep 07 2020,35988
Tue Sep 08 2020,35988
Wed Sep 09 2020,36010
Thu Sep 10 2020,36010
Fri Sep 11 2020,36010
Sat Sep 12 2020,36010
Sun Sep 13 2020,36010
Mon Sep 14 2020,36018
Tue Sep 15 2020,35980
Wed Sep 16 2020,35980
Thu Sep 17 2020,35980
Fri Sep 18 2020,35977
Sat Sep 19 2020,35977
Sun Sep 20 2020,35977
Mon Sep 21 2020,35988
Tue Sep 22 2020,35988
Wed Sep 23 2020,35988
Thu Sep 24 2020,36012
Fri Sep 25 2020,36009
Sat Sep 26 2020,35994
Sun Sep 27 2020,35994
Mon Sep 28 2020,35994
Tue Sep 29 2020,36098
Wed Sep 30 2020,36135
Thu Oct 01 2020,36130
Fri Oct 02 2020,36133
Sat Oct 03 2020,36086
Sun Oct 04 2020,36181
Mon Oct 05 2020,36104
Tue Oct 06 2020,36120
Wed Oct 07 2020,36201
Thu Oct 08 2020,36201
Fri Oct 09 2020,36204
Sat Oct 10 2020,36204
Sun Oct 11 2020,36204
Mon Oct 12 2020,36204
Tue Oct 13 2020,36595
Wed Oct 14 2020,36595
Thu Oct 15 2020,36197
Fri Oct 16 2020,36164
Sat Oct 17 2020,36264
Sun Oct 18 2020,36335
Mon Oct 19 2020,36409
Tue Oct 20 2020,36331
Wed Oct 21 2020,36139
Thu Oct 22 2020,39681
Fri Oct 23 2020,40038
Sat Oct 24 2020,40326
Sun Oct 25 2020,40236
Mon Oct 26 2020,40667
Tue Oct 27 2020,40674
Wed Oct 28 2020,40853
Thu Oct 29 2020,41835
Fri Oct 30 2020,42434
Sat Oct 31 2020,42331
Sun Nov 01 2020,42034
Mon Nov 02 2020,45956
Tue Nov 03 2020,46021
Wed Nov 04 2020,45704
Thu Nov 05 2020,45550
Fri Nov 06 2020,45802
Sat Nov 07 2020,45993
Sun Nov 08 2020,46019
Mon Nov 09 2020,46195
Tue Nov 10 2020,46497
Wed Nov 11 2020,46588
Thu Nov 12 2020,46585
Fri Nov 13 2020,46611
Sat Nov 14 2020,46823
Sun Nov 15 2020,46759
Mon Nov 16 2020,46761
Tue Nov 17 2020,47069
Wed Nov 18 2020,47023
Thu Nov 19 2020,46965
Fri Nov 20 2020,47096
Sat Nov 21 2020,47305
Sun Nov 22 2020,47583
Mon Nov 23 2020,47713
Tue Nov 24 2020,47840
Wed Nov 25 2020,47962
Thu Nov 26 2020,47950
Fri Nov 27 2020,48280
Sat Nov 28 2020,48336
Sun Nov 29 2020,48293
Mon Nov 30 2020,48433
Tue Dec 01 2020,48311
Wed Dec 02 2020,48267
Thu Dec 03 2020,48147
Fri Dec 04 2020,48142
Sat Dec 05 2020,48177
Sun Dec 06 2020,48818
Mon Dec 07 2020,48832
Tue Dec 08 2020,49017
Wed Dec 09 2020,49187
Thu Dec 10 2020,49258
Fri Dec 11 2020,49463
Sat Dec 12 2020,49347
Sun Dec 13 2020,49283
Mon Dec 14 2020,49355
Tue Dec 15 2020,49351
Wed Dec 16 2020,49361
Thu Dec 17 2020,49417
Fri Dec 18 2020,49417
Sat Dec 19 2020,49512
Sun Dec 20 2020,49545
Mon Dec 21 2020,49797
Tue Dec 22 2020,49569
Wed Dec 23 2020,49942
Thu Dec 24 2020,50045
Fri Dec 25 2020,50022
Sat Dec 26 2020,50430
Sun Dec 27 2020,50511
Mon Dec 28 2020,50518
Tue Dec 29 2020,50553
Wed Dec 30 2020,50567
Thu Dec 31 2020,50738
Fri Jan 01 2021,50738
Sat Jan 02 2021,50775
Sun Jan 03 2021,50747
Mon Jan 04 2021,50854
Tue Jan 05 2021,50922
Wed Jan 06 2021,50949
Thu Jan 07 2021,51101
Fri Jan 08 2021,51247
Sat Jan 09 2021,51370
Sun Jan 10 2021,51541
Mon Jan 11 2021,51545
Tue Jan 12 2021,51846
Wed Jan 13 2021,51929
Thu Jan 14 2021,52041
Fri Jan 15 2021,52343
Sat Jan 16 2021,52389
Sun Jan 17 2021,52353
Mon Jan 18 2021,52258
Tue Jan 19 2021,52266
Wed Jan 20 2021,52363
Thu Jan 21 2021,52394
Fri Jan 22 2021,52382
Sat Jan 23 2021,52688
Sun Jan 24 2021,52765
Mon Jan 25 2021,52742
Tue Jan 26 2021,52938
Wed Jan 27 2021,52946
Thu Jan 28 2021,53065
Fri Jan 29 2021,53136
Sat Jan 30 2021,53047
Sun Jan 31 2021,53168
Mon Feb 01 2021,53343
Tue Feb 02 2021,53345
Wed Feb 03 2021,53375
Thu Feb 04 2021,53595
Fri Feb 05 2021,53820
Sat Feb 06 2021,53857
Sun Feb 07 2021,53903
Mon Feb 08 2021,53933
Tue Feb 09 2021,54021
Wed Feb 10 2021,53934
Thu Feb 11 2021,53937
Fri Feb 12 2021,53962
Sat Feb 13 2021,54282
Sun Feb 14 2021,54391
Mon Feb 15 2021,54544
Tue Feb 16 2021,54449
Wed Feb 17 2021,54656
Thu Feb 18 2021,54634
Fri Feb 19 2021,54635
Sat Feb 20 2021,54434
Sun Feb 21 2021,54422
Mon Feb 22 2021,54482
Tue Feb 23 2021,54629
Wed Feb 24 2021,54670
Thu Feb 25 2021,54775
Fri Feb 26 2021,54856
Sat Feb 27 2021,55079
Sun Feb 28 2021,54976
Mon Mar 01 2021,55052
Tue Mar 02 2021,55097
Wed Mar 03 2021,55255
Thu Mar 04 2021,55225
Fri Mar 05 2021,55498
Sat Mar 06 2021,55431
Sun Mar 07 2021,55396
Mon Mar 08 2021,55402
Tue Mar 09 2021,55503
Wed Mar 10 2021,55487
Thu Mar 11 2021,55488
Fri Mar 12 2021,55503
Sat Mar 13 2021,55589
Sun Mar 14 2021,55611
Mon Mar 15 2021,55603
Tue Mar 16 2021,55447
Wed Mar 17 2021,55634
Thu Mar 18 2021,55486
Fri Mar 19 2021,55736
Sat Mar 20 2021,55663
Sun Mar 21 2021,55688
Mon Mar 22 2021,55691
Tue Mar 23 2021,55776
Wed Mar 24 2021,55818
Thu Mar 25 2021,55918
Fri Mar 26 2021,55969
Sat Mar 27 2021,55994
Sun Mar 28 2021,56159
Mon Mar 29 2021,56241
Tue Mar 30 2021,56352
Wed Mar 31 2021,56158
Thu Apr 01 2021,56281
Fri Apr 02 2021,56151
Sat Apr 03 2021,56197
Sun Apr 04 2021,56113
Mon Apr 05 2021,56235
Tue Apr 06 2021,56330
Wed Apr 07 2021,56317
Thu Apr 08 2021,56243
Fri Apr 09 2021,56244
Sat Apr 10 2021,56184
Sun Apr 11 2021,56199
Mon Apr 12 2021,56150
Tue Apr 13 2021,56422
Wed Apr 14 2021,56561
Thu Apr 15 2021,56368
Fri Apr 16 2021,56683
Sat Apr 17 2021,56885
Sun Apr 18 2021,57015
Mon Apr 19 2021,57079
Tue Apr 20 2021,57011
Wed Apr 21 2021,57371
Thu Apr 22 2021,57352
Fri Apr 23 2021,57649
Sat Apr 24 2021,57643
Sun Apr 25 2021,57679
Mon Apr 26 2021,58103
Tue Apr 27 2021,58273
Wed Apr 28 2021,58614
Thu Apr 29 2021,58417
Fri Apr 30 2021,58763
Sat May 01 2021,58804
Sun May 02 2021,58714
Mon May 03 2021,58972
Tue May 04 2021,59096
Wed May 05 2021,58939
Thu May 06 2021,58939
Fri May 07 2021,58830
Sat May 08 2021,59082
Sun May 09 2021,59158
Mon May 10 2021,59340
Tue May 11 2021,59652
Wed May 12 2021,59721
Thu May 13 2021,59713
Fri May 14 2021,59783
Sat May 15 2021,60301
Sun May 16 2021,60582
Mon May 17 2021,60747
Tue May 18 2021,60615
Wed May 19 2021,60829
Thu May 20 2021,61358
Fri May 21 2021,61729
Sat May 22 2021,61847
Sun May 23 2021,61746
Mon May 24 2021,61995
Tue May 25 2021,61931
Wed May 26 2021,61997
Thu May 27 2021,62184
Fri May 28 2021,62491
Sat May 29 2021,62592
Sun May 30 2021,62743
Mon May 31 2021,62741
Tue Jun 01 2021,62751
Wed Jun 02 2021,63123
Thu Jun 03 2021,63066
Fri Jun 04 2021,63156
Sat Jun 05 2021,63235
Sun Jun 06 2021,63505
Mon Jun 07 2021,63461
Tue Jun 08 2021,63675
Wed Jun 09 2021,64100
Thu Jun 10 2021,64187
Fri Jun 11 2021,64267
Sat Jun 12 2021,64391
Sun Jun 13 2021,64399
Mon Jun 14 2021,64490
Tue Jun 15 2021,64657
Wed Jun 16 2021,64495
Thu Jun 17 2021,64431
Fri Jun 18 2021,64436
Sat Jun 19 2021,64536
Sun Jun 20 2021,64365
Mon Jun 21 2021,64641
Tue Jun 22 2021,64743
Wed Jun 23 2021,64912
Thu Jun 24 2021,64897
Fri Jun 25 2021,64989
Sat Jun 26 2021,65138
Sun Jun 27 2021,65102
Mon Jun 28 2021,65211
Tue Jun 29 2021,65339
Wed Jun 30 2021,65288
Thu Jul 01 2021,65380
Fri Jul 02 2021,65354
Sat Jul 03 2021,65390
Sun Jul 04 2021,65393
Mon Jul 05 2021,65556
Tue Jul 06 2021,65674
Wed Jul 07 2021,66185
Thu Jul 08 2021,66191
Fri Jul 09 2021,66269
Sat Jul 10 2021,66604
Sun Jul 11 2021,66692
Mon Jul 12 2021,66706
Tue Jul 13 2021,66802
Wed Jul 14 2021,67006
Thu Jul 15 2021,66974
Fri Jul 16 2021,67125
Sat Jul 17 2021,67075
Sun Jul 18 2021,67125
Mon Jul 19 2021,67219
Tue Jul 20 2021,67421
Wed Jul 21 2021,67391
Thu Jul 22 2021,67374
Fri Jul 23 2021,67437
Sat Jul 24 2021,67478
Sun Jul 25 2021,67652
Mon Jul 26 2021,67491
Tue Jul 27 2021,67661
Wed Jul 28 2021,67687
Thu Jul 29 2021,67916
Fri Jul 30 2021,68031
Sat Jul 31 2021,68044
Sun Aug 01 2021,68222
Mon Aug 02 2021,68354
Tue Aug 03 2021,68343
Wed Aug 04 2021,68403
Thu Aug 05 2021,68383
Fri Aug 06 2021,68543
Sat Aug 07 2021,68730
Sun Aug 08 2021,68787
Mon Aug 09 2021,68677
Tue Aug 10 2021,68541
Wed Aug 11 2021,68821
Thu Aug 12 2021,68328
Fri Aug 13 2021,68454
Sat Aug 14 2021,68254
Sun Aug 15 2021,68311
Mon Aug 16 2021,68471
Tue Aug 17 2021,68639
Wed Aug 18 2021,68618
Thu Aug 19 2021,68681
Fri Aug 20 2021,69176
Sat Aug 21 2021,68940
Sun Aug 22 2021,69034
Mon Aug 23 2021,69428
Tue Aug 24 2021,69565
Wed Aug 25 2021,69407
Thu Aug 26 2021,69120
Fri Aug 27 2021,69031
Sat Aug 28 2021,69200
Sun Aug 29 2021,68998
Mon Aug 30 2021,68894
Tue Aug 31 2021,69171
Wed Sep 01 2021,69652
Thu Sep 02 2021,69748
Fri Sep 03 2021,69901
Sat Sep 04 2021,69573
Sun Sep 05 2021,69782
Mon Sep 06 2021,69756
Tue Sep 07 2021,69756
Wed Sep 08 2021,69753
Thu Sep 09 2021,69866
Fri Sep 10 2021,69545
Sat Sep 11 2021,69561
Sun Sep 12 2021,69637
Mon Sep 13 2021,69462
Tue Sep 14 2021,69878
Wed Sep 15 2021,69799
Thu Sep 16 2021,69883
Fri Sep 17 2021,69954
Sat Sep 18 2021,70084
Sun Sep 19 2021,70111
Mon Sep 20 2021,70942
Tue Sep 21 2021,70951
Wed Sep 22 2021,70872
Thu Sep 23 2021,70907
Fri Sep 24 2021,70804
Sat Sep 25 2021,70931
Sun Sep 26 2021,71047
Mon Sep 27 2021,70995
Tue Sep 28 2021,71064
Wed Sep 29 2021,71158
Thu Sep 30 2021,71285
Fri Oct 01 2021,71256
Sat Oct 02 2021,71210
Sun Oct 03 2021,71818
Mon Oct 04 2021,71919
Tue Oct 05 2021,71817
Wed Oct 06 2021,72175
Thu Oct 07 2021,71659
Fri Oct 08 2021,71718
Sat Oct 09 2021,71631
Sun Oct 10 2021,71752
Mon Oct 11 2021,71848
Tue Oct 12 2021,71981
Wed Oct 13 2021,71874
Thu Oct 14 2021,72018
Fri Oct 15 2021,72216
Sat Oct 16 2021,72296
Sun Oct 17 2021,72396
Mon Oct 18 2021,72276
Tue Oct 19 2021,72230
Wed Oct 20 2021,72300
Thu Oct 21 2021,72425
Fri Oct 22 2021,72322
Sat Oct 23 2021,72478
Sun Oct 24 2021,72787
Mon Oct 25 2021,72709
Tue Oct 26 2021,72575
Wed Oct 27 2021,73103
Thu Oct 28 2021,72755
Fri Oct 29 2021,73079
Sat Oct 30 2021,73154
Sun Oct 31 2021,73247
Mon Nov 01 2021,73439
Tue Nov 02 2021,73579
Wed Nov 03 2021,73722
Thu Nov 04 2021,73887
Fri Nov 05 2021,73929
Sat Nov 06 2021,74321
Sun Nov 07 2021,73874
Mon Nov 08 2021,74130
Tue Nov 09 2021,74300
Wed Nov 10 2021,74712
Thu Nov 11 2021,75130
Fri Nov 12 2021,75411
Sat Nov 13 2021,75652
Sun Nov 14 2021,75681
Mon Nov 15 2021,75558
Tue Nov 16 2021,75813
Wed Nov 17 2021,76223
Thu Nov 18 2021,76199
Fri Nov 19 2021,76202
Sat Nov 20 2021,76369
Sun Nov 21 2021,76467
Mon Nov 22 2021,76437
Tue Nov 23 2021,76642
Wed Nov 24 2021,76601
Thu Nov 25 2021,76640
Fri Nov 26 2021,77025
Sat Nov 27 2021,76980
Sun Nov 28 2021,77344
Mon Nov 29 2021,77558
Tue Nov 30 2021,77992
Wed Dec 01 2021,78135
Thu Dec 02 2021,77941
Fri Dec 03 2021,78005
Sat Dec 04 2021,78134
Sun Dec 05 2021,78029
Mon Dec 06 2021,78041
Tue Dec 07 2021,78279
Wed Dec 08 2021,78530
Thu Dec 09 2021,78676
Fri Dec 10 2021,78190
Sat Dec 11 2021,78367
Sun Dec 12 2021,78474
Mon Dec 13 2021,78665
Tue Dec 14 2021,79396
Wed Dec 15 2021,79019
Thu Dec 16 2021,78248
Fri Dec 17 2021,78583
Sat Dec 18 2021,78782
Sun Dec 19 2021,78861
Mon Dec 20 2021,78832
Tue Dec 21 2021,79450
Wed Dec 22 2021,79670
Thu Dec 23 2021,79791
Fri Dec 24 2021,80112
Sat Dec 25 2021,80171
Sun Dec 26 2021,80211
Mon Dec 27 2021,80490
Tue Dec 28 2021,80802
Wed Dec 29 2021,80919
Thu Dec 30 2021,81002
Fri Dec 31 2021,80945
Sat Jan 01 2022,80945
Sun Jan 02 2022,81078
Mon Jan 03 2022,81453
Tue Jan 04 2022,81732
Wed Jan 05 2022,82100
Thu Jan 06 2022,82314
Fri Jan 07 2022,82674
Sat Jan 08 2022,82849
Sun Jan 09 2022,83034
Mon Jan 10 2022,83642
Tue Jan 11 2022,83405
Wed Jan 12 2022,83881
Thu Jan 13 2022,84561
Fri Jan 14 2022,85030
Sat Jan 15 2022,85360
Sun Jan 16 2022,85355
Mon Jan 17 2022,85503
Tue Jan 18 2022,85920
Wed Jan 19 2022,86060
Thu Jan 20 2022,86512
Fri Jan 21 2022,86374
Sat Jan 22 2022,86708
Sun Jan 23 2022,87081
Mon Jan 24 2022,87837
Tue Jan 25 2022,88257
Wed Jan 26 2022,88206
Thu Jan 27 2022,88701
Fri Jan 28 2022,88719
Sat Jan 29 2022,88908
Sun Jan 30 2022,88930
Mon Jan 31 2022,88901
Tue Feb 01 2022,89560
Wed Feb 02 2022,89417
Thu Feb 03 2022,89985
Fri Feb 04 2022,90412
Sat Feb 05 2022,90679
Sun Feb 06 2022,90801
Mon Feb 07 2022,90992
Tue Feb 08 2022,91409
Wed Feb 09 2022,91561
Thu Feb 10 2022,91690
Fri Feb 11 2022,91921
Sat Feb 12 2022,92359
Sun Feb 13 2022,92274
Mon Feb 14 2022,92635
Tue Feb 15 2022,92850
Wed Feb 16 2022,92643
Thu Feb 17 2022,92949
Fri Feb 18 2022,93852
Sat Feb 19 2022,93916
Sun Feb 20 2022,94019
Mon Feb 21 2022,94263
Tue Feb 22 2022,94944
Wed Feb 23 2022,95455
Thu Feb 24 2022,96219
Fri Feb 25 2022,96482
Sat Feb 26 2022,96642
Sun Feb 27 2022,96893
Mon Feb 28 2022,97011
Tue Mar 01 2022,97290
Wed Mar 02 2022,97721
Thu Mar 03 2022,97756
Fri Mar 04 2022,98171
Sat Mar 05 2022,98165
Sun Mar 06 2022,98185
Mon Mar 07 2022,98346
Tue Mar 08 2022,98423
Wed Mar 09 2022,98828
Thu Mar 10 2022,98938
Fri Mar 11 2022,98815
Sat Mar 12 2022,98941
Sun Mar 13 2022,98771
Mon Mar 14 2022,98988
Tue Mar 15 2022,98828
Wed Mar 16 2022,98690
Thu Mar 17 2022,99310
Fri Mar 18 2022,99302
Sat Mar 19 2022,99747
Sun Mar 20 2022,99716
Mon Mar 21 2022,99752
Tue Mar 22 2022,100208
Wed Mar 23 2022,100177
Thu Mar 24 2022,100071
Fri Mar 25 2022,99952
Sat Mar 26 2022,99473
Sun Mar 27 2022,99402
Mon Mar 28 2022,99363
Tue Mar 29 2022,99422
Wed Mar 30 2022,99602
Thu Mar 31 2022,99643
Fri Apr 01 2022,99669
Sat Apr 02 2022,99903
Sun Apr 03 2022,99648
Mon Apr 04 2022,99576
Tue Apr 05 2022,100036
Wed Apr 06 2022,99941
Thu Apr 07 2022,99992
Fri Apr 08 2022,100003
Sat Apr 09 2022,99987
Sun Apr 10 2022,100128
Mon Apr 11 2022,100016
Tue Apr 12 2022,99719
Wed Apr 13 2022,99932
Thu Apr 14 2022,100138
Fri Apr 15 2022,99992
Sat Apr 16 2022,99629
Sun Apr 17 2022,99640
Mon Apr 18 2022,99762
Tue Apr 19 2022,99811
Wed Apr 20 2022,100235
Thu Apr 21 2022,100004
Fri Apr 22 2022,99780
Sat Apr 23 2022,99753
Sun Apr 24 2022,99727
Mon Apr 25 2022,99614
Tue Apr 26 2022,99619
Wed Apr 27 2022,99428
Thu Apr 28 2022,99314
Fri Apr 29 2022,99408
Sat Apr 30 2022,99760
Sun May 01 2022,99687
Mon May 02 2022,99599
Tue May 03 2022,99477
Wed May 04 2022,99284
Thu May 05 2022,99034
Fri May 06 2022,99079
Sat May 07 2022,98500
Sun May 08 2022,97962
Mon May 09 2022,97923
Tue May 10 2022,97586
Wed May 11 2022,97660
Thu May 12 2022,97345
Fri May 13 2022,97093
Sat May 14 2022,96487
Sun May 15 2022,96485
Mon May 16 2022,96666
Tue May 17 2022,96304
Wed May 18 2022,96422
Thu May 19 2022,96415
Fri May 20 2022,96671
Sat May 21 2022,96094
Sun May 22 2022,95731
Mon May 23 2022,95767
Tue May 24 2022,95166
Wed May 25 2022,95165
Thu May 26 2022,94875
Fri May 27 2022,94901
Sat May 28 2022,94928
Sun May 29 2022,94593
Mon May 30 2022,94469
Tue May 31 2022,94272
Wed Jun 01 2022,93792
Thu Jun 02 2022,93630
Fri Jun 03 2022,93850
Sat Jun 04 2022,93833
Sun Jun 05 2022,93501
Mon Jun 06 2022,93433
Tue Jun 07 2022,93449
Wed Jun 08 2022,92930
Thu Jun 09 2022,92947
Fri Jun 10 2022,92800
Sat Jun 11 2022,92797
Sun Jun 12 2022,92271
Mon Jun 13 2022,92347
Tue Jun 14 2022,92012
Wed Jun 15 2022,92046
Thu Jun 16 2022,92328
Fri Jun 17 2022,92114
Sat Jun 18 2022,92118
Sun Jun 19 2022,91730
Mon Jun 20 2022,91937
Tue Jun 21 2022,91935
Wed Jun 22 2022,91743
Thu Jun 23 2022,91765
Fri Jun 24 2022,91705
Sat Jun 25 2022,91372
Sun Jun 26 2022,91233
Mon Jun 27 2022,91348
Tue Jun 28 2022,91252
Wed Jun 29 2022,91281
Thu Jun 30 2022,91374
Fri Jul 01 2022,91747
Sat Jul 02 2022,91141
Sun Jul 03 2022,90893
Mon Jul 04 2022,90820
Tue Jul 05 2022,90681
Wed Jul 06 2022,90322
Thu Jul 07 2022,90548
Fri Jul 08 2022,90404
Sat Jul 09 2022,90521
Sun Jul 10 2022,90234
Mon Jul 11 2022,90074
Tue Jul 12 2022,89908
Wed Jul 13 2022,89937
Thu Jul 14 2022,90063
Fri Jul 15 2022,89956
Sat Jul 16 2022,89504
Sun Jul 17 2022,89376
Mon Jul 18 2022,89323
Tue Jul 19 2022,89232
Wed Jul 20 2022,89161
Thu Jul 21 2022,88980
Fri Jul 22 2022,89135
Sat Jul 23 2022,88848
Sun Jul 24 2022,88793
Mon Jul 25 2022,88746
Tue Jul 26 2022,88818
Wed Jul 27 2022,88932
Thu Jul 28 2022,88470
Fri Jul 29 2022,88459
Sat Jul 30 2022,88473
Sun Jul 31 2022,88422
Mon Aug 01 2022,88470
Tue Aug 02 2022,88376
Wed Aug 03 2022,88834
Thu Aug 04 2022,88750
Fri Aug 05 2022,88409
Sat Aug 06 2022,88390
Sun Aug 07 2022,88212
Mon Aug 08 2022,88322
Tue Aug 09 2022,88246
Wed Aug 10 2022,88112
Thu Aug 11 2022,88177
Fri Aug 12 2022,88452
Sat Aug 13 2022,87803
Sun Aug 14 2022,87738
Mon Aug 15 2022,87727
Tue Aug 16 2022,87191
Wed Aug 17 2022,87211
Thu Aug 18 2022,87243
Fri Aug 19 2022,86868
Sat Aug 20 2022,86622
Sun Aug 21 2022,86532
Mon Aug 22 2022,87004
Tue Aug 23 2022,87260
Wed Aug 24 2022,87047
Thu Aug 25 2022,86922
Fri Aug 26 2022,87014
Sat Aug 27 2022,87011
Sun Aug 28 2022,87018
Mon Aug 29 2022,86758
Tue Aug 30 2022,86519
Wed Aug 31 2022,86462
Thu Sep 01 2022,86438
Fri Sep 02 2022,86561
Sat Sep 03 2022,86641
Sun Sep 04 2022,86712
Mon Sep 05 2022,86610
Tue Sep 06 2022,86477
Wed Sep 07 2022,86418
Thu Sep 08 2022,86495
Fri Sep 09 2022,86335
Sat Sep 10 2022,86213
Sun Sep 11 2022,86062
Mon Sep 12 2022,85911
Tue Sep 13 2022,85609
Wed Sep 14 2022,85556
Thu Sep 15 2022,85623
Fri Sep 16 2022,85200
Sat Sep 17 2022,85036
Sun Sep 18 2022,84934
Mon Sep 19 2022,84803
Tue Sep 20 2022,84661
Wed Sep 21 2022,84445
Thu Sep 22 2022,84489
Fri Sep 23 2022,84846
Sat Sep 24 2022,85098
Sun Sep 25 2022,85194
Mon Sep 26 2022,85074
Tue Sep 27 2022,84651
Wed Sep 28 2022,84786
Thu Sep 29 2022,84753
Fri Sep 30 2022,84793
Sat Oct 01 2022,84794
Sun Oct 02 2022,84675
Mon Oct 03 2022,84781
Tue Oct 04 2022,84818
Wed Oct 05 2022,84751
Thu Oct 06 2022,84897
Fri Oct 07 2022,84855
Sat Oct 08 2022,84762
Sun Oct 09 2022,84451
Mon Oct 10 2022,84043
Tue Oct 11 2022,83745
Wed Oct 12 2022,83695
Thu Oct 13 2022,84011
Fri Oct 14 2022,83512
Sat Oct 15 2022,83239
Sun Oct 16 2022,83001
Mon Oct 17 2022,82818
Tue Oct 18 2022,82597
Wed Oct 19 2022,82351
Thu Oct 20 2022,82617
Fri Oct 21 2022,82584
Sat Oct 22 2022,82587
Sun Oct 23 2022,82565
Mon Oct 24 2022,82469
Tue Oct 25 2022,82682
Wed Oct 26 2022,82509
Thu Oct 27 2022,82206
Fri Oct 28 2022,81932
Sat Oct 29 2022,81639
Sun Oct 30 2022,81654
Mon Oct 31 2022,81445
Tue Nov 01 2022,81471
Wed Nov 02 2022,81701
Thu Nov 03 2022,81598
Fri Nov 04 2022,81270
Sat Nov 05 2022,81627
Sun Nov 06 2022,81536
Mon Nov 07 2022,81178
Tue Nov 08 2022,81276
Wed Nov 09 2022,81445
Thu Nov 10 2022,81299
Fri Nov 11 2022,80864
Sat Nov 12 2022,80565
Sun Nov 13 2022,80488
Mon Nov 14 2022,80668
Tue Nov 15 2022,80727
Wed Nov 16 2022,80584
Thu Nov 17 2022,80642
Fri Nov 18 2022,80904
Sat Nov 19 2022,80695
Sun Nov 20 2022,80669
Mon Nov 21 2022,80385
Tue Nov 22 2022,80446
Wed Nov 23 2022,80596
Thu Nov 24 2022,80775
Fri Nov 25 2022,80872
Sat Nov 26 2022,80842
Sun Nov 27 2022,80667
Mon Nov 28 2022,80557
Tue Nov 29 2022,80658
Wed Nov 30 2022,80747
Thu Dec 01 2022,80900
Fri Dec 02 2022,81033
Sat Dec 03 2022,81052
Sun Dec 04 2022,81029
Mon Dec 05 2022,81040
Tue Dec 06 2022,81093
Wed Dec 07 2022,81061
Thu Dec 08 2022,80697
Fri Dec 09 2022,80462
Sat Dec 10 2022,80577
Sun Dec 11 2022,80586
Mon Dec 12 2022,80569
Tue Dec 13 2022,80647
Wed Dec 14 2022,80735
Thu Dec 15 2022,80322
Fri Dec 16 2022,80108
Sat Dec 17 2022,80043
Sun Dec 18 2022,79921
Mon Dec 19 2022,80312
Tue Dec 20 2022,80244
Wed Dec 21 2022,80218
Thu Dec 22 2022,80124
Fri Dec 23 2022,80200
Sat Dec 24 2022,80116
Sun Dec 25 2022,79947
Mon Dec 26 2022,80017
Tue Dec 27 2022,79934
Wed Dec 28 2022,79919
Thu Dec 29 2022,79914
Fri Dec 30 2022,80077
Sat Dec 31 2022,79803
Sun Jan 01 2023,79803
Mon Jan 02 2023,79628
Tue Jan 03 2023,79689
Wed Jan 04 2023,79646
Thu Jan 05 2023,79806
Fri Jan 06 2023,79500
Sat Jan 07 2023,79317
Sun Jan 08 2023,79280
Mon Jan 09 2023,79093
Tue Jan 10 2023,79188
Wed Jan 11 2023,78794
Thu Jan 12 2023,78675
Fri Jan 13 2023,78700
Sat Jan 14 2023,78603
Sun Jan 15 2023,78424
Mon Jan 16 2023,78346
Tue Jan 17 2023,78004
Wed Jan 18 2023,77996
Thu Jan 19 2023,77864
Fri Jan 20 2023,77695
Sat Jan 21 2023,77608
Sun Jan 22 2023,77537
Mon Jan 23 2023,77571
Tue Jan 24 2023,77276
Wed Jan 25 2023,77203
Thu Jan 26 2023,77270
Fri Jan 27 2023,77064
Sat Jan 28 2023,77314
Sun Jan 29 2023,77310
Mon Jan 30 2023,77320
Tue Jan 31 2023,76819
Wed Feb 01 2023,76762
Thu Feb 02 2023,76998
Fri Feb 03 2023,76792
Sat Feb 04 2023,76843
Sun Feb 05 2023,76781
Mon Feb 06 2023,76846
Tue Feb 07 2023,76696
Wed Feb 08 2023,76574
Thu Feb 09 2023,76629
Fri Feb 10 2023,76437
Sat Feb 11 2023,76452
Sun Feb 12 2023,76715
Mon Feb 13 2023,76654
Tue Feb 14 2023,76389
Wed Feb 15 2023,76374
Thu Feb 16 2023,76318
Fri Feb 17 2023,76343
Sat Feb 18 2023,76190
Sun Feb 19 2023,76391
Mon Feb 20 2023,76213
Tue Feb 21 2023,76349
Wed Feb 22 2023,76708
Thu Feb 23 2023,76337
Fri Feb 24 2023,76138
Sat Feb 25 2023,76163
Sun Feb 26 2023,76017
Mon Feb 27 2023,76113
Tue Feb 28 2023,76235
Wed Mar 01 2023,76246
Thu Mar 02 2023,75879
Fri Mar 03 2023,76097
Sat Mar 04 2023,76162
Sun Mar 05 2023,76258
Mon Mar 06 2023,76209
Tue Mar 07 2023,75999
Wed Mar 08 2023,76002
Thu Mar 09 2023,75933
Fri Mar 10 2023,75831
Sat Mar 11 2023,75953
Sun Mar 12 2023,75982
Mon Mar 13 2023,75945
Tue Mar 14 2023,76123
Wed Mar 15 2023,76126
Thu Mar 16 2023,76240
Fri Mar 17 2023,75918
Sat Mar 18 2023,75821
Sun Mar 19 2023,75589
Mon Mar 20 2023,75577
Tue Mar 21 2023,75464
Wed Mar 22 2023,75227
Thu Mar 23 2023,75021
Fri Mar 24 2023,75335
Sat Mar 25 2023,75133
Sun Mar 26 2023,75130
Mon Mar 27 2023,75059
Tue Mar 28 2023,74996
Wed Mar 29 2023,74756
Thu Mar 30 2023,75091
Fri Mar 31 2023,75236
Sat Apr 01 2023,75154
Sun Apr 02 2023,75235
Mon Apr 03 2023,75067
Tue Apr 04 2023,74939
Wed Apr 05 2023,74881
Thu Apr 06 2023,74964
Fri Apr 07 2023,74818
Sat Apr 08 2023,74760
Sun Apr 09 2023,74822
Mon Apr 10 2023,74792
Tue Apr 11 2023,74875
Wed Apr 12 2023,75126
Thu Apr 13 2023,75218
Fri Apr 14 2023,75232
Sat Apr 15 2023,75155
Sun Apr 16 2023,75354
Mon Apr 17 2023,75333
Tue Apr 18 2023,75436
Wed Apr 19 2023,75089
Thu Apr 20 2023,75018
Fri Apr 21 2023,75197
Sat Apr 22 2023,75365
Sun Apr 23 2023,75285
Mon Apr 24 2023,75189
Tue Apr 25 2023,75220
Wed Apr 26 2023,75042
Thu Apr 27 2023,74774
Fri Apr 28 2023,74710
Sat Apr 29 2023,74512
Sun Apr 30 2023,74576
Mon May 01 2023,74489
Tue May 02 2023,74518
Wed May 03 2023,74293
Thu May 04 2023,74362
Fri May 05 2023,74465
Sat May 06 2023,74568
Sun May 07 2023,74562
Mon May 08 2023,74650
Tue May 09 2023,74609
Wed May 10 2023,74738
Thu May 11 2023,74515
Fri May 12 2023,74249
Sat May 13 2023,74403
Sun May 14 2023,74355
Mon May 15 2023,74097
Tue May 16 2023,74055
Wed May 17 2023,74049
Thu May 18 2023,74115
Fri May 19 2023,73890
Sat May 20 2023,73964
Sun May 21 2023,74063
Mon May 22 2023,74047
Tue May 23 2023,73893
Wed May 24 2023,73672
Thu May 25 2023,73387
Fri May 26 2023,73507
Sat May 27 2023,73383
Sun May 28 2023,73305
Mon May 29 2023,73452
Tue May 30 2023,73329
Wed May 31 2023,73463
Thu Jun 01 2023,73415
Fri Jun 02 2023,73463
Sat Jun 03 2023,73676
Sun Jun 04 2023,73715
Mon Jun 05 2023,73501
Tue Jun 06 2023,73492
Wed Jun 07 2023,73768
Thu Jun 08 2023,74014
Fri Jun 09 2023,73783
Sat Jun 10 2023,73703
Sun Jun 11 2023,73777
Mon Jun 12 2023,73555
Tue Jun 13 2023,73683
Wed Jun 14 2023,73099
Thu Jun 15 2023,73045
Fri Jun 16 2023,72876
Sat Jun 17 2023,72845
Sun Jun 18 2023,72816
Mon Jun 19 2023,72674
Tue Jun 20 2023,72621
Wed Jun 21 2023,72819
Thu Jun 22 2023,73005
Fri Jun 23 2023,72922
Sat Jun 24 2023,72955
Sun Jun 25 2023,72897
Mon Jun 26 2023,72803
Tue Jun 27 2023,72490
Wed Jun 28 2023,72336
Thu Jun 29 2023,72263
Fri Jun 30 2023,72045
Sat Jul 01 2023,71984
Sun Jul 02 2023,71727
Mon Jul 03 2023,71648
Tue Jul 04 2023,71710
Wed Jul 05 2023,71844
Thu Jul 06 2023,71788
Fri Jul 07 2023,71640
Sat Jul 08 2023,71642
Sun Jul 09 2023,71381
Mon Jul 10 2023,71369
Tue Jul 11 2023,71523
Wed Jul 12 2023,71121
Thu Jul 13 2023,71379
Fri Jul 14 2023,71473
Sat Jul 15 2023,71401
Sun Jul 16 2023,71367
Mon Jul 17 2023,71296
Tue Jul 18 2023,71353
Wed Jul 19 2023,71436
Thu Jul 20 2023,71504
Fri Jul 21 2023,71425
Sat Jul 22 2023,71342
Sun Jul 23 2023,71394
Mon Jul 24 2023,71326
Tue Jul 25 2023,70928
Wed Jul 26 2023,70818
Thu Jul 27 2023,70930
Fri Jul 28 2023,70908
Sat Jul 29 2023,71047
Sun Jul 30 2023,70959
Mon Jul 31 2023,70886
Tue Aug 01 2023,71068
Wed Aug 02 2023,71024
Thu Aug 03 2023,71104
Fri Aug 04 2023,71044
Sat Aug 05 2023,70919
Sun Aug 06 2023,70936
Mon Aug 07 2023,70822
Tue Aug 08 2023,70497
Wed Aug 09 2023,70541
Thu Aug 10 2023,70549
Fri Aug 11 2023,70339
Sat Aug 12 2023,70473
Sun Aug 13 2023,70828
Mon Aug 14 2023,70630
Tue Aug 15 2023,70646
Wed Aug 16 2023,70684
Thu Aug 17 2023,70437
Fri Aug 18 2023,70303
Sat Aug 19 2023,70206
Sun Aug 20 2023,70242
Mon Aug 21 2023,70181
Tue Aug 22 2023,70037
Wed Aug 23 2023,69719
Thu Aug 24 2023,69763
Fri Aug 25 2023,69804
Sat Aug 26 2023,69976
Sun Aug 27 2023,70020
Mon Aug 28 2023,69855
Tue Aug 29 2023,69897
Wed Aug 30 2023,69910
Thu Aug 31 2023,69853
Fri Sep 01 2023,69659
Sat Sep 02 2023,69757
Sun Sep 03 2023,69776
Mon Sep 04 2023,69408
Tue Sep 05 2023,69361
Wed Sep 06 2023,69235
Thu Sep 07 2023,69296
Fri Sep 08 2023,69204
Sat Sep 09 2023,69125
Sun Sep 10 2023,69086
Mon Sep 11 2023,68908
Tue Sep 12 2023,68967
Wed Sep 13 2023,69215
Thu Sep 14 2023,68930
Fri Sep 15 2023,68759
Sat Sep 16 2023,68685
Sun Sep 17 2023,68722
Mon Sep 18 2023,68701
Tue Sep 19 2023,68709
Wed Sep 20 2023,68663
Thu Sep 21 2023,68567
Fri Sep 22 2023,68635
Sat Sep 23 2023,68650
Sun Sep 24 2023,68603
Mon Sep 25 2023,68613
Tue Sep 26 2023,68352
Wed Sep 27 2023,68432
Thu Sep 28 2023,68363
Fri Sep 29 2023,68304
Sat Sep 30 2023,68460
Sun Oct 01 2023,68280
Mon Oct 02 2023,68394
Tue Oct 03 2023,68046
Wed Oct 04 2023,67972
Thu Oct 05 2023,68141
Fri Oct 06 2023,68307
Sat Oct 07 2023,68281
Sun Oct 08 2023,68349
Mon Oct 09 2023,68257
Tue Oct 10 2023,68399
Wed Oct 11 2023,68408
Thu Oct 12 2023,68436
Fri Oct 13 2023,68439
Sat Oct 14 2023,68416
Sun Oct 15 2023,68239
Mon Oct 16 2023,68074
Tue Oct 17 2023,67924
Wed Oct 18 2023,67750
Thu Oct 19 2023,67782
Fri Oct 20 2023,67599
Sat Oct 21 2023,67766
Sun Oct 22 2023,67666
Mon Oct 23 2023,67599
Tue Oct 24 2023,67656
Wed Oct 25 2023,67627
Thu Oct 26 2023,67632
Fri Oct 27 2023,67369
Sat Oct 28 2023,67398
Sun Oct 29 2023,67404
Mon Oct 30 2023,67227
Tue Oct 31 2023,67008
Wed Nov 01 2023,67193
Thu Nov 02 2023,66935
Fri Nov 03 2023,66950
Sat Nov 04 2023,66847
Sun Nov 05 2023,66877
Mon Nov 06 2023,66625
Tue Nov 07 2023,66404
Wed Nov 08 2023,66378
Thu Nov 09 2023,66048
Fri Nov 10 2023,66027
Sat Nov 11 2023,65761
Sun Nov 12 2023,65818
Mon Nov 13 2023,66201
Tue Nov 14 2023,65910
Wed Nov 15 2023,65913
Thu Nov 16 2023,65869
Fri Nov 17 2023,65796
Sat Nov 18 2023,65573
Sun Nov 19 2023,65325
Mon Nov 20 2023,65115
Tue Nov 21 2023,65102
Wed Nov 22 2023,65049
Thu Nov 23 2023,65385
Fri Nov 24 2023,65369
Sat Nov 25 2023,65213
Sun Nov 26 2023,65537
Mon Nov 27 2023,65429
Tue Nov 28 2023,65285
