date,Cartier Market Index (USD)
Fri Nov 30 2018,0
Sat Dec 01 2018,0
Sun Dec 02 2018,0
Mon Dec 03 2018,0
Tue Dec 04 2018,0
Wed Dec 05 2018,0
Thu Dec 06 2018,0
Fri Dec 07 2018,0
Sat Dec 08 2018,0
Sun Dec 09 2018,0
Mon Dec 10 2018,0
Tue Dec 11 2018,0
Wed Dec 12 2018,0
Thu Dec 13 2018,0
Fri Dec 14 2018,0
Sat Dec 15 2018,0
Sun Dec 16 2018,0
Mon Dec 17 2018,0
Tue Dec 18 2018,0
Wed Dec 19 2018,0
Thu Dec 20 2018,0
Fri Dec 21 2018,0
Sat Dec 22 2018,0
Sun Dec 23 2018,0
Mon Dec 24 2018,0
Tue Dec 25 2018,0
Wed Dec 26 2018,0
Thu Dec 27 2018,0
Fri Dec 28 2018,0
Sat Dec 29 2018,0
Sun Dec 30 2018,0
Mon Dec 31 2018,0
Tue Jan 01 2019,0
Wed Jan 02 2019,0
Thu Jan 03 2019,0
Fri Jan 04 2019,0
Sat Jan 05 2019,0
Sun Jan 06 2019,0
Mon Jan 07 2019,0
Tue Jan 08 2019,0
Wed Jan 09 2019,0
Thu Jan 10 2019,0
Fri Jan 11 2019,0
Sat Jan 12 2019,0
Sun Jan 13 2019,0
Mon Jan 14 2019,0
Tue Jan 15 2019,0
Wed Jan 16 2019,0
Thu Jan 17 2019,0
Fri Jan 18 2019,0
Sat Jan 19 2019,0
Sun Jan 20 2019,0
Mon Jan 21 2019,0
Tue Jan 22 2019,0
Wed Jan 23 2019,0
Thu Jan 24 2019,0
Fri Jan 25 2019,0
Sat Jan 26 2019,0
Sun Jan 27 2019,0
Mon Jan 28 2019,0
Tue Jan 29 2019,0
Wed Jan 30 2019,0
Thu Jan 31 2019,0
Fri Feb 01 2019,0
Sat Feb 02 2019,0
Sun Feb 03 2019,0
Mon Feb 04 2019,0
Tue Feb 05 2019,0
Wed Feb 06 2019,0
Thu Feb 07 2019,0
Fri Feb 08 2019,0
Sat Feb 09 2019,0
Sun Feb 10 2019,0
Mon Feb 11 2019,0
Tue Feb 12 2019,0
Wed Feb 13 2019,0
Thu Feb 14 2019,0
Fri Feb 15 2019,0
Sat Feb 16 2019,0
Sun Feb 17 2019,0
Mon Feb 18 2019,0
Tue Feb 19 2019,0
Wed Feb 20 2019,0
Thu Feb 21 2019,0
Fri Feb 22 2019,0
Sat Feb 23 2019,0
Sun Feb 24 2019,0
Mon Feb 25 2019,0
Tue Feb 26 2019,0
Wed Feb 27 2019,0
Thu Feb 28 2019,0
Fri Mar 01 2019,0
Sat Mar 02 2019,0
Sun Mar 03 2019,0
Mon Mar 04 2019,0
Tue Mar 05 2019,0
Wed Mar 06 2019,0
Thu Mar 07 2019,0
Fri Mar 08 2019,0
Sat Mar 09 2019,0
Sun Mar 10 2019,0
Mon Mar 11 2019,0
Tue Mar 12 2019,0
Wed Mar 13 2019,0
Thu Mar 14 2019,0
Fri Mar 15 2019,0
Sat Mar 16 2019,0
Sun Mar 17 2019,0
Mon Mar 18 2019,0
Tue Mar 19 2019,0
Wed Mar 20 2019,0
Thu Mar 21 2019,0
Fri Mar 22 2019,0
Sat Mar 23 2019,0
Sun Mar 24 2019,0
Mon Mar 25 2019,0
Tue Mar 26 2019,0
Wed Mar 27 2019,0
Thu Mar 28 2019,0
Fri Mar 29 2019,0
Sat Mar 30 2019,0
Sun Mar 31 2019,0
Mon Apr 01 2019,0
Tue Apr 02 2019,0
Wed Apr 03 2019,0
Thu Apr 04 2019,0
Fri Apr 05 2019,0
Sat Apr 06 2019,0
Sun Apr 07 2019,0
Mon Apr 08 2019,0
Tue Apr 09 2019,0
Wed Apr 10 2019,0
Thu Apr 11 2019,0
Fri Apr 12 2019,0
Sat Apr 13 2019,0
Sun Apr 14 2019,0
Mon Apr 15 2019,0
Tue Apr 16 2019,0
Wed Apr 17 2019,0
Thu Apr 18 2019,0
Fri Apr 19 2019,0
Sat Apr 20 2019,0
Sun Apr 21 2019,0
Mon Apr 22 2019,0
Tue Apr 23 2019,0
Wed Apr 24 2019,0
Thu Apr 25 2019,0
Fri Apr 26 2019,0
Sat Apr 27 2019,0
Sun Apr 28 2019,0
Mon Apr 29 2019,0
Tue Apr 30 2019,0
Wed May 01 2019,0
Thu May 02 2019,0
Fri May 03 2019,0
Sat May 04 2019,0
Sun May 05 2019,0
Mon May 06 2019,0
Tue May 07 2019,0
Wed May 08 2019,0
Thu May 09 2019,0
Fri May 10 2019,0
Sat May 11 2019,0
Sun May 12 2019,0
Mon May 13 2019,0
Tue May 14 2019,0
Wed May 15 2019,0
Thu May 16 2019,0
Fri May 17 2019,0
Sat May 18 2019,0
Sun May 19 2019,0
Mon May 20 2019,0
Tue May 21 2019,0
Wed May 22 2019,0
Thu May 23 2019,0
Fri May 24 2019,0
Sat May 25 2019,0
Sun May 26 2019,0
Mon May 27 2019,0
Tue May 28 2019,0
Wed May 29 2019,0
Thu May 30 2019,0
Fri May 31 2019,0
Sat Jun 01 2019,0
Sun Jun 02 2019,0
Mon Jun 03 2019,0
Tue Jun 04 2019,0
Wed Jun 05 2019,0
Thu Jun 06 2019,0
Fri Jun 07 2019,0
Sat Jun 08 2019,0
Sun Jun 09 2019,0
Mon Jun 10 2019,0
Tue Jun 11 2019,0
Wed Jun 12 2019,0
Thu Jun 13 2019,0
Fri Jun 14 2019,0
Sat Jun 15 2019,0
Sun Jun 16 2019,0
Mon Jun 17 2019,0
Tue Jun 18 2019,0
Wed Jun 19 2019,0
Thu Jun 20 2019,0
Fri Jun 21 2019,0
Sat Jun 22 2019,0
Sun Jun 23 2019,0
Mon Jun 24 2019,0
Tue Jun 25 2019,0
Wed Jun 26 2019,0
Thu Jun 27 2019,0
Fri Jun 28 2019,0
Sat Jun 29 2019,0
Sun Jun 30 2019,0
Mon Jul 01 2019,0
Tue Jul 02 2019,0
Wed Jul 03 2019,0
Thu Jul 04 2019,0
Fri Jul 05 2019,0
Sat Jul 06 2019,0
Sun Jul 07 2019,0
Mon Jul 08 2019,0
Tue Jul 09 2019,0
Wed Jul 10 2019,0
Thu Jul 11 2019,0
Fri Jul 12 2019,0
Sat Jul 13 2019,0
Sun Jul 14 2019,0
Mon Jul 15 2019,0
Tue Jul 16 2019,0
Wed Jul 17 2019,0
Thu Jul 18 2019,0
Fri Jul 19 2019,0
Sat Jul 20 2019,0
Sun Jul 21 2019,0
Mon Jul 22 2019,0
Tue Jul 23 2019,0
Wed Jul 24 2019,0
Thu Jul 25 2019,0
Fri Jul 26 2019,0
Sat Jul 27 2019,0
Sun Jul 28 2019,0
Mon Jul 29 2019,0
Tue Jul 30 2019,0
Wed Jul 31 2019,0
Thu Aug 01 2019,0
Fri Aug 02 2019,0
Sat Aug 03 2019,0
Sun Aug 04 2019,0
Mon Aug 05 2019,0
Tue Aug 06 2019,0
Wed Aug 07 2019,0
Thu Aug 08 2019,0
Fri Aug 09 2019,0
Sat Aug 10 2019,0
Sun Aug 11 2019,0
Mon Aug 12 2019,0
Tue Aug 13 2019,0
Wed Aug 14 2019,0
Thu Aug 15 2019,0
Fri Aug 16 2019,0
Sat Aug 17 2019,0
Sun Aug 18 2019,0
Mon Aug 19 2019,0
Tue Aug 20 2019,0
Wed Aug 21 2019,0
Thu Aug 22 2019,0
Fri Aug 23 2019,0
Sat Aug 24 2019,0
Sun Aug 25 2019,0
Mon Aug 26 2019,0
Tue Aug 27 2019,0
Wed Aug 28 2019,0
Thu Aug 29 2019,0
Fri Aug 30 2019,0
Sat Aug 31 2019,0
Sun Sep 01 2019,0
Mon Sep 02 2019,0
Tue Sep 03 2019,0
Wed Sep 04 2019,0
Thu Sep 05 2019,0
Fri Sep 06 2019,0
Sat Sep 07 2019,0
Sun Sep 08 2019,0
Mon Sep 09 2019,0
Tue Sep 10 2019,0
Wed Sep 11 2019,0
Thu Sep 12 2019,0
Fri Sep 13 2019,0
Sat Sep 14 2019,0
Sun Sep 15 2019,0
Mon Sep 16 2019,0
Tue Sep 17 2019,0
Wed Sep 18 2019,0
Thu Sep 19 2019,0
Fri Sep 20 2019,0
Sat Sep 21 2019,0
Sun Sep 22 2019,0
Mon Sep 23 2019,0
Tue Sep 24 2019,0
Wed Sep 25 2019,0
Thu Sep 26 2019,0
Fri Sep 27 2019,0
Sat Sep 28 2019,0
Sun Sep 29 2019,0
Mon Sep 30 2019,0
Tue Oct 01 2019,0
Wed Oct 02 2019,0
Thu Oct 03 2019,0
Fri Oct 04 2019,0
Sat Oct 05 2019,0
Sun Oct 06 2019,0
Mon Oct 07 2019,0
Tue Oct 08 2019,0
Wed Oct 09 2019,0
Thu Oct 10 2019,0
Fri Oct 11 2019,0
Sat Oct 12 2019,0
Sun Oct 13 2019,0
Mon Oct 14 2019,0
Tue Oct 15 2019,0
Wed Oct 16 2019,0
Thu Oct 17 2019,0
Fri Oct 18 2019,0
Sat Oct 19 2019,0
Sun Oct 20 2019,0
Mon Oct 21 2019,0
Tue Oct 22 2019,0
Wed Oct 23 2019,0
Thu Oct 24 2019,0
Fri Oct 25 2019,0
Sat Oct 26 2019,0
Sun Oct 27 2019,0
Mon Oct 28 2019,0
Tue Oct 29 2019,0
Wed Oct 30 2019,0
Thu Oct 31 2019,0
Fri Nov 01 2019,0
Sat Nov 02 2019,0
Sun Nov 03 2019,0
Mon Nov 04 2019,0
Tue Nov 05 2019,0
Wed Nov 06 2019,0
Thu Nov 07 2019,0
Fri Nov 08 2019,0
Sat Nov 09 2019,0
Sun Nov 10 2019,0
Mon Nov 11 2019,0
Tue Nov 12 2019,0
Wed Nov 13 2019,0
Thu Nov 14 2019,0
Fri Nov 15 2019,0
Sat Nov 16 2019,0
Sun Nov 17 2019,0
Mon Nov 18 2019,0
Tue Nov 19 2019,0
Wed Nov 20 2019,0
Thu Nov 21 2019,0
Fri Nov 22 2019,0
Sat Nov 23 2019,0
Sun Nov 24 2019,0
Mon Nov 25 2019,0
Tue Nov 26 2019,0
Wed Nov 27 2019,0
Thu Nov 28 2019,0
Fri Nov 29 2019,0
Sat Nov 30 2019,0
Sun Dec 01 2019,0
Mon Dec 02 2019,0
Tue Dec 03 2019,0
Wed Dec 04 2019,0
Thu Dec 05 2019,0
Fri Dec 06 2019,0
Sat Dec 07 2019,0
Sun Dec 08 2019,0
Mon Dec 09 2019,0
Tue Dec 10 2019,0
Wed Dec 11 2019,0
Thu Dec 12 2019,0
Fri Dec 13 2019,0
Sat Dec 14 2019,0
Sun Dec 15 2019,0
Mon Dec 16 2019,0
Tue Dec 17 2019,0
Wed Dec 18 2019,0
Thu Dec 19 2019,0
Fri Dec 20 2019,0
Sat Dec 21 2019,0
Sun Dec 22 2019,0
Mon Dec 23 2019,0
Tue Dec 24 2019,0
Wed Dec 25 2019,0
Thu Dec 26 2019,0
Fri Dec 27 2019,0
Sat Dec 28 2019,0
Sun Dec 29 2019,0
Mon Dec 30 2019,0
Tue Dec 31 2019,0
Wed Jan 01 2020,9084
Thu Jan 02 2020,9084
Fri Jan 03 2020,9084
Sat Jan 04 2020,9084
Sun Jan 05 2020,9084
Mon Jan 06 2020,9084
Tue Jan 07 2020,9110
Wed Jan 08 2020,9110
Thu Jan 09 2020,9101
Fri Jan 10 2020,9084
Sat Jan 11 2020,9084
Sun Jan 12 2020,9091
Mon Jan 13 2020,9091
Tue Jan 14 2020,9079
Wed Jan 15 2020,9079
Thu Jan 16 2020,9072
Fri Jan 17 2020,9073
Sat Jan 18 2020,9068
Sun Jan 19 2020,9068
Mon Jan 20 2020,9062
Tue Jan 21 2020,9042
Wed Jan 22 2020,9038
Thu Jan 23 2020,9044
Fri Jan 24 2020,9056
Sat Jan 25 2020,9056
Sun Jan 26 2020,9058
Mon Jan 27 2020,9058
Tue Jan 28 2020,9057
Wed Jan 29 2020,9057
Thu Jan 30 2020,9057
Fri Jan 31 2020,9070
Sat Feb 01 2020,9070
Sun Feb 02 2020,9058
Mon Feb 03 2020,9029
Tue Feb 04 2020,9027
Wed Feb 05 2020,9033
Thu Feb 06 2020,9033
Fri Feb 07 2020,9032
Sat Feb 08 2020,9032
Sun Feb 09 2020,9001
Mon Feb 10 2020,9005
Tue Feb 11 2020,9007
Wed Feb 12 2020,9007
Thu Feb 13 2020,9021
Fri Feb 14 2020,9021
Sat Feb 15 2020,9026
Sun Feb 16 2020,9023
Mon Feb 17 2020,9008
Tue Feb 18 2020,9008
Wed Feb 19 2020,9007
Thu Feb 20 2020,9024
Fri Feb 21 2020,9024
Sat Feb 22 2020,9024
Sun Feb 23 2020,9043
Mon Feb 24 2020,9032
Tue Feb 25 2020,9031
Wed Feb 26 2020,9023
Thu Feb 27 2020,9023
Fri Feb 28 2020,9022
Sat Feb 29 2020,9022
Sun Mar 01 2020,9022
Mon Mar 02 2020,9043
Tue Mar 03 2020,9043
Wed Mar 04 2020,9066
Thu Mar 05 2020,9066
Fri Mar 06 2020,9065
Sat Mar 07 2020,9057
Sun Mar 08 2020,9057
Mon Mar 09 2020,9055
Tue Mar 10 2020,9048
Wed Mar 11 2020,9051
Thu Mar 12 2020,9053
Fri Mar 13 2020,9051
Sat Mar 14 2020,9058
Sun Mar 15 2020,9058
Mon Mar 16 2020,9053
Tue Mar 17 2020,9045
Wed Mar 18 2020,9047
Thu Mar 19 2020,9047
Fri Mar 20 2020,9047
Sat Mar 21 2020,9044
Sun Mar 22 2020,9041
Mon Mar 23 2020,9066
Tue Mar 24 2020,9066
Wed Mar 25 2020,9066
Thu Mar 26 2020,9089
Fri Mar 27 2020,9081
Sat Mar 28 2020,9081
Sun Mar 29 2020,9073
Mon Mar 30 2020,9073
Tue Mar 31 2020,9089
Wed Apr 01 2020,9089
Thu Apr 02 2020,9089
Fri Apr 03 2020,9096
Sat Apr 04 2020,9096
Sun Apr 05 2020,9096
Mon Apr 06 2020,9096
Tue Apr 07 2020,9096
Wed Apr 08 2020,9096
Thu Apr 09 2020,9093
Fri Apr 10 2020,9091
Sat Apr 11 2020,9075
Sun Apr 12 2020,9073
Mon Apr 13 2020,9073
Tue Apr 14 2020,9073
Wed Apr 15 2020,9070
Thu Apr 16 2020,9025
Fri Apr 17 2020,9024
Sat Apr 18 2020,9019
Sun Apr 19 2020,9014
Mon Apr 20 2020,9013
Tue Apr 21 2020,9014
Wed Apr 22 2020,9041
Thu Apr 23 2020,9046
Fri Apr 24 2020,9052
Sat Apr 25 2020,9044
Sun Apr 26 2020,9044
Mon Apr 27 2020,9044
Tue Apr 28 2020,9044
Wed Apr 29 2020,9042
Thu Apr 30 2020,9044
Fri May 01 2020,9059
Sat May 02 2020,9058
Sun May 03 2020,9069
Mon May 04 2020,9069
Tue May 05 2020,9069
Wed May 06 2020,9066
Thu May 07 2020,9081
Fri May 08 2020,9081
Sat May 09 2020,9081
Sun May 10 2020,9053
Mon May 11 2020,9070
Tue May 12 2020,9062
Wed May 13 2020,9062
Thu May 14 2020,9062
Fri May 15 2020,9066
Sat May 16 2020,9055
Sun May 17 2020,9056
Mon May 18 2020,9057
Tue May 19 2020,9057
Wed May 20 2020,9056
Thu May 21 2020,9051
Fri May 22 2020,9050
Sat May 23 2020,9036
Sun May 24 2020,9036
Mon May 25 2020,9038
Tue May 26 2020,9035
Wed May 27 2020,9017
Thu May 28 2020,9017
Fri May 29 2020,9021
Sat May 30 2020,9021
Sun May 31 2020,9033
Mon Jun 01 2020,9047
Tue Jun 02 2020,9047
Wed Jun 03 2020,9068
Thu Jun 04 2020,9064
Fri Jun 05 2020,9054
Sat Jun 06 2020,9067
Sun Jun 07 2020,9066
Mon Jun 08 2020,9067
Tue Jun 09 2020,9090
Wed Jun 10 2020,9090
Thu Jun 11 2020,9090
Fri Jun 12 2020,9078
Sat Jun 13 2020,9078
Sun Jun 14 2020,9073
Mon Jun 15 2020,9079
Tue Jun 16 2020,9080
Wed Jun 17 2020,9081
Thu Jun 18 2020,9063
Fri Jun 19 2020,9063
Sat Jun 20 2020,9063
Sun Jun 21 2020,9064
Mon Jun 22 2020,9066
Tue Jun 23 2020,9036
Wed Jun 24 2020,9038
Thu Jun 25 2020,9094
Fri Jun 26 2020,9071
Sat Jun 27 2020,9077
Sun Jun 28 2020,9084
Mon Jun 29 2020,9088
Tue Jun 30 2020,9093
Wed Jul 01 2020,9110
Thu Jul 02 2020,9110
Fri Jul 03 2020,9100
Sat Jul 04 2020,9110
Sun Jul 05 2020,9110
Mon Jul 06 2020,9110
Tue Jul 07 2020,9086
Wed Jul 08 2020,9099
Thu Jul 09 2020,9100
Fri Jul 10 2020,9085
Sat Jul 11 2020,9072
Sun Jul 12 2020,9077
Mon Jul 13 2020,9068
Tue Jul 14 2020,9068
Wed Jul 15 2020,9068
Thu Jul 16 2020,9065
Fri Jul 17 2020,9056
Sat Jul 18 2020,9056
Sun Jul 19 2020,9052
Mon Jul 20 2020,9068
Tue Jul 21 2020,9065
Wed Jul 22 2020,9063
Thu Jul 23 2020,9032
Fri Jul 24 2020,9032
Sat Jul 25 2020,9032
Sun Jul 26 2020,9049
Mon Jul 27 2020,9050
Tue Jul 28 2020,9051
Wed Jul 29 2020,9056
Thu Jul 30 2020,9051
Fri Jul 31 2020,9046
Sat Aug 01 2020,9059
Sun Aug 02 2020,9058
Mon Aug 03 2020,9058
Tue Aug 04 2020,9058
Wed Aug 05 2020,9065
Thu Aug 06 2020,9067
Fri Aug 07 2020,9067
Sat Aug 08 2020,9081
Sun Aug 09 2020,9085
Mon Aug 10 2020,9085
Tue Aug 11 2020,9081
Wed Aug 12 2020,9090
Thu Aug 13 2020,9090
Fri Aug 14 2020,9097
Sat Aug 15 2020,9097
Sun Aug 16 2020,9100
Mon Aug 17 2020,9091
Tue Aug 18 2020,9125
Wed Aug 19 2020,9129
Thu Aug 20 2020,9129
Fri Aug 21 2020,9133
Sat Aug 22 2020,9172
Sun Aug 23 2020,9170
Mon Aug 24 2020,9154
Tue Aug 25 2020,9152
Wed Aug 26 2020,9150
Thu Aug 27 2020,9148
Fri Aug 28 2020,9139
Sat Aug 29 2020,9137
Sun Aug 30 2020,9139
Mon Aug 31 2020,9113
Tue Sep 01 2020,9126
Wed Sep 02 2020,9113
Thu Sep 03 2020,9111
Fri Sep 04 2020,9119
Sat Sep 05 2020,9145
Sun Sep 06 2020,9184
Mon Sep 07 2020,9184
Tue Sep 08 2020,9183
Wed Sep 09 2020,9183
Thu Sep 10 2020,9200
Fri Sep 11 2020,9185
Sat Sep 12 2020,9185
Sun Sep 13 2020,9185
Mon Sep 14 2020,9183
Tue Sep 15 2020,9183
Wed Sep 16 2020,9186
Thu Sep 17 2020,9197
Fri Sep 18 2020,9190
Sat Sep 19 2020,9186
Sun Sep 20 2020,9182
Mon Sep 21 2020,9176
Tue Sep 22 2020,9177
Wed Sep 23 2020,9180
Thu Sep 24 2020,9187
Fri Sep 25 2020,9187
Sat Sep 26 2020,9187
Sun Sep 27 2020,9241
Mon Sep 28 2020,9239
Tue Sep 29 2020,9242
Wed Sep 30 2020,9248
Thu Oct 01 2020,9247
Fri Oct 02 2020,9243
Sat Oct 03 2020,9191
Sun Oct 04 2020,9185
Mon Oct 05 2020,9184
Tue Oct 06 2020,9222
Wed Oct 07 2020,9210
Thu Oct 08 2020,9210
Fri Oct 09 2020,9209
Sat Oct 10 2020,9221
Sun Oct 11 2020,9255
Mon Oct 12 2020,9255
Tue Oct 13 2020,9197
Wed Oct 14 2020,9206
Thu Oct 15 2020,9196
Fri Oct 16 2020,9209
Sat Oct 17 2020,9201
Sun Oct 18 2020,9202
Mon Oct 19 2020,9188
Tue Oct 20 2020,9172
Wed Oct 21 2020,9190
Thu Oct 22 2020,9210
Fri Oct 23 2020,9223
Sat Oct 24 2020,9237
Sun Oct 25 2020,9235
Mon Oct 26 2020,9224
Tue Oct 27 2020,9252
Wed Oct 28 2020,9246
Thu Oct 29 2020,9245
Fri Oct 30 2020,9279
Sat Oct 31 2020,9321
Sun Nov 01 2020,9339
Mon Nov 02 2020,9301
Tue Nov 03 2020,9312
Wed Nov 04 2020,9359
Thu Nov 05 2020,9356
Fri Nov 06 2020,9359
Sat Nov 07 2020,9358
Sun Nov 08 2020,9376
Mon Nov 09 2020,9386
Tue Nov 10 2020,9391
Wed Nov 11 2020,9336
Thu Nov 12 2020,9349
Fri Nov 13 2020,9389
Sat Nov 14 2020,9399
Sun Nov 15 2020,9399
Mon Nov 16 2020,9390
Tue Nov 17 2020,9421
Wed Nov 18 2020,9502
Thu Nov 19 2020,9526
Fri Nov 20 2020,9481
Sat Nov 21 2020,9535
Sun Nov 22 2020,9519
Mon Nov 23 2020,9564
Tue Nov 24 2020,9526
Wed Nov 25 2020,9594
Thu Nov 26 2020,9599
Fri Nov 27 2020,9629
Sat Nov 28 2020,9609
Sun Nov 29 2020,9656
Mon Nov 30 2020,9691
Tue Dec 01 2020,9688
Wed Dec 02 2020,9701
Thu Dec 03 2020,9701
Fri Dec 04 2020,9643
Sat Dec 05 2020,9643
Sun Dec 06 2020,9620
Mon Dec 07 2020,9615
Tue Dec 08 2020,9641
Wed Dec 09 2020,9720
Thu Dec 10 2020,9714
Fri Dec 11 2020,9767
Sat Dec 12 2020,9762
Sun Dec 13 2020,9762
Mon Dec 14 2020,9760
Tue Dec 15 2020,9780
Wed Dec 16 2020,9806
Thu Dec 17 2020,9792
Fri Dec 18 2020,9793
Sat Dec 19 2020,9860
Sun Dec 20 2020,9850
Mon Dec 21 2020,9846
Tue Dec 22 2020,9845
Wed Dec 23 2020,9861
Thu Dec 24 2020,9843
Fri Dec 25 2020,9826
Sat Dec 26 2020,9826
Sun Dec 27 2020,9819
Mon Dec 28 2020,9851
Tue Dec 29 2020,9872
Wed Dec 30 2020,9917
Thu Dec 31 2020,9915
Fri Jan 01 2021,9915
Sat Jan 02 2021,9930
Sun Jan 03 2021,9940
Mon Jan 04 2021,9936
Tue Jan 05 2021,9930
Wed Jan 06 2021,9940
Thu Jan 07 2021,9955
Fri Jan 08 2021,9936
Sat Jan 09 2021,9943
Sun Jan 10 2021,9957
Mon Jan 11 2021,9956
Tue Jan 12 2021,9911
Wed Jan 13 2021,9909
Thu Jan 14 2021,9911
Fri Jan 15 2021,9968
Sat Jan 16 2021,9965
Sun Jan 17 2021,9962
Mon Jan 18 2021,9932
Tue Jan 19 2021,9934
Wed Jan 20 2021,9943
Thu Jan 21 2021,9950
Fri Jan 22 2021,9961
Sat Jan 23 2021,9977
Sun Jan 24 2021,9979
Mon Jan 25 2021,9978
Tue Jan 26 2021,9990
Wed Jan 27 2021,9979
Thu Jan 28 2021,9989
Fri Jan 29 2021,9999
Sat Jan 30 2021,10003
Sun Jan 31 2021,10051
Mon Feb 01 2021,10029
Tue Feb 02 2021,10019
Wed Feb 03 2021,10013
Thu Feb 04 2021,10010
Fri Feb 05 2021,9998
Sat Feb 06 2021,9977
Sun Feb 07 2021,9993
Mon Feb 08 2021,9994
Tue Feb 09 2021,10024
Wed Feb 10 2021,10020
Thu Feb 11 2021,10020
Fri Feb 12 2021,10026
Sat Feb 13 2021,10014
Sun Feb 14 2021,10012
Mon Feb 15 2021,10035
Tue Feb 16 2021,10029
Wed Feb 17 2021,10040
Thu Feb 18 2021,10036
Fri Feb 19 2021,10027
Sat Feb 20 2021,10041
Sun Feb 21 2021,10036
Mon Feb 22 2021,10041
Tue Feb 23 2021,10022
Wed Feb 24 2021,10020
Thu Feb 25 2021,10019
Fri Feb 26 2021,10025
Sat Feb 27 2021,10024
Sun Feb 28 2021,10021
Mon Mar 01 2021,10013
Tue Mar 02 2021,10060
Wed Mar 03 2021,10078
Thu Mar 04 2021,10108
Fri Mar 05 2021,10105
Sat Mar 06 2021,10100
Sun Mar 07 2021,10127
Mon Mar 08 2021,10117
Tue Mar 09 2021,10133
Wed Mar 10 2021,10143
Thu Mar 11 2021,10163
Fri Mar 12 2021,10165
Sat Mar 13 2021,10195
Sun Mar 14 2021,10189
Mon Mar 15 2021,10326
Tue Mar 16 2021,10340
Wed Mar 17 2021,10437
Thu Mar 18 2021,10431
Fri Mar 19 2021,10424
Sat Mar 20 2021,10423
Sun Mar 21 2021,10431
Mon Mar 22 2021,10446
Tue Mar 23 2021,10591
Wed Mar 24 2021,10522
Thu Mar 25 2021,10548
Fri Mar 26 2021,10551
Sat Mar 27 2021,10572
Sun Mar 28 2021,10506
Mon Mar 29 2021,10511
Tue Mar 30 2021,10448
Wed Mar 31 2021,10420
Thu Apr 01 2021,10404
Fri Apr 02 2021,10428
Sat Apr 03 2021,10412
Sun Apr 04 2021,10421
Mon Apr 05 2021,10442
Tue Apr 06 2021,10445
Wed Apr 07 2021,10440
Thu Apr 08 2021,10453
Fri Apr 09 2021,10449
Sat Apr 10 2021,10439
Sun Apr 11 2021,10426
Mon Apr 12 2021,10436
Tue Apr 13 2021,10434
Wed Apr 14 2021,10461
Thu Apr 15 2021,10468
Fri Apr 16 2021,10280
Sat Apr 17 2021,10286
Sun Apr 18 2021,10295
Mon Apr 19 2021,10295
Tue Apr 20 2021,10304
Wed Apr 21 2021,10318
Thu Apr 22 2021,10319
Fri Apr 23 2021,10322
Sat Apr 24 2021,10320
Sun Apr 25 2021,10316
Mon Apr 26 2021,10311
Tue Apr 27 2021,10308
Wed Apr 28 2021,10305
Thu Apr 29 2021,10302
Fri Apr 30 2021,10306
Sat May 01 2021,10301
Sun May 02 2021,10304
Mon May 03 2021,10317
Tue May 04 2021,10333
Wed May 05 2021,10341
Thu May 06 2021,10365
Fri May 07 2021,10344
Sat May 08 2021,10347
Sun May 09 2021,10433
Mon May 10 2021,10418
Tue May 11 2021,10432
Wed May 12 2021,10432
Thu May 13 2021,10438
Fri May 14 2021,10432
Sat May 15 2021,10433
Sun May 16 2021,10435
Mon May 17 2021,10431
Tue May 18 2021,10434
Wed May 19 2021,10422
Thu May 20 2021,10436
Fri May 21 2021,10423
Sat May 22 2021,10414
Sun May 23 2021,10399
Mon May 24 2021,10399
Tue May 25 2021,10421
Wed May 26 2021,10446
Thu May 27 2021,10449
Fri May 28 2021,10465
Sat May 29 2021,10478
Sun May 30 2021,10405
Mon May 31 2021,10439
Tue Jun 01 2021,10463
Wed Jun 02 2021,10456
Thu Jun 03 2021,10596
Fri Jun 04 2021,10571
Sat Jun 05 2021,10595
Sun Jun 06 2021,10602
Mon Jun 07 2021,10462
Tue Jun 08 2021,10489
Wed Jun 09 2021,10512
Thu Jun 10 2021,10505
Fri Jun 11 2021,10513
Sat Jun 12 2021,10491
Sun Jun 13 2021,10493
Mon Jun 14 2021,10483
Tue Jun 15 2021,10487
Wed Jun 16 2021,10661
Thu Jun 17 2021,10660
Fri Jun 18 2021,10652
Sat Jun 19 2021,10628
Sun Jun 20 2021,10621
Mon Jun 21 2021,10633
Tue Jun 22 2021,10629
Wed Jun 23 2021,10659
Thu Jun 24 2021,10646
Fri Jun 25 2021,10641
Sat Jun 26 2021,10642
Sun Jun 27 2021,10638
Mon Jun 28 2021,10639
Tue Jun 29 2021,10640
Wed Jun 30 2021,10617
Thu Jul 01 2021,10627
Fri Jul 02 2021,10628
Sat Jul 03 2021,10624
Sun Jul 04 2021,10638
Mon Jul 05 2021,10611
Tue Jul 06 2021,10646
Wed Jul 07 2021,10649
Thu Jul 08 2021,10648
Fri Jul 09 2021,10679
Sat Jul 10 2021,10685
Sun Jul 11 2021,10681
Mon Jul 12 2021,10699
Tue Jul 13 2021,10745
Wed Jul 14 2021,10699
Thu Jul 15 2021,10697
Fri Jul 16 2021,10699
Sat Jul 17 2021,10688
Sun Jul 18 2021,10678
Mon Jul 19 2021,10658
Tue Jul 20 2021,10671
Wed Jul 21 2021,10661
Thu Jul 22 2021,10693
Fri Jul 23 2021,10690
Sat Jul 24 2021,10690
Sun Jul 25 2021,10692
Mon Jul 26 2021,10699
Tue Jul 27 2021,10693
Wed Jul 28 2021,10656
Thu Jul 29 2021,10646
Fri Jul 30 2021,10645
Sat Jul 31 2021,10659
Sun Aug 01 2021,10661
Mon Aug 02 2021,10652
Tue Aug 03 2021,10640
Wed Aug 04 2021,10613
Thu Aug 05 2021,10630
Fri Aug 06 2021,10636
Sat Aug 07 2021,10636
Sun Aug 08 2021,10655
Mon Aug 09 2021,10660
Tue Aug 10 2021,10671
Wed Aug 11 2021,10672
Thu Aug 12 2021,10680
Fri Aug 13 2021,10681
Sat Aug 14 2021,10671
Sun Aug 15 2021,10674
Mon Aug 16 2021,10649
Tue Aug 17 2021,10692
Wed Aug 18 2021,10680
Thu Aug 19 2021,10650
Fri Aug 20 2021,10655
Sat Aug 21 2021,10649
Sun Aug 22 2021,10658
Mon Aug 23 2021,10642
Tue Aug 24 2021,10649
Wed Aug 25 2021,10645
Thu Aug 26 2021,10637
Fri Aug 27 2021,10662
Sat Aug 28 2021,10648
Sun Aug 29 2021,10645
Mon Aug 30 2021,10637
Tue Aug 31 2021,10651
Wed Sep 01 2021,10659
Thu Sep 02 2021,10585
Fri Sep 03 2021,10600
Sat Sep 04 2021,10632
Sun Sep 05 2021,10570
Mon Sep 06 2021,10552
Tue Sep 07 2021,10559
Wed Sep 08 2021,10549
Thu Sep 09 2021,10568
Fri Sep 10 2021,10571
Sat Sep 11 2021,10585
Sun Sep 12 2021,10600
Mon Sep 13 2021,10599
Tue Sep 14 2021,10599
Wed Sep 15 2021,10614
Thu Sep 16 2021,10611
Fri Sep 17 2021,10618
Sat Sep 18 2021,10630
Sun Sep 19 2021,10634
Mon Sep 20 2021,10597
Tue Sep 21 2021,10642
Wed Sep 22 2021,10653
Thu Sep 23 2021,10688
Fri Sep 24 2021,10730
Sat Sep 25 2021,10695
Sun Sep 26 2021,10709
Mon Sep 27 2021,10689
Tue Sep 28 2021,10686
Wed Sep 29 2021,10683
Thu Sep 30 2021,10710
Fri Oct 01 2021,10728
Sat Oct 02 2021,10728
Sun Oct 03 2021,10720
Mon Oct 04 2021,10731
Tue Oct 05 2021,10702
Wed Oct 06 2021,10721
Thu Oct 07 2021,10714
Fri Oct 08 2021,10698
Sat Oct 09 2021,10697
Sun Oct 10 2021,10717
Mon Oct 11 2021,10702
Tue Oct 12 2021,10689
Wed Oct 13 2021,10682
Thu Oct 14 2021,10678
Fri Oct 15 2021,10714
Sat Oct 16 2021,10710
Sun Oct 17 2021,10706
Mon Oct 18 2021,10716
Tue Oct 19 2021,10723
Wed Oct 20 2021,10715
Thu Oct 21 2021,10720
Fri Oct 22 2021,10734
Sat Oct 23 2021,10728
Sun Oct 24 2021,10738
Mon Oct 25 2021,10729
Tue Oct 26 2021,10723
Wed Oct 27 2021,10729
Thu Oct 28 2021,10706
Fri Oct 29 2021,10702
Sat Oct 30 2021,10703
Sun Oct 31 2021,10720
Mon Nov 01 2021,10720
Tue Nov 02 2021,10686
Wed Nov 03 2021,10715
Thu Nov 04 2021,10707
Fri Nov 05 2021,10719
Sat Nov 06 2021,10747
Sun Nov 07 2021,10754
Mon Nov 08 2021,10752
Tue Nov 09 2021,10753
Wed Nov 10 2021,10759
Thu Nov 11 2021,10774
Fri Nov 12 2021,10797
Sat Nov 13 2021,10796
Sun Nov 14 2021,10819
Mon Nov 15 2021,10830
Tue Nov 16 2021,10833
Wed Nov 17 2021,10824
Thu Nov 18 2021,10841
Fri Nov 19 2021,10844
Sat Nov 20 2021,10848
Sun Nov 21 2021,10860
Mon Nov 22 2021,10862
Tue Nov 23 2021,10838
Wed Nov 24 2021,10846
Thu Nov 25 2021,10842
Fri Nov 26 2021,10843
Sat Nov 27 2021,10806
Sun Nov 28 2021,10813
Mon Nov 29 2021,10811
Tue Nov 30 2021,10812
Wed Dec 01 2021,10764
Thu Dec 02 2021,10768
Fri Dec 03 2021,10782
Sat Dec 04 2021,10798
Sun Dec 05 2021,10806
Mon Dec 06 2021,10808
Tue Dec 07 2021,10829
Wed Dec 08 2021,10822
Thu Dec 09 2021,10815
Fri Dec 10 2021,10835
Sat Dec 11 2021,10830
Sun Dec 12 2021,10804
Mon Dec 13 2021,10844
Tue Dec 14 2021,10839
Wed Dec 15 2021,10841
Thu Dec 16 2021,10840
Fri Dec 17 2021,10845
Sat Dec 18 2021,10849
Sun Dec 19 2021,10878
Mon Dec 20 2021,10888
Tue Dec 21 2021,10897
Wed Dec 22 2021,10895
Thu Dec 23 2021,10912
Fri Dec 24 2021,10935
Sat Dec 25 2021,10949
Sun Dec 26 2021,10950
Mon Dec 27 2021,10920
Tue Dec 28 2021,10872
Wed Dec 29 2021,10872
Thu Dec 30 2021,10856
Fri Dec 31 2021,10858
Sat Jan 01 2022,10858
Sun Jan 02 2022,10856
Mon Jan 03 2022,10863
Tue Jan 04 2022,10844
Wed Jan 05 2022,10844
Thu Jan 06 2022,10841
Fri Jan 07 2022,10828
Sat Jan 08 2022,10828
Sun Jan 09 2022,10817
Mon Jan 10 2022,10829
Tue Jan 11 2022,10849
Wed Jan 12 2022,10855
Thu Jan 13 2022,10891
Fri Jan 14 2022,10901
Sat Jan 15 2022,10906
Sun Jan 16 2022,10907
Mon Jan 17 2022,10863
Tue Jan 18 2022,10869
Wed Jan 19 2022,10893
Thu Jan 20 2022,10830
Fri Jan 21 2022,10836
Sat Jan 22 2022,10829
Sun Jan 23 2022,10880
Mon Jan 24 2022,10894
Tue Jan 25 2022,10887
Wed Jan 26 2022,10860
Thu Jan 27 2022,10902
Fri Jan 28 2022,10916
Sat Jan 29 2022,10881
Sun Jan 30 2022,10905
Mon Jan 31 2022,10905
Tue Feb 01 2022,10907
Wed Feb 02 2022,10919
Thu Feb 03 2022,10898
Fri Feb 04 2022,10910
Sat Feb 05 2022,10904
Sun Feb 06 2022,10920
Mon Feb 07 2022,10915
Tue Feb 08 2022,10922
Wed Feb 09 2022,10917
Thu Feb 10 2022,10888
Fri Feb 11 2022,10875
Sat Feb 12 2022,10911
Sun Feb 13 2022,10932
Mon Feb 14 2022,10962
Tue Feb 15 2022,10969
Wed Feb 16 2022,10963
Thu Feb 17 2022,10981
Fri Feb 18 2022,10985
Sat Feb 19 2022,10999
Sun Feb 20 2022,10992
Mon Feb 21 2022,11011
Tue Feb 22 2022,11000
Wed Feb 23 2022,10997
Thu Feb 24 2022,10976
Fri Feb 25 2022,10936
Sat Feb 26 2022,10941
Sun Feb 27 2022,10955
Mon Feb 28 2022,10916
Tue Mar 01 2022,10913
Wed Mar 02 2022,10909
Thu Mar 03 2022,10929
Fri Mar 04 2022,10916
Sat Mar 05 2022,10882
Sun Mar 06 2022,10934
Mon Mar 07 2022,10916
Tue Mar 08 2022,10891
Wed Mar 09 2022,10934
Thu Mar 10 2022,10888
Fri Mar 11 2022,10885
Sat Mar 12 2022,10914
Sun Mar 13 2022,10917
Mon Mar 14 2022,10906
Tue Mar 15 2022,10901
Wed Mar 16 2022,10940
Thu Mar 17 2022,10911
Fri Mar 18 2022,10932
Sat Mar 19 2022,10925
Sun Mar 20 2022,10933
Mon Mar 21 2022,10904
Tue Mar 22 2022,10916
Wed Mar 23 2022,10936
Thu Mar 24 2022,10935
Fri Mar 25 2022,10936
Sat Mar 26 2022,10927
Sun Mar 27 2022,10924
Mon Mar 28 2022,10917
Tue Mar 29 2022,10917
Wed Mar 30 2022,10942
Thu Mar 31 2022,10935
Fri Apr 01 2022,10903
Sat Apr 02 2022,10916
Sun Apr 03 2022,10907
Mon Apr 04 2022,10891
Tue Apr 05 2022,10889
Wed Apr 06 2022,10881
Thu Apr 07 2022,10895
Fri Apr 08 2022,10898
Sat Apr 09 2022,10940
Sun Apr 10 2022,10933
Mon Apr 11 2022,10939
Tue Apr 12 2022,10932
Wed Apr 13 2022,10922
Thu Apr 14 2022,10911
Fri Apr 15 2022,10906
Sat Apr 16 2022,10898
Sun Apr 17 2022,10879
Mon Apr 18 2022,10894
Tue Apr 19 2022,10878
Wed Apr 20 2022,10853
Thu Apr 21 2022,10852
Fri Apr 22 2022,10840
Sat Apr 23 2022,10836
Sun Apr 24 2022,10832
Mon Apr 25 2022,10843
Tue Apr 26 2022,10831
Wed Apr 27 2022,10800
Thu Apr 28 2022,10802
Fri Apr 29 2022,10787
Sat Apr 30 2022,10786
Sun May 01 2022,10766
Mon May 02 2022,10764
Tue May 03 2022,10772
Wed May 04 2022,10767
Thu May 05 2022,10788
Fri May 06 2022,10797
Sat May 07 2022,10768
Sun May 08 2022,10765
Mon May 09 2022,10769
Tue May 10 2022,10746
Wed May 11 2022,10718
Thu May 12 2022,10712
Fri May 13 2022,10704
Sat May 14 2022,10725
Sun May 15 2022,10696
Mon May 16 2022,10699
Tue May 17 2022,10693
Wed May 18 2022,10677
Thu May 19 2022,10663
Fri May 20 2022,10654
Sat May 21 2022,10648
Sun May 22 2022,10635
Mon May 23 2022,10618
Tue May 24 2022,10586
Wed May 25 2022,10575
Thu May 26 2022,10577
Fri May 27 2022,10604
Sat May 28 2022,10603
Sun May 29 2022,10585
Mon May 30 2022,10576
Tue May 31 2022,10536
Wed Jun 01 2022,10536
Thu Jun 02 2022,10524
Fri Jun 03 2022,10515
Sat Jun 04 2022,10504
Sun Jun 05 2022,10496
Mon Jun 06 2022,10458
Tue Jun 07 2022,10452
Wed Jun 08 2022,10441
Thu Jun 09 2022,10441
Fri Jun 10 2022,10451
Sat Jun 11 2022,10446
Sun Jun 12 2022,10429
Mon Jun 13 2022,10430
Tue Jun 14 2022,10444
Wed Jun 15 2022,10458
Thu Jun 16 2022,10461
Fri Jun 17 2022,10493
Sat Jun 18 2022,10482
Sun Jun 19 2022,10472
Mon Jun 20 2022,10465
Tue Jun 21 2022,10372
Wed Jun 22 2022,10388
Thu Jun 23 2022,10379
Fri Jun 24 2022,10356
Sat Jun 25 2022,10367
Sun Jun 26 2022,10369
Mon Jun 27 2022,10365
Tue Jun 28 2022,10366
Wed Jun 29 2022,10368
Thu Jun 30 2022,10371
Fri Jul 01 2022,10371
Sat Jul 02 2022,10365
Sun Jul 03 2022,10368
Mon Jul 04 2022,10363
Tue Jul 05 2022,10349
Wed Jul 06 2022,10344
Thu Jul 07 2022,10322
Fri Jul 08 2022,10324
Sat Jul 09 2022,10325
Sun Jul 10 2022,10323
Mon Jul 11 2022,10312
Tue Jul 12 2022,10298
Wed Jul 13 2022,10303
Thu Jul 14 2022,10281
Fri Jul 15 2022,10272
Sat Jul 16 2022,10262
Sun Jul 17 2022,10298
Mon Jul 18 2022,10300
Tue Jul 19 2022,10281
Wed Jul 20 2022,10249
Thu Jul 21 2022,10251
Fri Jul 22 2022,10253
Sat Jul 23 2022,10220
Sun Jul 24 2022,10268
Mon Jul 25 2022,10255
Tue Jul 26 2022,10256
Wed Jul 27 2022,10268
Thu Jul 28 2022,10279
Fri Jul 29 2022,10267
Sat Jul 30 2022,10252
Sun Jul 31 2022,10261
Mon Aug 01 2022,10275
Tue Aug 02 2022,10316
Wed Aug 03 2022,10317
Thu Aug 04 2022,10307
Fri Aug 05 2022,10296
Sat Aug 06 2022,10286
Sun Aug 07 2022,10294
Mon Aug 08 2022,10290
Tue Aug 09 2022,10283
Wed Aug 10 2022,10282
Thu Aug 11 2022,10285
Fri Aug 12 2022,10286
Sat Aug 13 2022,10262
Sun Aug 14 2022,10275
Mon Aug 15 2022,10281
Tue Aug 16 2022,10269
Wed Aug 17 2022,10265
Thu Aug 18 2022,10276
Fri Aug 19 2022,10274
Sat Aug 20 2022,10281
Sun Aug 21 2022,10273
Mon Aug 22 2022,10301
Tue Aug 23 2022,10286
Wed Aug 24 2022,10262
Thu Aug 25 2022,10256
Fri Aug 26 2022,10266
Sat Aug 27 2022,10264
Sun Aug 28 2022,10250
Mon Aug 29 2022,10245
Tue Aug 30 2022,10213
Wed Aug 31 2022,10198
Thu Sep 01 2022,10199
Fri Sep 02 2022,10183
Sat Sep 03 2022,10197
Sun Sep 04 2022,10179
Mon Sep 05 2022,10181
Tue Sep 06 2022,10161
Wed Sep 07 2022,10151
Thu Sep 08 2022,10145
Fri Sep 09 2022,10156
Sat Sep 10 2022,10169
Sun Sep 11 2022,10164
Mon Sep 12 2022,10169
Tue Sep 13 2022,10188
Wed Sep 14 2022,10178
Thu Sep 15 2022,10160
Fri Sep 16 2022,10178
Sat Sep 17 2022,10166
Sun Sep 18 2022,10158
Mon Sep 19 2022,10155
Tue Sep 20 2022,10139
Wed Sep 21 2022,10132
Thu Sep 22 2022,10126
Fri Sep 23 2022,10126
Sat Sep 24 2022,10165
Sun Sep 25 2022,10171
Mon Sep 26 2022,10164
Tue Sep 27 2022,10175
Wed Sep 28 2022,10147
Thu Sep 29 2022,10160
Fri Sep 30 2022,10152
Sat Oct 01 2022,10169
Sun Oct 02 2022,10186
Mon Oct 03 2022,10194
Tue Oct 04 2022,10194
Wed Oct 05 2022,10182
Thu Oct 06 2022,10155
Fri Oct 07 2022,10156
Sat Oct 08 2022,10168
Sun Oct 09 2022,10162
Mon Oct 10 2022,10161
Tue Oct 11 2022,10167
Wed Oct 12 2022,10171
Thu Oct 13 2022,10166
Fri Oct 14 2022,10158
Sat Oct 15 2022,10156
Sun Oct 16 2022,10166
Mon Oct 17 2022,10146
Tue Oct 18 2022,10149
Wed Oct 19 2022,10132
Thu Oct 20 2022,10133
Fri Oct 21 2022,10151
Sat Oct 22 2022,10153
Sun Oct 23 2022,10161
Mon Oct 24 2022,10156
Tue Oct 25 2022,10112
Wed Oct 26 2022,10141
Thu Oct 27 2022,10155
Fri Oct 28 2022,10142
Sat Oct 29 2022,10143
Sun Oct 30 2022,10145
Mon Oct 31 2022,10153
Tue Nov 01 2022,10152
Wed Nov 02 2022,10128
Thu Nov 03 2022,10132
Fri Nov 04 2022,10119
Sat Nov 05 2022,10132
Sun Nov 06 2022,10128
Mon Nov 07 2022,10110
Tue Nov 08 2022,10103
Wed Nov 09 2022,10085
Thu Nov 10 2022,10057
Fri Nov 11 2022,10051
Sat Nov 12 2022,10038
Sun Nov 13 2022,10059
Mon Nov 14 2022,10055
Tue Nov 15 2022,10046
Wed Nov 16 2022,10058
Thu Nov 17 2022,10060
Fri Nov 18 2022,10063
Sat Nov 19 2022,10042
Sun Nov 20 2022,10046
Mon Nov 21 2022,10066
Tue Nov 22 2022,10064
Wed Nov 23 2022,10068
Thu Nov 24 2022,10075
Fri Nov 25 2022,10068
Sat Nov 26 2022,10076
Sun Nov 27 2022,10054
Mon Nov 28 2022,10104
Tue Nov 29 2022,10105
Wed Nov 30 2022,10081
Thu Dec 01 2022,10066
Fri Dec 02 2022,10074
Sat Dec 03 2022,10102
Sun Dec 04 2022,10102
Mon Dec 05 2022,10103
Tue Dec 06 2022,10109
Wed Dec 07 2022,10122
Thu Dec 08 2022,10117
Fri Dec 09 2022,10123
Sat Dec 10 2022,10118
Sun Dec 11 2022,10133
Mon Dec 12 2022,10151
Tue Dec 13 2022,10164
Wed Dec 14 2022,10169
Thu Dec 15 2022,10191
Fri Dec 16 2022,10209
Sat Dec 17 2022,10169
Sun Dec 18 2022,10175
Mon Dec 19 2022,10180
Tue Dec 20 2022,10195
Wed Dec 21 2022,10177
Thu Dec 22 2022,10179
Fri Dec 23 2022,10184
Sat Dec 24 2022,10214
Sun Dec 25 2022,10226
Mon Dec 26 2022,10235
Tue Dec 27 2022,10229
Wed Dec 28 2022,10211
Thu Dec 29 2022,10207
Fri Dec 30 2022,10212
Sat Dec 31 2022,10196
Sun Jan 01 2023,10196
Mon Jan 02 2023,10222
Tue Jan 03 2023,10228
Wed Jan 04 2023,10232
Thu Jan 05 2023,10235
Fri Jan 06 2023,10239
Sat Jan 07 2023,10219
Sun Jan 08 2023,10228
Mon Jan 09 2023,10185
Tue Jan 10 2023,10167
Wed Jan 11 2023,10187
Thu Jan 12 2023,10192
Fri Jan 13 2023,10196
Sat Jan 14 2023,10232
Sun Jan 15 2023,10243
Mon Jan 16 2023,10266
Tue Jan 17 2023,10274
Wed Jan 18 2023,10262
Thu Jan 19 2023,10266
Fri Jan 20 2023,10291
Sat Jan 21 2023,10309
Sun Jan 22 2023,10310
Mon Jan 23 2023,10331
Tue Jan 24 2023,10321
Wed Jan 25 2023,10326
Thu Jan 26 2023,10315
Fri Jan 27 2023,10318
Sat Jan 28 2023,10331
Sun Jan 29 2023,10328
Mon Jan 30 2023,10314
Tue Jan 31 2023,10323
Wed Feb 01 2023,10344
Thu Feb 02 2023,10347
Fri Feb 03 2023,10370
Sat Feb 04 2023,10370
Sun Feb 05 2023,10383
Mon Feb 06 2023,10357
Tue Feb 07 2023,10389
Wed Feb 08 2023,10379
Thu Feb 09 2023,10383
Fri Feb 10 2023,10365
Sat Feb 11 2023,10401
Sun Feb 12 2023,10426
Mon Feb 13 2023,10433
Tue Feb 14 2023,10430
Wed Feb 15 2023,10425
Thu Feb 16 2023,10413
Fri Feb 17 2023,10397
Sat Feb 18 2023,10409
Sun Feb 19 2023,10422
Mon Feb 20 2023,10408
Tue Feb 21 2023,10372
Wed Feb 22 2023,10349
Thu Feb 23 2023,10349
Fri Feb 24 2023,10352
Sat Feb 25 2023,10352
Sun Feb 26 2023,10358
Mon Feb 27 2023,10357
Tue Feb 28 2023,10338
Wed Mar 01 2023,10362
Thu Mar 02 2023,10364
Fri Mar 03 2023,10374
Sat Mar 04 2023,10347
Sun Mar 05 2023,10337
Mon Mar 06 2023,10330
Tue Mar 07 2023,10317
Wed Mar 08 2023,10309
Thu Mar 09 2023,10305
Fri Mar 10 2023,10307
Sat Mar 11 2023,10293
Sun Mar 12 2023,10293
Mon Mar 13 2023,10288
Tue Mar 14 2023,10292
Wed Mar 15 2023,10298
Thu Mar 16 2023,10307
Fri Mar 17 2023,10323
Sat Mar 18 2023,10309
Sun Mar 19 2023,10322
Mon Mar 20 2023,10309
Tue Mar 21 2023,10302
Wed Mar 22 2023,10297
Thu Mar 23 2023,10325
Fri Mar 24 2023,10337
Sat Mar 25 2023,10321
Sun Mar 26 2023,10306
Mon Mar 27 2023,10321
Tue Mar 28 2023,10390
Wed Mar 29 2023,10387
Thu Mar 30 2023,10369
Fri Mar 31 2023,10357
Sat Apr 01 2023,10360
Sun Apr 02 2023,10355
Mon Apr 03 2023,10285
Tue Apr 04 2023,10343
Wed Apr 05 2023,10342
Thu Apr 06 2023,10307
Fri Apr 07 2023,10339
Sat Apr 08 2023,10316
Sun Apr 09 2023,10297
Mon Apr 10 2023,10351
Tue Apr 11 2023,10364
Wed Apr 12 2023,10382
Thu Apr 13 2023,10399
Fri Apr 14 2023,10398
Sat Apr 15 2023,10390
Sun Apr 16 2023,10389
Mon Apr 17 2023,10388
Tue Apr 18 2023,10382
Wed Apr 19 2023,10388
Thu Apr 20 2023,10415
Fri Apr 21 2023,10409
Sat Apr 22 2023,10423
Sun Apr 23 2023,10424
Mon Apr 24 2023,10435
Tue Apr 25 2023,10455
Wed Apr 26 2023,10437
Thu Apr 27 2023,10429
Fri Apr 28 2023,10461
Sat Apr 29 2023,10425
Sun Apr 30 2023,10404
Mon May 01 2023,10416
Tue May 02 2023,10415
Wed May 03 2023,10419
Thu May 04 2023,10415
Fri May 05 2023,10443
Sat May 06 2023,10435
Sun May 07 2023,10428
Mon May 08 2023,10429
Tue May 09 2023,10426
Wed May 10 2023,10427
Thu May 11 2023,10428
Fri May 12 2023,10421
Sat May 13 2023,10421
Sun May 14 2023,10429
Mon May 15 2023,10420
Tue May 16 2023,10420
Wed May 17 2023,10408
Thu May 18 2023,10436
Fri May 19 2023,10429
Sat May 20 2023,10415
Sun May 21 2023,10421
Mon May 22 2023,10411
Tue May 23 2023,10411
Wed May 24 2023,10405
Thu May 25 2023,10412
Fri May 26 2023,10410
Sat May 27 2023,10401
Sun May 28 2023,10404
Mon May 29 2023,10390
Tue May 30 2023,10414
Wed May 31 2023,10409
Thu Jun 01 2023,10417
Fri Jun 02 2023,10436
Sat Jun 03 2023,10435
Sun Jun 04 2023,10455
Mon Jun 05 2023,10456
Tue Jun 06 2023,10427
Wed Jun 07 2023,10462
Thu Jun 08 2023,10467
Fri Jun 09 2023,10451
Sat Jun 10 2023,10467
Sun Jun 11 2023,10458
Mon Jun 12 2023,10446
Tue Jun 13 2023,10453
Wed Jun 14 2023,10448
Thu Jun 15 2023,10449
Fri Jun 16 2023,10462
Sat Jun 17 2023,10460
Sun Jun 18 2023,10459
Mon Jun 19 2023,10463
Tue Jun 20 2023,10448
Wed Jun 21 2023,10463
Thu Jun 22 2023,10457
Fri Jun 23 2023,10452
Sat Jun 24 2023,10469
Sun Jun 25 2023,10481
Mon Jun 26 2023,10469
Tue Jun 27 2023,10498
Wed Jun 28 2023,10448
Thu Jun 29 2023,10439
Fri Jun 30 2023,10459
Sat Jul 01 2023,10467
Sun Jul 02 2023,10484
Mon Jul 03 2023,10490
Tue Jul 04 2023,10504
Wed Jul 05 2023,10471
Thu Jul 06 2023,10505
Fri Jul 07 2023,10507
Sat Jul 08 2023,10482
Sun Jul 09 2023,10497
Mon Jul 10 2023,10496
Tue Jul 11 2023,10495
Wed Jul 12 2023,10497
Thu Jul 13 2023,10494
Fri Jul 14 2023,10444
Sat Jul 15 2023,10439
Sun Jul 16 2023,10447
Mon Jul 17 2023,10433
Tue Jul 18 2023,10450
Wed Jul 19 2023,10450
Thu Jul 20 2023,10449
Fri Jul 21 2023,10449
Sat Jul 22 2023,10451
Sun Jul 23 2023,10443
Mon Jul 24 2023,10452
Tue Jul 25 2023,10449
Wed Jul 26 2023,10454
Thu Jul 27 2023,10448
Fri Jul 28 2023,10456
Sat Jul 29 2023,10432
Sun Jul 30 2023,10426
Mon Jul 31 2023,10429
Tue Aug 01 2023,10400
Wed Aug 02 2023,10393
Thu Aug 03 2023,10388
Fri Aug 04 2023,10409
Sat Aug 05 2023,10418
Sun Aug 06 2023,10413
Mon Aug 07 2023,10437
Tue Aug 08 2023,10412
Wed Aug 09 2023,10414
Thu Aug 10 2023,10393
Fri Aug 11 2023,10415
Sat Aug 12 2023,10416
Sun Aug 13 2023,10408
Mon Aug 14 2023,10404
Tue Aug 15 2023,10414
Wed Aug 16 2023,10389
Thu Aug 17 2023,10348
Fri Aug 18 2023,10343
Sat Aug 19 2023,10356
Sun Aug 20 2023,10362
Mon Aug 21 2023,10373
Tue Aug 22 2023,10351
Wed Aug 23 2023,10372
Thu Aug 24 2023,10360
Fri Aug 25 2023,10349
Sat Aug 26 2023,10342
Sun Aug 27 2023,10335
Mon Aug 28 2023,10333
Tue Aug 29 2023,10330
Wed Aug 30 2023,10334
Thu Aug 31 2023,10288
Fri Sep 01 2023,10287
Sat Sep 02 2023,10253
Sun Sep 03 2023,10267
Mon Sep 04 2023,10266
Tue Sep 05 2023,10250
Wed Sep 06 2023,10235
Thu Sep 07 2023,10245
Fri Sep 08 2023,10298
Sat Sep 09 2023,10269
Sun Sep 10 2023,10274
Mon Sep 11 2023,10266
Tue Sep 12 2023,10240
Wed Sep 13 2023,10244
Thu Sep 14 2023,10258
Fri Sep 15 2023,10247
Sat Sep 16 2023,10239
Sun Sep 17 2023,10187
Mon Sep 18 2023,10177
Tue Sep 19 2023,10196
Wed Sep 20 2023,10223
Thu Sep 21 2023,10194
Fri Sep 22 2023,10222
Sat Sep 23 2023,10234
Sun Sep 24 2023,10237
Mon Sep 25 2023,10255
Tue Sep 26 2023,10270
Wed Sep 27 2023,10269
Thu Sep 28 2023,10270
Fri Sep 29 2023,10249
Sat Sep 30 2023,10248
Sun Oct 01 2023,10255
Mon Oct 02 2023,10222
Tue Oct 03 2023,10230
Wed Oct 04 2023,10229
Thu Oct 05 2023,10228
Fri Oct 06 2023,10220
Sat Oct 07 2023,10218
Sun Oct 08 2023,10219
Mon Oct 09 2023,10224
Tue Oct 10 2023,10247
Wed Oct 11 2023,10195
Thu Oct 12 2023,10178
Fri Oct 13 2023,10197
Sat Oct 14 2023,10200
Sun Oct 15 2023,10192
Mon Oct 16 2023,10193
Tue Oct 17 2023,10186
Wed Oct 18 2023,10194
Thu Oct 19 2023,10224
Fri Oct 20 2023,10236
Sat Oct 21 2023,10228
Sun Oct 22 2023,10213
Mon Oct 23 2023,10219
Tue Oct 24 2023,10231
Wed Oct 25 2023,10224
Thu Oct 26 2023,10202
Fri Oct 27 2023,10221
Sat Oct 28 2023,10222
Sun Oct 29 2023,10209
Mon Oct 30 2023,10196
Tue Oct 31 2023,10188
Wed Nov 01 2023,10217
Thu Nov 02 2023,10217
Fri Nov 03 2023,10200
Sat Nov 04 2023,10182
Sun Nov 05 2023,10158
Mon Nov 06 2023,10160
Tue Nov 07 2023,10162
Wed Nov 08 2023,10164
Thu Nov 09 2023,10166
Fri Nov 10 2023,10180
Sat Nov 11 2023,10181
Sun Nov 12 2023,10179
Mon Nov 13 2023,10168
Tue Nov 14 2023,10146
Wed Nov 15 2023,10162
Thu Nov 16 2023,10156
Fri Nov 17 2023,10154
Sat Nov 18 2023,10188
Sun Nov 19 2023,10202
Mon Nov 20 2023,10145
Tue Nov 21 2023,10160
Wed Nov 22 2023,10133
Thu Nov 23 2023,10150
Fri Nov 24 2023,10153
Sat Nov 25 2023,10172
Sun Nov 26 2023,10173
Mon Nov 27 2023,10170
Tue Nov 28 2023,10168
