date,Overall Market Index (USD)
Fri Nov 30 2018,0
Sat Dec 01 2018,0
Sun Dec 02 2018,0
Mon Dec 03 2018,0
Tue Dec 04 2018,0
Wed Dec 05 2018,0
Thu Dec 06 2018,0
Fri Dec 07 2018,0
Sat Dec 08 2018,0
Sun Dec 09 2018,0
Mon Dec 10 2018,0
Tue Dec 11 2018,0
Wed Dec 12 2018,0
Thu Dec 13 2018,0
Fri Dec 14 2018,0
Sat Dec 15 2018,0
Sun Dec 16 2018,0
Mon Dec 17 2018,0
Tue Dec 18 2018,0
Wed Dec 19 2018,0
Thu Dec 20 2018,0
Fri Dec 21 2018,0
Sat Dec 22 2018,0
Sun Dec 23 2018,0
Mon Dec 24 2018,0
Tue Dec 25 2018,0
Wed Dec 26 2018,0
Thu Dec 27 2018,0
Fri Dec 28 2018,0
Sat Dec 29 2018,0
Sun Dec 30 2018,0
Mon Dec 31 2018,0
Tue Jan 01 2019,0
Wed Jan 02 2019,0
Thu Jan 03 2019,0
Fri Jan 04 2019,0
Sat Jan 05 2019,0
Sun Jan 06 2019,0
Mon Jan 07 2019,0
Tue Jan 08 2019,0
Wed Jan 09 2019,0
Thu Jan 10 2019,0
Fri Jan 11 2019,0
Sat Jan 12 2019,0
Sun Jan 13 2019,0
Mon Jan 14 2019,0
Tue Jan 15 2019,0
Wed Jan 16 2019,0
Thu Jan 17 2019,0
Fri Jan 18 2019,0
Sat Jan 19 2019,0
Sun Jan 20 2019,0
Mon Jan 21 2019,0
Tue Jan 22 2019,0
Wed Jan 23 2019,0
Thu Jan 24 2019,0
Fri Jan 25 2019,0
Sat Jan 26 2019,0
Sun Jan 27 2019,0
Mon Jan 28 2019,0
Tue Jan 29 2019,0
Wed Jan 30 2019,0
Thu Jan 31 2019,0
Fri Feb 01 2019,0
Sat Feb 02 2019,0
Sun Feb 03 2019,0
Mon Feb 04 2019,0
Tue Feb 05 2019,0
Wed Feb 06 2019,0
Thu Feb 07 2019,0
Fri Feb 08 2019,0
Sat Feb 09 2019,0
Sun Feb 10 2019,0
Mon Feb 11 2019,0
Tue Feb 12 2019,0
Wed Feb 13 2019,0
Thu Feb 14 2019,0
Fri Feb 15 2019,0
Sat Feb 16 2019,0
Sun Feb 17 2019,0
Mon Feb 18 2019,0
Tue Feb 19 2019,0
Wed Feb 20 2019,0
Thu Feb 21 2019,0
Fri Feb 22 2019,0
Sat Feb 23 2019,0
Sun Feb 24 2019,0
Mon Feb 25 2019,0
Tue Feb 26 2019,0
Wed Feb 27 2019,0
Thu Feb 28 2019,0
Fri Mar 01 2019,0
Sat Mar 02 2019,0
Sun Mar 03 2019,0
Mon Mar 04 2019,0
Tue Mar 05 2019,0
Wed Mar 06 2019,0
Thu Mar 07 2019,0
Fri Mar 08 2019,0
Sat Mar 09 2019,0
Sun Mar 10 2019,0
Mon Mar 11 2019,0
Tue Mar 12 2019,0
Wed Mar 13 2019,0
Thu Mar 14 2019,0
Fri Mar 15 2019,0
Sat Mar 16 2019,0
Sun Mar 17 2019,0
Mon Mar 18 2019,0
Tue Mar 19 2019,0
Wed Mar 20 2019,0
Thu Mar 21 2019,0
Fri Mar 22 2019,0
Sat Mar 23 2019,0
Sun Mar 24 2019,0
Mon Mar 25 2019,0
Tue Mar 26 2019,0
Wed Mar 27 2019,0
Thu Mar 28 2019,0
Fri Mar 29 2019,0
Sat Mar 30 2019,0
Sun Mar 31 2019,0
Mon Apr 01 2019,0
Tue Apr 02 2019,0
Wed Apr 03 2019,0
Thu Apr 04 2019,0
Fri Apr 05 2019,0
Sat Apr 06 2019,0
Sun Apr 07 2019,0
Mon Apr 08 2019,0
Tue Apr 09 2019,0
Wed Apr 10 2019,0
Thu Apr 11 2019,0
Fri Apr 12 2019,0
Sat Apr 13 2019,0
Sun Apr 14 2019,0
Mon Apr 15 2019,0
Tue Apr 16 2019,0
Wed Apr 17 2019,0
Thu Apr 18 2019,0
Fri Apr 19 2019,0
Sat Apr 20 2019,0
Sun Apr 21 2019,0
Mon Apr 22 2019,0
Tue Apr 23 2019,0
Wed Apr 24 2019,0
Thu Apr 25 2019,0
Fri Apr 26 2019,0
Sat Apr 27 2019,0
Sun Apr 28 2019,0
Mon Apr 29 2019,0
Tue Apr 30 2019,0
Wed May 01 2019,0
Thu May 02 2019,0
Fri May 03 2019,0
Sat May 04 2019,0
Sun May 05 2019,0
Mon May 06 2019,0
Tue May 07 2019,0
Wed May 08 2019,0
Thu May 09 2019,0
Fri May 10 2019,0
Sat May 11 2019,0
Sun May 12 2019,0
Mon May 13 2019,0
Tue May 14 2019,0
Wed May 15 2019,0
Thu May 16 2019,0
Fri May 17 2019,0
Sat May 18 2019,0
Sun May 19 2019,0
Mon May 20 2019,0
Tue May 21 2019,0
Wed May 22 2019,0
Thu May 23 2019,0
Fri May 24 2019,0
Sat May 25 2019,0
Sun May 26 2019,0
Mon May 27 2019,0
Tue May 28 2019,0
Wed May 29 2019,0
Thu May 30 2019,0
Fri May 31 2019,0
Sat Jun 01 2019,0
Sun Jun 02 2019,0
Mon Jun 03 2019,0
Tue Jun 04 2019,0
Wed Jun 05 2019,0
Thu Jun 06 2019,0
Fri Jun 07 2019,0
Sat Jun 08 2019,0
Sun Jun 09 2019,0
Mon Jun 10 2019,0
Tue Jun 11 2019,0
Wed Jun 12 2019,0
Thu Jun 13 2019,0
Fri Jun 14 2019,0
Sat Jun 15 2019,0
Sun Jun 16 2019,0
Mon Jun 17 2019,0
Tue Jun 18 2019,0
Wed Jun 19 2019,0
Thu Jun 20 2019,0
Fri Jun 21 2019,0
Sat Jun 22 2019,0
Sun Jun 23 2019,0
Mon Jun 24 2019,0
Tue Jun 25 2019,0
Wed Jun 26 2019,0
Thu Jun 27 2019,0
Fri Jun 28 2019,0
Sat Jun 29 2019,0
Sun Jun 30 2019,0
Mon Jul 01 2019,0
Tue Jul 02 2019,0
Wed Jul 03 2019,0
Thu Jul 04 2019,0
Fri Jul 05 2019,0
Sat Jul 06 2019,0
Sun Jul 07 2019,0
Mon Jul 08 2019,0
Tue Jul 09 2019,0
Wed Jul 10 2019,0
Thu Jul 11 2019,0
Fri Jul 12 2019,0
Sat Jul 13 2019,0
Sun Jul 14 2019,0
Mon Jul 15 2019,0
Tue Jul 16 2019,0
Wed Jul 17 2019,0
Thu Jul 18 2019,0
Fri Jul 19 2019,0
Sat Jul 20 2019,0
Sun Jul 21 2019,0
Mon Jul 22 2019,0
Tue Jul 23 2019,0
Wed Jul 24 2019,0
Thu Jul 25 2019,0
Fri Jul 26 2019,0
Sat Jul 27 2019,0
Sun Jul 28 2019,0
Mon Jul 29 2019,0
Tue Jul 30 2019,0
Wed Jul 31 2019,0
Thu Aug 01 2019,0
Fri Aug 02 2019,0
Sat Aug 03 2019,0
Sun Aug 04 2019,0
Mon Aug 05 2019,0
Tue Aug 06 2019,0
Wed Aug 07 2019,0
Thu Aug 08 2019,0
Fri Aug 09 2019,0
Sat Aug 10 2019,0
Sun Aug 11 2019,0
Mon Aug 12 2019,0
Tue Aug 13 2019,0
Wed Aug 14 2019,0
Thu Aug 15 2019,0
Fri Aug 16 2019,0
Sat Aug 17 2019,0
Sun Aug 18 2019,0
Mon Aug 19 2019,0
Tue Aug 20 2019,0
Wed Aug 21 2019,0
Thu Aug 22 2019,0
Fri Aug 23 2019,0
Sat Aug 24 2019,0
Sun Aug 25 2019,0
Mon Aug 26 2019,0
Tue Aug 27 2019,0
Wed Aug 28 2019,0
Thu Aug 29 2019,0
Fri Aug 30 2019,0
Sat Aug 31 2019,0
Sun Sep 01 2019,0
Mon Sep 02 2019,0
Tue Sep 03 2019,0
Wed Sep 04 2019,0
Thu Sep 05 2019,0
Fri Sep 06 2019,0
Sat Sep 07 2019,0
Sun Sep 08 2019,0
Mon Sep 09 2019,0
Tue Sep 10 2019,0
Wed Sep 11 2019,0
Thu Sep 12 2019,0
Fri Sep 13 2019,0
Sat Sep 14 2019,0
Sun Sep 15 2019,0
Mon Sep 16 2019,0
Tue Sep 17 2019,0
Wed Sep 18 2019,0
Thu Sep 19 2019,0
Fri Sep 20 2019,0
Sat Sep 21 2019,0
Sun Sep 22 2019,0
Mon Sep 23 2019,0
Tue Sep 24 2019,0
Wed Sep 25 2019,0
Thu Sep 26 2019,0
Fri Sep 27 2019,0
Sat Sep 28 2019,0
Sun Sep 29 2019,0
Mon Sep 30 2019,0
Tue Oct 01 2019,0
Wed Oct 02 2019,0
Thu Oct 03 2019,0
Fri Oct 04 2019,0
Sat Oct 05 2019,0
Sun Oct 06 2019,0
Mon Oct 07 2019,0
Tue Oct 08 2019,0
Wed Oct 09 2019,0
Thu Oct 10 2019,0
Fri Oct 11 2019,0
Sat Oct 12 2019,0
Sun Oct 13 2019,0
Mon Oct 14 2019,0
Tue Oct 15 2019,0
Wed Oct 16 2019,0
Thu Oct 17 2019,0
Fri Oct 18 2019,0
Sat Oct 19 2019,0
Sun Oct 20 2019,0
Mon Oct 21 2019,0
Tue Oct 22 2019,0
Wed Oct 23 2019,0
Thu Oct 24 2019,0
Fri Oct 25 2019,0
Sat Oct 26 2019,0
Sun Oct 27 2019,0
Mon Oct 28 2019,0
Tue Oct 29 2019,0
Wed Oct 30 2019,0
Thu Oct 31 2019,0
Fri Nov 01 2019,0
Sat Nov 02 2019,0
Sun Nov 03 2019,0
Mon Nov 04 2019,0
Tue Nov 05 2019,0
Wed Nov 06 2019,0
Thu Nov 07 2019,0
Fri Nov 08 2019,0
Sat Nov 09 2019,0
Sun Nov 10 2019,0
Mon Nov 11 2019,0
Tue Nov 12 2019,0
Wed Nov 13 2019,0
Thu Nov 14 2019,0
Fri Nov 15 2019,0
Sat Nov 16 2019,0
Sun Nov 17 2019,0
Mon Nov 18 2019,0
Tue Nov 19 2019,0
Wed Nov 20 2019,0
Thu Nov 21 2019,0
Fri Nov 22 2019,0
Sat Nov 23 2019,0
Sun Nov 24 2019,0
Mon Nov 25 2019,0
Tue Nov 26 2019,0
Wed Nov 27 2019,0
Thu Nov 28 2019,0
Fri Nov 29 2019,0
Sat Nov 30 2019,0
Sun Dec 01 2019,0
Mon Dec 02 2019,0
Tue Dec 03 2019,0
Wed Dec 04 2019,0
Thu Dec 05 2019,0
Fri Dec 06 2019,0
Sat Dec 07 2019,0
Sun Dec 08 2019,0
Mon Dec 09 2019,0
Tue Dec 10 2019,0
Wed Dec 11 2019,0
Thu Dec 12 2019,0
Fri Dec 13 2019,0
Sat Dec 14 2019,0
Sun Dec 15 2019,0
Mon Dec 16 2019,0
Tue Dec 17 2019,0
Wed Dec 18 2019,0
Thu Dec 19 2019,0
Fri Dec 20 2019,0
Sat Dec 21 2019,0
Sun Dec 22 2019,0
Mon Dec 23 2019,0
Tue Dec 24 2019,0
Wed Dec 25 2019,0
Thu Dec 26 2019,0
Fri Dec 27 2019,0
Sat Dec 28 2019,0
Sun Dec 29 2019,0
Mon Dec 30 2019,0
Tue Dec 31 2019,0
Wed Jan 01 2020,0
Thu Jan 02 2020,0
Fri Jan 03 2020,0
Sat Jan 04 2020,0
Sun Jan 05 2020,0
Mon Jan 06 2020,0
Tue Jan 07 2020,0
Wed Jan 08 2020,0
Thu Jan 09 2020,0
Fri Jan 10 2020,0
Sat Jan 11 2020,0
Sun Jan 12 2020,0
Mon Jan 13 2020,0
Tue Jan 14 2020,0
Wed Jan 15 2020,0
Thu Jan 16 2020,0
Fri Jan 17 2020,0
Sat Jan 18 2020,0
Sun Jan 19 2020,0
Mon Jan 20 2020,0
Tue Jan 21 2020,0
Wed Jan 22 2020,0
Thu Jan 23 2020,0
Fri Jan 24 2020,0
Sat Jan 25 2020,0
Sun Jan 26 2020,0
Mon Jan 27 2020,0
Tue Jan 28 2020,0
Wed Jan 29 2020,0
Thu Jan 30 2020,0
Fri Jan 31 2020,0
Sat Feb 01 2020,0
Sun Feb 02 2020,0
Mon Feb 03 2020,0
Tue Feb 04 2020,0
Wed Feb 05 2020,0
Thu Feb 06 2020,0
Fri Feb 07 2020,0
Sat Feb 08 2020,0
Sun Feb 09 2020,0
Mon Feb 10 2020,0
Tue Feb 11 2020,0
Wed Feb 12 2020,0
Thu Feb 13 2020,0
Fri Feb 14 2020,0
Sat Feb 15 2020,0
Sun Feb 16 2020,0
Mon Feb 17 2020,0
Tue Feb 18 2020,0
Wed Feb 19 2020,0
Thu Feb 20 2020,0
Fri Feb 21 2020,0
Sat Feb 22 2020,0
Sun Feb 23 2020,0
Mon Feb 24 2020,0
Tue Feb 25 2020,0
Wed Feb 26 2020,0
Thu Feb 27 2020,0
Fri Feb 28 2020,0
Sat Feb 29 2020,0
Sun Mar 01 2020,0
Mon Mar 02 2020,0
Tue Mar 03 2020,0
Wed Mar 04 2020,0
Thu Mar 05 2020,0
Fri Mar 06 2020,0
Sat Mar 07 2020,0
Sun Mar 08 2020,0
Mon Mar 09 2020,0
Tue Mar 10 2020,0
Wed Mar 11 2020,0
Thu Mar 12 2020,0
Fri Mar 13 2020,0
Sat Mar 14 2020,0
Sun Mar 15 2020,0
Mon Mar 16 2020,0
Tue Mar 17 2020,0
Wed Mar 18 2020,0
Thu Mar 19 2020,0
Fri Mar 20 2020,0
Sat Mar 21 2020,0
Sun Mar 22 2020,0
Mon Mar 23 2020,0
Tue Mar 24 2020,0
Wed Mar 25 2020,0
Thu Mar 26 2020,0
Fri Mar 27 2020,0
Sat Mar 28 2020,0
Sun Mar 29 2020,0
Mon Mar 30 2020,0
Tue Mar 31 2020,0
Wed Apr 01 2020,0
Thu Apr 02 2020,0
Fri Apr 03 2020,0
Sat Apr 04 2020,0
Sun Apr 05 2020,0
Mon Apr 06 2020,0
Tue Apr 07 2020,0
Wed Apr 08 2020,0
Thu Apr 09 2020,0
Fri Apr 10 2020,0
Sat Apr 11 2020,0
Sun Apr 12 2020,0
Mon Apr 13 2020,0
Tue Apr 14 2020,0
Wed Apr 15 2020,0
Thu Apr 16 2020,0
Fri Apr 17 2020,0
Sat Apr 18 2020,0
Sun Apr 19 2020,0
Mon Apr 20 2020,0
Tue Apr 21 2020,0
Wed Apr 22 2020,0
Thu Apr 23 2020,0
Fri Apr 24 2020,0
Sat Apr 25 2020,0
Sun Apr 26 2020,0
Mon Apr 27 2020,0
Tue Apr 28 2020,0
Wed Apr 29 2020,0
Thu Apr 30 2020,0
Fri May 01 2020,0
Sat May 02 2020,0
Sun May 03 2020,0
Mon May 04 2020,0
Tue May 05 2020,0
Wed May 06 2020,0
Thu May 07 2020,0
Fri May 08 2020,0
Sat May 09 2020,0
Sun May 10 2020,0
Mon May 11 2020,0
Tue May 12 2020,0
Wed May 13 2020,0
Thu May 14 2020,0
Fri May 15 2020,0
Sat May 16 2020,0
Sun May 17 2020,0
Mon May 18 2020,0
Tue May 19 2020,0
Wed May 20 2020,0
Thu May 21 2020,0
Fri May 22 2020,0
Sat May 23 2020,0
Sun May 24 2020,0
Mon May 25 2020,0
Tue May 26 2020,0
Wed May 27 2020,0
Thu May 28 2020,0
Fri May 29 2020,0
Sat May 30 2020,0
Sun May 31 2020,0
Mon Jun 01 2020,0
Tue Jun 02 2020,0
Wed Jun 03 2020,0
Thu Jun 04 2020,0
Fri Jun 05 2020,0
Sat Jun 06 2020,0
Sun Jun 07 2020,0
Mon Jun 08 2020,0
Tue Jun 09 2020,0
Wed Jun 10 2020,0
Thu Jun 11 2020,0
Fri Jun 12 2020,0
Sat Jun 13 2020,0
Sun Jun 14 2020,0
Mon Jun 15 2020,0
Tue Jun 16 2020,0
Wed Jun 17 2020,0
Thu Jun 18 2020,0
Fri Jun 19 2020,0
Sat Jun 20 2020,0
Sun Jun 21 2020,0
Mon Jun 22 2020,0
Tue Jun 23 2020,0
Wed Jun 24 2020,0
Thu Jun 25 2020,0
Fri Jun 26 2020,0
Sat Jun 27 2020,0
Sun Jun 28 2020,0
Mon Jun 29 2020,0
Tue Jun 30 2020,0
Wed Jul 01 2020,0
Thu Jul 02 2020,0
Fri Jul 03 2020,0
Sat Jul 04 2020,0
Sun Jul 05 2020,0
Mon Jul 06 2020,0
Tue Jul 07 2020,0
Wed Jul 08 2020,0
Thu Jul 09 2020,0
Fri Jul 10 2020,0
Sat Jul 11 2020,0
Sun Jul 12 2020,0
Mon Jul 13 2020,0
Tue Jul 14 2020,0
Wed Jul 15 2020,0
Thu Jul 16 2020,0
Fri Jul 17 2020,0
Sat Jul 18 2020,0
Sun Jul 19 2020,0
Mon Jul 20 2020,0
Tue Jul 21 2020,0
Wed Jul 22 2020,0
Thu Jul 23 2020,0
Fri Jul 24 2020,0
Sat Jul 25 2020,0
Sun Jul 26 2020,0
Mon Jul 27 2020,0
Tue Jul 28 2020,0
Wed Jul 29 2020,0
Thu Jul 30 2020,0
Fri Jul 31 2020,0
Sat Aug 01 2020,0
Sun Aug 02 2020,0
Mon Aug 03 2020,0
Tue Aug 04 2020,0
Wed Aug 05 2020,0
Thu Aug 06 2020,0
Fri Aug 07 2020,0
Sat Aug 08 2020,0
Sun Aug 09 2020,0
Mon Aug 10 2020,0
Tue Aug 11 2020,0
Wed Aug 12 2020,0
Thu Aug 13 2020,0
Fri Aug 14 2020,0
Sat Aug 15 2020,0
Sun Aug 16 2020,0
Mon Aug 17 2020,0
Tue Aug 18 2020,0
Wed Aug 19 2020,0
Thu Aug 20 2020,0
Fri Aug 21 2020,0
Sat Aug 22 2020,0
Sun Aug 23 2020,0
Mon Aug 24 2020,0
Tue Aug 25 2020,0
Wed Aug 26 2020,0
Thu Aug 27 2020,0
Fri Aug 28 2020,0
Sat Aug 29 2020,0
Sun Aug 30 2020,0
Mon Aug 31 2020,0
Tue Sep 01 2020,0
Wed Sep 02 2020,0
Thu Sep 03 2020,0
Fri Sep 04 2020,0
Sat Sep 05 2020,0
Sun Sep 06 2020,0
Mon Sep 07 2020,0
Tue Sep 08 2020,0
Wed Sep 09 2020,0
Thu Sep 10 2020,0
Fri Sep 11 2020,0
Sat Sep 12 2020,0
Sun Sep 13 2020,0
Mon Sep 14 2020,0
Tue Sep 15 2020,0
Wed Sep 16 2020,0
Thu Sep 17 2020,0
Fri Sep 18 2020,0
Sat Sep 19 2020,0
Sun Sep 20 2020,0
Mon Sep 21 2020,0
Tue Sep 22 2020,0
Wed Sep 23 2020,0
Thu Sep 24 2020,0
Fri Sep 25 2020,0
Sat Sep 26 2020,0
Sun Sep 27 2020,0
Mon Sep 28 2020,0
Tue Sep 29 2020,0
Wed Sep 30 2020,0
Thu Oct 01 2020,0
Fri Oct 02 2020,0
Sat Oct 03 2020,0
Sun Oct 04 2020,0
Mon Oct 05 2020,0
Tue Oct 06 2020,0
Wed Oct 07 2020,0
Thu Oct 08 2020,0
Fri Oct 09 2020,0
Sat Oct 10 2020,0
Sun Oct 11 2020,0
Mon Oct 12 2020,0
Tue Oct 13 2020,0
Wed Oct 14 2020,0
Thu Oct 15 2020,0
Fri Oct 16 2020,0
Sat Oct 17 2020,0
Sun Oct 18 2020,0
Mon Oct 19 2020,0
Tue Oct 20 2020,0
Wed Oct 21 2020,0
Thu Oct 22 2020,0
Fri Oct 23 2020,0
Sat Oct 24 2020,0
Sun Oct 25 2020,0
Mon Oct 26 2020,0
Tue Oct 27 2020,0
Wed Oct 28 2020,0
Thu Oct 29 2020,0
Fri Oct 30 2020,0
Sat Oct 31 2020,0
Sun Nov 01 2020,0
Mon Nov 02 2020,0
Tue Nov 03 2020,0
Wed Nov 04 2020,0
Thu Nov 05 2020,0
Fri Nov 06 2020,0
Sat Nov 07 2020,0
Sun Nov 08 2020,0
Mon Nov 09 2020,0
Tue Nov 10 2020,0
Wed Nov 11 2020,0
Thu Nov 12 2020,0
Fri Nov 13 2020,0
Sat Nov 14 2020,0
Sun Nov 15 2020,0
Mon Nov 16 2020,0
Tue Nov 17 2020,0
Wed Nov 18 2020,0
Thu Nov 19 2020,0
Fri Nov 20 2020,0
Sat Nov 21 2020,0
Sun Nov 22 2020,0
Mon Nov 23 2020,0
Tue Nov 24 2020,0
Wed Nov 25 2020,0
Thu Nov 26 2020,0
Fri Nov 27 2020,0
Sat Nov 28 2020,0
Sun Nov 29 2020,0
Mon Nov 30 2020,0
Tue Dec 01 2020,0
Wed Dec 02 2020,0
Thu Dec 03 2020,0
Fri Dec 04 2020,0
Sat Dec 05 2020,0
Sun Dec 06 2020,0
Mon Dec 07 2020,0
Tue Dec 08 2020,0
Wed Dec 09 2020,0
Thu Dec 10 2020,0
Fri Dec 11 2020,0
Sat Dec 12 2020,0
Sun Dec 13 2020,0
Mon Dec 14 2020,0
Tue Dec 15 2020,0
Wed Dec 16 2020,0
Thu Dec 17 2020,0
Fri Dec 18 2020,0
Sat Dec 19 2020,0
Sun Dec 20 2020,0
Mon Dec 21 2020,0
Tue Dec 22 2020,0
Wed Dec 23 2020,0
Thu Dec 24 2020,0
Fri Dec 25 2020,0
Sat Dec 26 2020,0
Sun Dec 27 2020,0
Mon Dec 28 2020,0
Tue Dec 29 2020,0
Wed Dec 30 2020,0
Thu Dec 31 2020,0
Fri Jan 01 2021,26815
Sat Jan 02 2021,26831
Sun Jan 03 2021,26844
Mon Jan 04 2021,26849
Tue Jan 05 2021,26871
Wed Jan 06 2021,26857
Thu Jan 07 2021,26881
Fri Jan 08 2021,26936
Sat Jan 09 2021,26964
Sun Jan 10 2021,26998
Mon Jan 11 2021,27014
Tue Jan 12 2021,27040
Wed Jan 13 2021,27044
Thu Jan 14 2021,27056
Fri Jan 15 2021,27082
Sat Jan 16 2021,27109
Sun Jan 17 2021,27111
Mon Jan 18 2021,27064
Tue Jan 19 2021,27036
Wed Jan 20 2021,27048
Thu Jan 21 2021,27050
Fri Jan 22 2021,27069
Sat Jan 23 2021,27115
Sun Jan 24 2021,27134
Mon Jan 25 2021,27173
Tue Jan 26 2021,27208
Wed Jan 27 2021,27237
Thu Jan 28 2021,27296
Fri Jan 29 2021,27340
Sat Jan 30 2021,27337
Sun Jan 31 2021,27380
Mon Feb 01 2021,27420
Tue Feb 02 2021,27404
Wed Feb 03 2021,27427
Thu Feb 04 2021,27470
Fri Feb 05 2021,27509
Sat Feb 06 2021,27527
Sun Feb 07 2021,27523
Mon Feb 08 2021,27511
Tue Feb 09 2021,27521
Wed Feb 10 2021,27535
Thu Feb 11 2021,27549
Fri Feb 12 2021,27541
Sat Feb 13 2021,27596
Sun Feb 14 2021,27609
Mon Feb 15 2021,27646
Tue Feb 16 2021,27633
Wed Feb 17 2021,27719
Thu Feb 18 2021,27754
Fri Feb 19 2021,27777
Sat Feb 20 2021,27748
Sun Feb 21 2021,27794
Mon Feb 22 2021,27800
Tue Feb 23 2021,27911
Wed Feb 24 2021,27922
Thu Feb 25 2021,28006
Fri Feb 26 2021,28069
Sat Feb 27 2021,28158
Sun Feb 28 2021,28186
Mon Mar 01 2021,28225
Tue Mar 02 2021,28275
Wed Mar 03 2021,28323
Thu Mar 04 2021,28339
Fri Mar 05 2021,28370
Sat Mar 06 2021,28378
Sun Mar 07 2021,28404
Mon Mar 08 2021,28395
Tue Mar 09 2021,28426
Wed Mar 10 2021,28476
Thu Mar 11 2021,28505
Fri Mar 12 2021,28531
Sat Mar 13 2021,28554
Sun Mar 14 2021,28553
Mon Mar 15 2021,28599
Tue Mar 16 2021,28602
Wed Mar 17 2021,28587
Thu Mar 18 2021,28651
Fri Mar 19 2021,28639
Sat Mar 20 2021,28663
Sun Mar 21 2021,28714
Mon Mar 22 2021,28736
Tue Mar 23 2021,28784
Wed Mar 24 2021,28822
Thu Mar 25 2021,28835
Fri Mar 26 2021,28861
Sat Mar 27 2021,28894
Sun Mar 28 2021,28858
Mon Mar 29 2021,28873
Tue Mar 30 2021,28851
Wed Mar 31 2021,28873
Thu Apr 01 2021,28943
Fri Apr 02 2021,28936
Sat Apr 03 2021,28928
Sun Apr 04 2021,28922
Mon Apr 05 2021,28916
Tue Apr 06 2021,28917
Wed Apr 07 2021,28944
Thu Apr 08 2021,28975
Fri Apr 09 2021,29019
Sat Apr 10 2021,29080
Sun Apr 11 2021,29097
Mon Apr 12 2021,29096
Tue Apr 13 2021,29151
Wed Apr 14 2021,29206
Thu Apr 15 2021,29157
Fri Apr 16 2021,29253
Sat Apr 17 2021,29313
Sun Apr 18 2021,29380
Mon Apr 19 2021,29423
Tue Apr 20 2021,29435
Wed Apr 21 2021,29563
Thu Apr 22 2021,29633
Fri Apr 23 2021,29722
Sat Apr 24 2021,29757
Sun Apr 25 2021,29778
Mon Apr 26 2021,29890
Tue Apr 27 2021,29878
Wed Apr 28 2021,29987
Thu Apr 29 2021,29981
Fri Apr 30 2021,30108
Sat May 01 2021,30159
Sun May 02 2021,30176
Mon May 03 2021,30190
Tue May 04 2021,30336
Wed May 05 2021,30358
Thu May 06 2021,30362
Fri May 07 2021,30463
Sat May 08 2021,30626
Sun May 09 2021,30678
Mon May 10 2021,30655
Tue May 11 2021,30703
Wed May 12 2021,30691
Thu May 13 2021,30681
Fri May 14 2021,30784
Sat May 15 2021,30932
Sun May 16 2021,31004
Mon May 17 2021,31061
Tue May 18 2021,31034
Wed May 19 2021,31079
Thu May 20 2021,31217
Fri May 21 2021,31266
Sat May 22 2021,31328
Sun May 23 2021,31303
Mon May 24 2021,31369
Tue May 25 2021,31388
Wed May 26 2021,31431
Thu May 27 2021,31546
Fri May 28 2021,31632
Sat May 29 2021,31641
Sun May 30 2021,31698
Mon May 31 2021,31715
Tue Jun 01 2021,31741
Wed Jun 02 2021,31851
Thu Jun 03 2021,31810
Fri Jun 04 2021,31840
Sat Jun 05 2021,31854
Sun Jun 06 2021,31911
Mon Jun 07 2021,31924
Tue Jun 08 2021,31973
Wed Jun 09 2021,32027
Thu Jun 10 2021,32072
Fri Jun 11 2021,32124
Sat Jun 12 2021,32187
Sun Jun 13 2021,32210
Mon Jun 14 2021,32259
Tue Jun 15 2021,32315
Wed Jun 16 2021,32279
Thu Jun 17 2021,32317
Fri Jun 18 2021,32352
Sat Jun 19 2021,32372
Sun Jun 20 2021,32406
Mon Jun 21 2021,32432
Tue Jun 22 2021,32427
Wed Jun 23 2021,32465
Thu Jun 24 2021,32499
Fri Jun 25 2021,32494
Sat Jun 26 2021,32573
Sun Jun 27 2021,32552
Mon Jun 28 2021,32568
Tue Jun 29 2021,32574
Wed Jun 30 2021,32608
Thu Jul 01 2021,32640
Fri Jul 02 2021,32571
Sat Jul 03 2021,32587
Sun Jul 04 2021,32614
Mon Jul 05 2021,32641
Tue Jul 06 2021,32639
Wed Jul 07 2021,32719
Thu Jul 08 2021,32704
Fri Jul 09 2021,32806
Sat Jul 10 2021,32806
Sun Jul 11 2021,32786
Mon Jul 12 2021,32797
Tue Jul 13 2021,32832
Wed Jul 14 2021,32812
Thu Jul 15 2021,32748
Fri Jul 16 2021,32754
Sat Jul 17 2021,32747
Sun Jul 18 2021,32735
Mon Jul 19 2021,32737
Tue Jul 20 2021,32804
Wed Jul 21 2021,32843
Thu Jul 22 2021,32841
Fri Jul 23 2021,32834
Sat Jul 24 2021,32904
Sun Jul 25 2021,32873
Mon Jul 26 2021,32882
Tue Jul 27 2021,32917
Wed Jul 28 2021,32908
Thu Jul 29 2021,32917
Fri Jul 30 2021,32929
Sat Jul 31 2021,32948
Sun Aug 01 2021,32953
Mon Aug 02 2021,32958
Tue Aug 03 2021,32980
Wed Aug 04 2021,33000
Thu Aug 05 2021,33045
Fri Aug 06 2021,33060
Sat Aug 07 2021,33070
Sun Aug 08 2021,33073
Mon Aug 09 2021,33030
Tue Aug 10 2021,33076
Wed Aug 11 2021,33135
Thu Aug 12 2021,33053
Fri Aug 13 2021,33128
Sat Aug 14 2021,33107
Sun Aug 15 2021,33109
Mon Aug 16 2021,33134
Tue Aug 17 2021,33161
Wed Aug 18 2021,33181
Thu Aug 19 2021,33210
Fri Aug 20 2021,33224
Sat Aug 21 2021,33193
Sun Aug 22 2021,33174
Mon Aug 23 2021,33218
Tue Aug 24 2021,33210
Wed Aug 25 2021,33174
Thu Aug 26 2021,33168
Fri Aug 27 2021,33159
Sat Aug 28 2021,33206
Sun Aug 29 2021,33194
Mon Aug 30 2021,33252
Tue Aug 31 2021,33279
Wed Sep 01 2021,33285
Thu Sep 02 2021,33338
Fri Sep 03 2021,33326
Sat Sep 04 2021,33320
Sun Sep 05 2021,33352
Mon Sep 06 2021,33422
Tue Sep 07 2021,33469
Wed Sep 08 2021,33442
Thu Sep 09 2021,33470
Fri Sep 10 2021,33553
Sat Sep 11 2021,33525
Sun Sep 12 2021,33542
Mon Sep 13 2021,33508
Tue Sep 14 2021,33585
Wed Sep 15 2021,33578
Thu Sep 16 2021,33630
Fri Sep 17 2021,33624
Sat Sep 18 2021,33621
Sun Sep 19 2021,33622
Mon Sep 20 2021,33758
Tue Sep 21 2021,33780
Wed Sep 22 2021,33721
Thu Sep 23 2021,33717
Fri Sep 24 2021,33808
Sat Sep 25 2021,33851
Sun Sep 26 2021,33877
Mon Sep 27 2021,33871
Tue Sep 28 2021,33875
Wed Sep 29 2021,33904
Thu Sep 30 2021,33897
Fri Oct 01 2021,33947
Sat Oct 02 2021,33913
Sun Oct 03 2021,34002
Mon Oct 04 2021,34054
Tue Oct 05 2021,34070
Wed Oct 06 2021,34137
Thu Oct 07 2021,34133
Fri Oct 08 2021,34185
Sat Oct 09 2021,34172
Sun Oct 10 2021,34190
Mon Oct 11 2021,34208
Tue Oct 12 2021,34198
Wed Oct 13 2021,34217
Thu Oct 14 2021,34222
Fri Oct 15 2021,34224
Sat Oct 16 2021,34280
Sun Oct 17 2021,34323
Mon Oct 18 2021,34310
Tue Oct 19 2021,34336
Wed Oct 20 2021,34416
Thu Oct 21 2021,34478
Fri Oct 22 2021,34512
Sat Oct 23 2021,34584
Sun Oct 24 2021,34636
Mon Oct 25 2021,34619
Tue Oct 26 2021,34637
Wed Oct 27 2021,34726
Thu Oct 28 2021,34717
Fri Oct 29 2021,34781
Sat Oct 30 2021,34809
Sun Oct 31 2021,34832
Mon Nov 01 2021,34866
Tue Nov 02 2021,34874
Wed Nov 03 2021,34936
Thu Nov 04 2021,35014
Fri Nov 05 2021,35095
Sat Nov 06 2021,35131
Sun Nov 07 2021,35074
Mon Nov 08 2021,35122
Tue Nov 09 2021,35188
Wed Nov 10 2021,35223
Thu Nov 11 2021,35242
Fri Nov 12 2021,35360
Sat Nov 13 2021,35497
Sun Nov 14 2021,35563
Mon Nov 15 2021,35619
Tue Nov 16 2021,35666
Wed Nov 17 2021,35678
Thu Nov 18 2021,35675
Fri Nov 19 2021,35671
Sat Nov 20 2021,35684
Sun Nov 21 2021,35705
Mon Nov 22 2021,35739
Tue Nov 23 2021,35757
Wed Nov 24 2021,35778
Thu Nov 25 2021,35797
Fri Nov 26 2021,35804
Sat Nov 27 2021,35813
Sun Nov 28 2021,35829
Mon Nov 29 2021,35831
Tue Nov 30 2021,35881
Wed Dec 01 2021,35961
Thu Dec 02 2021,35994
Fri Dec 03 2021,36047
Sat Dec 04 2021,36074
Sun Dec 05 2021,36070
Mon Dec 06 2021,36036
Tue Dec 07 2021,36076
Wed Dec 08 2021,36096
Thu Dec 09 2021,36082
Fri Dec 10 2021,36123
Sat Dec 11 2021,36134
Sun Dec 12 2021,36191
Mon Dec 13 2021,36203
Tue Dec 14 2021,36248
Wed Dec 15 2021,36263
Thu Dec 16 2021,36219
Fri Dec 17 2021,36341
Sat Dec 18 2021,36366
Sun Dec 19 2021,36403
Mon Dec 20 2021,36413
Tue Dec 21 2021,36502
Wed Dec 22 2021,36551
Thu Dec 23 2021,36585
Fri Dec 24 2021,36648
Sat Dec 25 2021,36685
Sun Dec 26 2021,36721
Mon Dec 27 2021,36805
Tue Dec 28 2021,36871
Wed Dec 29 2021,37009
Thu Dec 30 2021,37132
Fri Dec 31 2021,37203
Sat Jan 01 2022,37203
Sun Jan 02 2022,37318
Mon Jan 03 2022,37370
Tue Jan 04 2022,37532
Wed Jan 05 2022,37617
Thu Jan 06 2022,37657
Fri Jan 07 2022,37838
Sat Jan 08 2022,37826
Sun Jan 09 2022,37895
Mon Jan 10 2022,37955
Tue Jan 11 2022,38083
Wed Jan 12 2022,38183
Thu Jan 13 2022,38376
Fri Jan 14 2022,38516
Sat Jan 15 2022,38585
Sun Jan 16 2022,38627
Mon Jan 17 2022,38746
Tue Jan 18 2022,38848
Wed Jan 19 2022,38908
Thu Jan 20 2022,39181
Fri Jan 21 2022,39378
Sat Jan 22 2022,39491
Sun Jan 23 2022,39601
Mon Jan 24 2022,39844
Tue Jan 25 2022,39968
Wed Jan 26 2022,40053
Thu Jan 27 2022,40185
Fri Jan 28 2022,40192
Sat Jan 29 2022,40412
Sun Jan 30 2022,40494
Mon Jan 31 2022,40469
Tue Feb 01 2022,40608
Wed Feb 02 2022,40719
Thu Feb 03 2022,40862
Fri Feb 04 2022,41028
Sat Feb 05 2022,41171
Sun Feb 06 2022,41261
Mon Feb 07 2022,41411
Tue Feb 08 2022,41627
Wed Feb 09 2022,41769
Thu Feb 10 2022,42043
Fri Feb 11 2022,42103
Sat Feb 12 2022,42492
Sun Feb 13 2022,42629
Mon Feb 14 2022,42857
Tue Feb 15 2022,42982
Wed Feb 16 2022,43255
Thu Feb 17 2022,43342
Fri Feb 18 2022,43694
Sat Feb 19 2022,43761
Sun Feb 20 2022,43880
Mon Feb 21 2022,44051
Tue Feb 22 2022,44250
Wed Feb 23 2022,44535
Thu Feb 24 2022,44989
Fri Feb 25 2022,45130
Sat Feb 26 2022,45323
Sun Feb 27 2022,45425
Mon Feb 28 2022,45642
Tue Mar 01 2022,45621
Wed Mar 02 2022,45832
Thu Mar 03 2022,45938
Fri Mar 04 2022,45980
Sat Mar 05 2022,46064
Sun Mar 06 2022,46091
Mon Mar 07 2022,46467
Tue Mar 08 2022,46521
Wed Mar 09 2022,46690
Thu Mar 10 2022,46670
Fri Mar 11 2022,46878
Sat Mar 12 2022,46769
Sun Mar 13 2022,46744
Mon Mar 14 2022,46644
Tue Mar 15 2022,46521
Wed Mar 16 2022,46437
Thu Mar 17 2022,46560
Fri Mar 18 2022,46472
Sat Mar 19 2022,46479
Sun Mar 20 2022,46399
Mon Mar 21 2022,46409
Tue Mar 22 2022,46351
Wed Mar 23 2022,46314
Thu Mar 24 2022,46410
Fri Mar 25 2022,46282
Sat Mar 26 2022,46148
Sun Mar 27 2022,46139
Mon Mar 28 2022,46061
Tue Mar 29 2022,45857
Wed Mar 30 2022,45823
Thu Mar 31 2022,45818
Fri Apr 01 2022,45560
Sat Apr 02 2022,45964
Sun Apr 03 2022,45892
Mon Apr 04 2022,45799
Tue Apr 05 2022,45835
Wed Apr 06 2022,45771
Thu Apr 07 2022,45877
Fri Apr 08 2022,45707
Sat Apr 09 2022,45647
Sun Apr 10 2022,45550
Mon Apr 11 2022,45548
Tue Apr 12 2022,45519
Wed Apr 13 2022,45345
Thu Apr 14 2022,45224
Fri Apr 15 2022,45274
Sat Apr 16 2022,45176
Sun Apr 17 2022,45126
Mon Apr 18 2022,45136
Tue Apr 19 2022,44921
Wed Apr 20 2022,44930
Thu Apr 21 2022,44868
Fri Apr 22 2022,44770
Sat Apr 23 2022,44693
Sun Apr 24 2022,44581
Mon Apr 25 2022,44533
Tue Apr 26 2022,44563
Wed Apr 27 2022,44471
Thu Apr 28 2022,44323
Fri Apr 29 2022,44290
Sat Apr 30 2022,44182
Sun May 01 2022,44021
Mon May 02 2022,43963
Tue May 03 2022,43867
Wed May 04 2022,43722
Thu May 05 2022,43611
Fri May 06 2022,43623
Sat May 07 2022,43504
Sun May 08 2022,43399
Mon May 09 2022,43189
Tue May 10 2022,43097
Wed May 11 2022,42982
Thu May 12 2022,42789
Fri May 13 2022,42781
Sat May 14 2022,42660
Sun May 15 2022,42561
Mon May 16 2022,42530
Tue May 17 2022,42427
Wed May 18 2022,42344
Thu May 19 2022,42332
Fri May 20 2022,42275
Sat May 21 2022,42148
Sun May 22 2022,42033
Mon May 23 2022,41920
Tue May 24 2022,41829
Wed May 25 2022,41748
Thu May 26 2022,41664
Fri May 27 2022,41659
Sat May 28 2022,41626
Sun May 29 2022,41558
Mon May 30 2022,41533
Tue May 31 2022,41516
Wed Jun 01 2022,41401
Thu Jun 02 2022,41361
Fri Jun 03 2022,41353
Sat Jun 04 2022,41283
Sun Jun 05 2022,41242
Mon Jun 06 2022,41225
Tue Jun 07 2022,41183
Wed Jun 08 2022,41080
Thu Jun 09 2022,41035
Fri Jun 10 2022,41057
Sat Jun 11 2022,40980
Sun Jun 12 2022,40828
Mon Jun 13 2022,40839
Tue Jun 14 2022,40735
Wed Jun 15 2022,40667
Thu Jun 16 2022,40554
Fri Jun 17 2022,40472
Sat Jun 18 2022,40434
Sun Jun 19 2022,40203
Mon Jun 20 2022,40156
Tue Jun 21 2022,40022
Wed Jun 22 2022,40010
Thu Jun 23 2022,39992
Fri Jun 24 2022,39971
Sat Jun 25 2022,39886
Sun Jun 26 2022,39890
Mon Jun 27 2022,39904
Tue Jun 28 2022,39841
Wed Jun 29 2022,39751
Thu Jun 30 2022,39810
Fri Jul 01 2022,39696
Sat Jul 02 2022,39474
Sun Jul 03 2022,39350
Mon Jul 04 2022,39355
Tue Jul 05 2022,39287
Wed Jul 06 2022,39252
Thu Jul 07 2022,39207
Fri Jul 08 2022,39104
Sat Jul 09 2022,39131
Sun Jul 10 2022,39108
Mon Jul 11 2022,39035
Tue Jul 12 2022,38959
Wed Jul 13 2022,38813
Thu Jul 14 2022,38773
Fri Jul 15 2022,38681
Sat Jul 16 2022,38736
Sun Jul 17 2022,38741
Mon Jul 18 2022,38739
Tue Jul 19 2022,38680
Wed Jul 20 2022,38683
Thu Jul 21 2022,38509
Fri Jul 22 2022,38466
Sat Jul 23 2022,38400
Sun Jul 24 2022,38299
Mon Jul 25 2022,38161
Tue Jul 26 2022,38025
Wed Jul 27 2022,37867
Thu Jul 28 2022,37798
Fri Jul 29 2022,37806
Sat Jul 30 2022,37783
Sun Jul 31 2022,37754
Mon Aug 01 2022,37769
Tue Aug 02 2022,37721
Wed Aug 03 2022,37798
Thu Aug 04 2022,37844
Fri Aug 05 2022,37762
Sat Aug 06 2022,37760
Sun Aug 07 2022,37769
Mon Aug 08 2022,37777
Tue Aug 09 2022,37707
Wed Aug 10 2022,37714
Thu Aug 11 2022,37731
Fri Aug 12 2022,37708
Sat Aug 13 2022,37568
Sun Aug 14 2022,37545
Mon Aug 15 2022,37517
Tue Aug 16 2022,37314
Wed Aug 17 2022,37268
Thu Aug 18 2022,37290
Fri Aug 19 2022,37270
Sat Aug 20 2022,37205
Sun Aug 21 2022,37176
Mon Aug 22 2022,37279
Tue Aug 23 2022,37281
Wed Aug 24 2022,37205
Thu Aug 25 2022,37098
Fri Aug 26 2022,37087
Sat Aug 27 2022,36998
Sun Aug 28 2022,36992
Mon Aug 29 2022,36919
Tue Aug 30 2022,36882
Wed Aug 31 2022,36873
Thu Sep 01 2022,36851
Fri Sep 02 2022,36859
Sat Sep 03 2022,36820
Sun Sep 04 2022,36802
Mon Sep 05 2022,36766
Tue Sep 06 2022,36787
Wed Sep 07 2022,36758
Thu Sep 08 2022,36781
Fri Sep 09 2022,36760
Sat Sep 10 2022,36736
Sun Sep 11 2022,36646
Mon Sep 12 2022,36520
Tue Sep 13 2022,36483
Wed Sep 14 2022,36475
Thu Sep 15 2022,36539
Fri Sep 16 2022,36413
Sat Sep 17 2022,36356
Sun Sep 18 2022,36285
Mon Sep 19 2022,36291
Tue Sep 20 2022,36263
Wed Sep 21 2022,36163
Thu Sep 22 2022,36142
Fri Sep 23 2022,36218
Sat Sep 24 2022,36246
Sun Sep 25 2022,36189
Mon Sep 26 2022,36149
Tue Sep 27 2022,36004
Wed Sep 28 2022,36012
Thu Sep 29 2022,35939
Fri Sep 30 2022,35912
Sat Oct 01 2022,35920
Sun Oct 02 2022,35889
Mon Oct 03 2022,35964
Tue Oct 04 2022,35906
Wed Oct 05 2022,35904
Thu Oct 06 2022,35892
Fri Oct 07 2022,35908
Sat Oct 08 2022,35900
Sun Oct 09 2022,35803
Mon Oct 10 2022,35604
Tue Oct 11 2022,35719
Wed Oct 12 2022,35669
Thu Oct 13 2022,35694
Fri Oct 14 2022,35517
Sat Oct 15 2022,35407
Sun Oct 16 2022,35292
Mon Oct 17 2022,35269
Tue Oct 18 2022,35238
Wed Oct 19 2022,35102
Thu Oct 20 2022,35147
Fri Oct 21 2022,35128
Sat Oct 22 2022,35046
Sun Oct 23 2022,35111
Mon Oct 24 2022,35068
Tue Oct 25 2022,35106
Wed Oct 26 2022,35013
Thu Oct 27 2022,34922
Fri Oct 28 2022,35007
Sat Oct 29 2022,34720
Sun Oct 30 2022,34705
Mon Oct 31 2022,34647
Tue Nov 01 2022,34657
Wed Nov 02 2022,34655
Thu Nov 03 2022,34577
Fri Nov 04 2022,34486
Sat Nov 05 2022,34526
Sun Nov 06 2022,34542
Mon Nov 07 2022,34493
Tue Nov 08 2022,34571
Wed Nov 09 2022,34654
Thu Nov 10 2022,34651
Fri Nov 11 2022,34605
Sat Nov 12 2022,34546
Sun Nov 13 2022,34536
Mon Nov 14 2022,34526
Tue Nov 15 2022,34596
Wed Nov 16 2022,34543
Thu Nov 17 2022,34553
Fri Nov 18 2022,34577
Sat Nov 19 2022,34490
Sun Nov 20 2022,34544
Mon Nov 21 2022,34445
Tue Nov 22 2022,34409
Wed Nov 23 2022,34412
Thu Nov 24 2022,34443
Fri Nov 25 2022,34501
Sat Nov 26 2022,34545
Sun Nov 27 2022,34524
Mon Nov 28 2022,34435
Tue Nov 29 2022,34462
Wed Nov 30 2022,34379
Thu Dec 01 2022,34384
Fri Dec 02 2022,34422
Sat Dec 03 2022,34406
Sun Dec 04 2022,34394
Mon Dec 05 2022,34444
Tue Dec 06 2022,34499
Wed Dec 07 2022,34460
Thu Dec 08 2022,34413
Fri Dec 09 2022,34358
Sat Dec 10 2022,34396
Sun Dec 11 2022,34347
Mon Dec 12 2022,34348
Tue Dec 13 2022,34304
Wed Dec 14 2022,34333
Thu Dec 15 2022,34361
Fri Dec 16 2022,34340
Sat Dec 17 2022,34356
Sun Dec 18 2022,34346
Mon Dec 19 2022,34383
Tue Dec 20 2022,34247
Wed Dec 21 2022,34246
Thu Dec 22 2022,34251
Fri Dec 23 2022,34232
Sat Dec 24 2022,34246
Sun Dec 25 2022,34219
Mon Dec 26 2022,34187
Tue Dec 27 2022,34140
Wed Dec 28 2022,34055
Thu Dec 29 2022,34029
Fri Dec 30 2022,34100
Sat Dec 31 2022,34089
Sun Jan 01 2023,34089
Mon Jan 02 2023,34020
Tue Jan 03 2023,33991
Wed Jan 04 2023,33944
Thu Jan 05 2023,33843
Fri Jan 06 2023,33821
Sat Jan 07 2023,33773
Sun Jan 08 2023,33754
Mon Jan 09 2023,33704
Tue Jan 10 2023,33650
Wed Jan 11 2023,33673
Thu Jan 12 2023,33650
Fri Jan 13 2023,33633
Sat Jan 14 2023,33614
Sun Jan 15 2023,33590
Mon Jan 16 2023,33519
Tue Jan 17 2023,33499
Wed Jan 18 2023,33464
Thu Jan 19 2023,33443
Fri Jan 20 2023,33419
Sat Jan 21 2023,33379
Sun Jan 22 2023,33287
Mon Jan 23 2023,33252
Tue Jan 24 2023,33206
Wed Jan 25 2023,33228
Thu Jan 26 2023,33274
Fri Jan 27 2023,33242
Sat Jan 28 2023,33239
Sun Jan 29 2023,33235
Mon Jan 30 2023,33229
Tue Jan 31 2023,33185
Wed Feb 01 2023,33209
Thu Feb 02 2023,33179
Fri Feb 03 2023,33217
Sat Feb 04 2023,33213
Sun Feb 05 2023,33278
Mon Feb 06 2023,33279
Tue Feb 07 2023,33289
Wed Feb 08 2023,33282
Thu Feb 09 2023,33243
Fri Feb 10 2023,33243
Sat Feb 11 2023,33286
Sun Feb 12 2023,33344
Mon Feb 13 2023,33330
Tue Feb 14 2023,33297
Wed Feb 15 2023,33264
Thu Feb 16 2023,33313
Fri Feb 17 2023,33349
Sat Feb 18 2023,33339
Sun Feb 19 2023,33341
Mon Feb 20 2023,33275
Tue Feb 21 2023,33189
Wed Feb 22 2023,33216
Thu Feb 23 2023,33192
Fri Feb 24 2023,33099
Sat Feb 25 2023,33002
Sun Feb 26 2023,32935
Mon Feb 27 2023,32998
Tue Feb 28 2023,33059
Wed Mar 01 2023,33027
Thu Mar 02 2023,32938
Fri Mar 03 2023,33123
Sat Mar 04 2023,33044
Sun Mar 05 2023,33011
Mon Mar 06 2023,32992
Tue Mar 07 2023,33071
Wed Mar 08 2023,33039
Thu Mar 09 2023,33024
Fri Mar 10 2023,32962
Sat Mar 11 2023,32982
Sun Mar 12 2023,32991
Mon Mar 13 2023,32909
Tue Mar 14 2023,32951
Wed Mar 15 2023,32964
Thu Mar 16 2023,32988
Fri Mar 17 2023,32954
Sat Mar 18 2023,32902
Sun Mar 19 2023,32867
Mon Mar 20 2023,32839
Tue Mar 21 2023,32818
Wed Mar 22 2023,32803
Thu Mar 23 2023,32804
Fri Mar 24 2023,32870
Sat Mar 25 2023,32870
Sun Mar 26 2023,32893
Mon Mar 27 2023,32891
Tue Mar 28 2023,32998
Wed Mar 29 2023,33048
Thu Mar 30 2023,33088
Fri Mar 31 2023,33145
Sat Apr 01 2023,33119
Sun Apr 02 2023,33144
Mon Apr 03 2023,33125
Tue Apr 04 2023,33129
Wed Apr 05 2023,33081
Thu Apr 06 2023,33121
Fri Apr 07 2023,33128
Sat Apr 08 2023,33164
Sun Apr 09 2023,33193
Mon Apr 10 2023,33209
Tue Apr 11 2023,33215
Wed Apr 12 2023,33259
Thu Apr 13 2023,33315
Fri Apr 14 2023,33352
Sat Apr 15 2023,33432
Sun Apr 16 2023,33498
Mon Apr 17 2023,33510
Tue Apr 18 2023,33573
Wed Apr 19 2023,33442
Thu Apr 20 2023,33351
Fri Apr 21 2023,33365
Sat Apr 22 2023,33368
Sun Apr 23 2023,33415
Mon Apr 24 2023,33347
Tue Apr 25 2023,33366
Wed Apr 26 2023,33395
Thu Apr 27 2023,33028
Fri Apr 28 2023,32999
Sat Apr 29 2023,33003
Sun Apr 30 2023,33040
Mon May 01 2023,32948
Tue May 02 2023,33056
Wed May 03 2023,33065
Thu May 04 2023,33090
Fri May 05 2023,33097
Sat May 06 2023,33073
Sun May 07 2023,33074
Mon May 08 2023,33035
Tue May 09 2023,33080
Wed May 10 2023,33048
Thu May 11 2023,32914
Fri May 12 2023,32826
Sat May 13 2023,32820
Sun May 14 2023,32841
Mon May 15 2023,32825
Tue May 16 2023,32777
Wed May 17 2023,32726
Thu May 18 2023,32649
Fri May 19 2023,32624
Sat May 20 2023,32536
Sun May 21 2023,32545
Mon May 22 2023,32438
Tue May 23 2023,32409
Wed May 24 2023,32308
Thu May 25 2023,32203
Fri May 26 2023,32242
Sat May 27 2023,32195
Sun May 28 2023,32178
Mon May 29 2023,32226
Tue May 30 2023,32187
Wed May 31 2023,32062
Thu Jun 01 2023,32049
Fri Jun 02 2023,32043
Sat Jun 03 2023,32057
Sun Jun 04 2023,32085
Mon Jun 05 2023,32021
Tue Jun 06 2023,31976
Wed Jun 07 2023,32006
Thu Jun 08 2023,32031
Fri Jun 09 2023,31973
Sat Jun 10 2023,31923
Sun Jun 11 2023,31898
Mon Jun 12 2023,31806
Tue Jun 13 2023,31924
Wed Jun 14 2023,31831
Thu Jun 15 2023,31900
Fri Jun 16 2023,31872
Sat Jun 17 2023,31865
Sun Jun 18 2023,31838
Mon Jun 19 2023,31819
Tue Jun 20 2023,31801
Wed Jun 21 2023,31934
Thu Jun 22 2023,31968
Fri Jun 23 2023,31933
Sat Jun 24 2023,31970
Sun Jun 25 2023,31956
Mon Jun 26 2023,31991
Tue Jun 27 2023,32005
Wed Jun 28 2023,31974
Thu Jun 29 2023,31988
Fri Jun 30 2023,31938
Sat Jul 01 2023,32067
Sun Jul 02 2023,32043
Mon Jul 03 2023,32030
Tue Jul 04 2023,31948
Wed Jul 05 2023,32033
Thu Jul 06 2023,32017
Fri Jul 07 2023,31977
Sat Jul 08 2023,31918
Sun Jul 09 2023,31882
Mon Jul 10 2023,31970
Tue Jul 11 2023,31863
Wed Jul 12 2023,31817
Thu Jul 13 2023,31893
Fri Jul 14 2023,32004
Sat Jul 15 2023,31934
Sun Jul 16 2023,31907
Mon Jul 17 2023,31917
Tue Jul 18 2023,31934
Wed Jul 19 2023,31982
Thu Jul 20 2023,31994
Fri Jul 21 2023,31881
Sat Jul 22 2023,31860
Sun Jul 23 2023,31874
Mon Jul 24 2023,31866
Tue Jul 25 2023,31762
Wed Jul 26 2023,31770
Thu Jul 27 2023,31802
Fri Jul 28 2023,31840
Sat Jul 29 2023,31782
Sun Jul 30 2023,31761
Mon Jul 31 2023,31786
Tue Aug 01 2023,31794
Wed Aug 02 2023,31719
Thu Aug 03 2023,31710
Fri Aug 04 2023,31606
Sat Aug 05 2023,31551
Sun Aug 06 2023,31513
Mon Aug 07 2023,31480
Tue Aug 08 2023,31419
Wed Aug 09 2023,31364
Thu Aug 10 2023,31421
Fri Aug 11 2023,31428
Sat Aug 12 2023,31408
Sun Aug 13 2023,31429
Mon Aug 14 2023,31410
Tue Aug 15 2023,31432
Wed Aug 16 2023,31358
Thu Aug 17 2023,31289
Fri Aug 18 2023,31313
Sat Aug 19 2023,31288
Sun Aug 20 2023,31281
Mon Aug 21 2023,31239
Tue Aug 22 2023,31224
Wed Aug 23 2023,31165
Thu Aug 24 2023,31195
Fri Aug 25 2023,31237
Sat Aug 26 2023,31162
Sun Aug 27 2023,31100
Mon Aug 28 2023,31072
Tue Aug 29 2023,31056
Wed Aug 30 2023,31011
Thu Aug 31 2023,30936
Fri Sep 01 2023,30971
Sat Sep 02 2023,30961
Sun Sep 03 2023,30979
Mon Sep 04 2023,30944
Tue Sep 05 2023,30915
Wed Sep 06 2023,30866
Thu Sep 07 2023,30865
Fri Sep 08 2023,30840
Sat Sep 09 2023,30811
Sun Sep 10 2023,30771
Mon Sep 11 2023,30737
Tue Sep 12 2023,30717
Wed Sep 13 2023,30719
Thu Sep 14 2023,30648
Fri Sep 15 2023,30590
Sat Sep 16 2023,30592
Sun Sep 17 2023,30606
Mon Sep 18 2023,30550
Tue Sep 19 2023,30492
Wed Sep 20 2023,30490
Thu Sep 21 2023,30492
Fri Sep 22 2023,30471
Sat Sep 23 2023,30472
Sun Sep 24 2023,30414
Mon Sep 25 2023,30384
Tue Sep 26 2023,30325
Wed Sep 27 2023,30358
Thu Sep 28 2023,30401
Fri Sep 29 2023,30290
Sat Sep 30 2023,30374
Sun Oct 01 2023,30394
Mon Oct 02 2023,30397
Tue Oct 03 2023,30405
Wed Oct 04 2023,30339
Thu Oct 05 2023,30294
Fri Oct 06 2023,30323
Sat Oct 07 2023,30261
Sun Oct 08 2023,30354
Mon Oct 09 2023,30387
Tue Oct 10 2023,30405
Wed Oct 11 2023,30363
Thu Oct 12 2023,30337
Fri Oct 13 2023,30372
Sat Oct 14 2023,30366
Sun Oct 15 2023,30347
Mon Oct 16 2023,30355
Tue Oct 17 2023,30300
Wed Oct 18 2023,30273
Thu Oct 19 2023,30234
Fri Oct 20 2023,30166
Sat Oct 21 2023,30054
Sun Oct 22 2023,30015
Mon Oct 23 2023,30011
Tue Oct 24 2023,30064
Wed Oct 25 2023,30037
Thu Oct 26 2023,30090
Fri Oct 27 2023,30089
Sat Oct 28 2023,30124
Sun Oct 29 2023,30119
Mon Oct 30 2023,30090
Tue Oct 31 2023,30084
Wed Nov 01 2023,30072
Thu Nov 02 2023,30037
Fri Nov 03 2023,30035
Sat Nov 04 2023,29999
Sun Nov 05 2023,30019
Mon Nov 06 2023,29972
Tue Nov 07 2023,30023
Wed Nov 08 2023,30026
Thu Nov 09 2023,29963
Fri Nov 10 2023,29979
Sat Nov 11 2023,29937
Sun Nov 12 2023,29968
Mon Nov 13 2023,29940
Tue Nov 14 2023,29887
Wed Nov 15 2023,29833
Thu Nov 16 2023,29709
Fri Nov 17 2023,29724
Sat Nov 18 2023,29706
Sun Nov 19 2023,29600
Mon Nov 20 2023,29629
Tue Nov 21 2023,29637
Wed Nov 22 2023,29642
Thu Nov 23 2023,29615
Fri Nov 24 2023,29658
Sat Nov 25 2023,29598
Sun Nov 26 2023,29601
Mon Nov 27 2023,29555
Tue Nov 28 2023,29553
