date,Patek Philippe 5980/1R (USD)
Sun Dec 02 2018,70745
Mon Dec 03 2018,70745
Tue Dec 04 2018,70745
Wed Dec 05 2018,70745
Thu Dec 06 2018,70745
Fri Dec 07 2018,70745
Sat Dec 08 2018,70745
Sun Dec 09 2018,70745
Mon Dec 10 2018,70745
Tue Dec 11 2018,70745
Wed Dec 12 2018,70745
Thu Dec 13 2018,70745
Fri Dec 14 2018,70745
Sat Dec 15 2018,70745
Sun Dec 16 2018,70745
Mon Dec 17 2018,70745
Tue Dec 18 2018,70745
Wed Dec 19 2018,70745
Thu Dec 20 2018,70745
Fri Dec 21 2018,70745
Sat Dec 22 2018,70745
Sun Dec 23 2018,70745
Mon Dec 24 2018,70745
Tue Dec 25 2018,70745
Wed Dec 26 2018,70745
Thu Dec 27 2018,70745
Fri Dec 28 2018,70745
Sat Dec 29 2018,70745
Sun Dec 30 2018,70745
Mon Dec 31 2018,70745
Tue Jan 01 2019,70745
Wed Jan 02 2019,70745
Thu Jan 03 2019,70745
Fri Jan 04 2019,70745
Sat Jan 05 2019,70745
Sun Jan 06 2019,70745
Mon Jan 07 2019,70745
Tue Jan 08 2019,70745
Wed Jan 09 2019,70745
Thu Jan 10 2019,70745
Fri Jan 11 2019,70745
Sat Jan 12 2019,70745
Sun Jan 13 2019,70745
Mon Jan 14 2019,70745
Tue Jan 15 2019,70745
Wed Jan 16 2019,70745
Thu Jan 17 2019,70745
Fri Jan 18 2019,70745
Sat Jan 19 2019,70745
Sun Jan 20 2019,70745
Mon Jan 21 2019,70745
Tue Jan 22 2019,70745
Wed Jan 23 2019,70745
Thu Jan 24 2019,70745
Fri Jan 25 2019,70745
Sat Jan 26 2019,70745
Sun Jan 27 2019,70745
Mon Jan 28 2019,70745
Tue Jan 29 2019,70745
Wed Jan 30 2019,70745
Thu Jan 31 2019,70745
Fri Feb 01 2019,70745
Sat Feb 02 2019,70745
Sun Feb 03 2019,70745
Mon Feb 04 2019,70745
Tue Feb 05 2019,70745
Wed Feb 06 2019,70745
Thu Feb 07 2019,70745
Fri Feb 08 2019,70745
Sat Feb 09 2019,70745
Sun Feb 10 2019,70745
Mon Feb 11 2019,70745
Tue Feb 12 2019,70745
Wed Feb 13 2019,70745
Thu Feb 14 2019,70745
Fri Feb 15 2019,70745
Sat Feb 16 2019,70745
Sun Feb 17 2019,70745
Mon Feb 18 2019,70745
Tue Feb 19 2019,70745
Wed Feb 20 2019,70745
Thu Feb 21 2019,70745
Fri Feb 22 2019,70745
Sat Feb 23 2019,70745
Sun Feb 24 2019,70745
Mon Feb 25 2019,70745
Tue Feb 26 2019,70745
Wed Feb 27 2019,70745
Thu Feb 28 2019,70745
Fri Mar 01 2019,70745
Sat Mar 02 2019,70745
Sun Mar 03 2019,70745
Mon Mar 04 2019,70745
Tue Mar 05 2019,70745
Wed Mar 06 2019,70745
Thu Mar 07 2019,70745
Fri Mar 08 2019,70745
Sat Mar 09 2019,70745
Sun Mar 10 2019,70745
Mon Mar 11 2019,70745
Tue Mar 12 2019,70745
Wed Mar 13 2019,70745
Thu Mar 14 2019,70745
Fri Mar 15 2019,70745
Sat Mar 16 2019,70745
Sun Mar 17 2019,70745
Mon Mar 18 2019,70745
Tue Mar 19 2019,70745
Wed Mar 20 2019,70745
Thu Mar 21 2019,70745
Fri Mar 22 2019,70745
Sat Mar 23 2019,70745
Sun Mar 24 2019,70745
Mon Mar 25 2019,70745
Tue Mar 26 2019,70745
Wed Mar 27 2019,70745
Thu Mar 28 2019,70745
Fri Mar 29 2019,70745
Sat Mar 30 2019,70745
Sun Mar 31 2019,70745
Mon Apr 01 2019,70745
Tue Apr 02 2019,70745
Wed Apr 03 2019,70745
Thu Apr 04 2019,70745
Fri Apr 05 2019,70745
Sat Apr 06 2019,70745
Sun Apr 07 2019,70745
Mon Apr 08 2019,70745
Tue Apr 09 2019,70745
Wed Apr 10 2019,70745
Thu Apr 11 2019,70745
Fri Apr 12 2019,70745
Sat Apr 13 2019,70745
Sun Apr 14 2019,70745
Mon Apr 15 2019,70745
Tue Apr 16 2019,70745
Wed Apr 17 2019,70745
Thu Apr 18 2019,70745
Fri Apr 19 2019,70745
Sat Apr 20 2019,70745
Sun Apr 21 2019,70745
Mon Apr 22 2019,70745
Tue Apr 23 2019,70745
Wed Apr 24 2019,70745
Thu Apr 25 2019,70745
Fri Apr 26 2019,70745
Sat Apr 27 2019,70745
Sun Apr 28 2019,70745
Mon Apr 29 2019,70745
Tue Apr 30 2019,70745
Wed May 01 2019,70745
Thu May 02 2019,70745
Fri May 03 2019,70745
Sat May 04 2019,70745
Sun May 05 2019,70745
Mon May 06 2019,70745
Tue May 07 2019,70745
Wed May 08 2019,70745
Thu May 09 2019,70745
Fri May 10 2019,70745
Sat May 11 2019,70745
Sun May 12 2019,70745
Mon May 13 2019,70745
Tue May 14 2019,70745
Wed May 15 2019,70745
Thu May 16 2019,70745
Fri May 17 2019,70745
Sat May 18 2019,70745
Sun May 19 2019,70745
Mon May 20 2019,70745
Tue May 21 2019,70745
Wed May 22 2019,70745
Thu May 23 2019,70745
Fri May 24 2019,70745
Sat May 25 2019,70745
Sun May 26 2019,70745
Mon May 27 2019,70745
Tue May 28 2019,70745
Wed May 29 2019,70745
Thu May 30 2019,70745
Fri May 31 2019,70745
Sat Jun 01 2019,70745
Sun Jun 02 2019,70745
Mon Jun 03 2019,70745
Tue Jun 04 2019,70745
Wed Jun 05 2019,70745
Thu Jun 06 2019,70745
Fri Jun 07 2019,70745
Sat Jun 08 2019,70745
Sun Jun 09 2019,70745
Mon Jun 10 2019,70745
Tue Jun 11 2019,70745
Wed Jun 12 2019,70745
Thu Jun 13 2019,70745
Fri Jun 14 2019,70745
Sat Jun 15 2019,70745
Sun Jun 16 2019,70745
Mon Jun 17 2019,70745
Tue Jun 18 2019,70745
Wed Jun 19 2019,70745
Thu Jun 20 2019,70745
Fri Jun 21 2019,70745
Sat Jun 22 2019,70745
Sun Jun 23 2019,70745
Mon Jun 24 2019,70745
Tue Jun 25 2019,70745
Wed Jun 26 2019,70745
Thu Jun 27 2019,70745
Fri Jun 28 2019,70745
Sat Jun 29 2019,70745
Sun Jun 30 2019,70745
Mon Jul 01 2019,70745
Tue Jul 02 2019,70745
Wed Jul 03 2019,70745
Thu Jul 04 2019,70745
Fri Jul 05 2019,70745
Sat Jul 06 2019,70745
Sun Jul 07 2019,70745
Mon Jul 08 2019,70745
Tue Jul 09 2019,70745
Wed Jul 10 2019,70745
Thu Jul 11 2019,70745
Fri Jul 12 2019,70745
Sat Jul 13 2019,70745
Sun Jul 14 2019,70745
Mon Jul 15 2019,70745
Tue Jul 16 2019,70745
Wed Jul 17 2019,70745
Thu Jul 18 2019,70745
Fri Jul 19 2019,70745
Sat Jul 20 2019,70745
Sun Jul 21 2019,70745
Mon Jul 22 2019,70745
Tue Jul 23 2019,70745
Wed Jul 24 2019,70745
Thu Jul 25 2019,70745
Fri Jul 26 2019,70745
Sat Jul 27 2019,70745
Sun Jul 28 2019,70745
Mon Jul 29 2019,70745
Tue Jul 30 2019,70745
Wed Jul 31 2019,70745
Thu Aug 01 2019,70745
Fri Aug 02 2019,70745
Sat Aug 03 2019,70745
Sun Aug 04 2019,70745
Mon Aug 05 2019,70745
Tue Aug 06 2019,70745
Wed Aug 07 2019,70745
Thu Aug 08 2019,70745
Fri Aug 09 2019,70745
Sat Aug 10 2019,70745
Sun Aug 11 2019,70745
Mon Aug 12 2019,70745
Tue Aug 13 2019,70745
Wed Aug 14 2019,70745
Thu Aug 15 2019,70745
Fri Aug 16 2019,70745
Sat Aug 17 2019,70745
Sun Aug 18 2019,70745
Mon Aug 19 2019,70745
Tue Aug 20 2019,70745
Wed Aug 21 2019,70745
Thu Aug 22 2019,70745
Fri Aug 23 2019,70745
Sat Aug 24 2019,70745
Sun Aug 25 2019,70745
Mon Aug 26 2019,70745
Tue Aug 27 2019,70745
Wed Aug 28 2019,70745
Thu Aug 29 2019,70745
Fri Aug 30 2019,70745
Sat Aug 31 2019,70745
Sun Sep 01 2019,70745
Mon Sep 02 2019,70745
Tue Sep 03 2019,70745
Wed Sep 04 2019,70745
Thu Sep 05 2019,70745
Fri Sep 06 2019,70745
Sat Sep 07 2019,70745
Sun Sep 08 2019,70745
Mon Sep 09 2019,70745
Tue Sep 10 2019,70745
Wed Sep 11 2019,70745
Thu Sep 12 2019,70745
Fri Sep 13 2019,70745
Sat Sep 14 2019,70745
Sun Sep 15 2019,70745
Mon Sep 16 2019,70745
Tue Sep 17 2019,70745
Wed Sep 18 2019,70745
Thu Sep 19 2019,70745
Fri Sep 20 2019,70745
Sat Sep 21 2019,70745
Sun Sep 22 2019,70745
Mon Sep 23 2019,70745
Tue Sep 24 2019,70745
Wed Sep 25 2019,70745
Thu Sep 26 2019,70745
Fri Sep 27 2019,70745
Sat Sep 28 2019,70745
Sun Sep 29 2019,70745
Mon Sep 30 2019,70745
Tue Oct 01 2019,70745
Wed Oct 02 2019,70745
Thu Oct 03 2019,70745
Fri Oct 04 2019,70745
Sat Oct 05 2019,70745
Sun Oct 06 2019,70745
Mon Oct 07 2019,70745
Tue Oct 08 2019,70745
Wed Oct 09 2019,70745
Thu Oct 10 2019,70745
Fri Oct 11 2019,70745
Sat Oct 12 2019,70745
Sun Oct 13 2019,70745
Mon Oct 14 2019,70745
Tue Oct 15 2019,70745
Wed Oct 16 2019,70745
Thu Oct 17 2019,70745
Fri Oct 18 2019,70745
Sat Oct 19 2019,70745
Sun Oct 20 2019,70745
Mon Oct 21 2019,70745
Tue Oct 22 2019,70745
Wed Oct 23 2019,70745
Thu Oct 24 2019,70745
Fri Oct 25 2019,70745
Sat Oct 26 2019,70745
Sun Oct 27 2019,70745
Mon Oct 28 2019,70745
Tue Oct 29 2019,70745
Wed Oct 30 2019,70745
Thu Oct 31 2019,70745
Fri Nov 01 2019,70745
Sat Nov 02 2019,70745
Sun Nov 03 2019,70745
Mon Nov 04 2019,70745
Tue Nov 05 2019,70745
Wed Nov 06 2019,70745
Thu Nov 07 2019,74845
Fri Nov 08 2019,74845
Sat Nov 09 2019,74845
Sun Nov 10 2019,74845
Mon Nov 11 2019,74845
Tue Nov 12 2019,74845
Wed Nov 13 2019,74845
Thu Nov 14 2019,74845
Fri Nov 15 2019,74845
Sat Nov 16 2019,74845
Sun Nov 17 2019,74845
Mon Nov 18 2019,74845
Tue Nov 19 2019,74845
Wed Nov 20 2019,74845
Thu Nov 21 2019,74845
Fri Nov 22 2019,74845
Sat Nov 23 2019,74845
Sun Nov 24 2019,74845
Mon Nov 25 2019,74845
Tue Nov 26 2019,74845
Wed Nov 27 2019,74845
Thu Nov 28 2019,74845
Fri Nov 29 2019,74845
Sat Nov 30 2019,74845
Sun Dec 01 2019,74845
Mon Dec 02 2019,74845
Tue Dec 03 2019,74845
Wed Dec 04 2019,74845
Thu Dec 05 2019,74845
Fri Dec 06 2019,74845
Sat Dec 07 2019,74845
Sun Dec 08 2019,74845
Mon Dec 09 2019,74845
Tue Dec 10 2019,74845
Wed Dec 11 2019,74845
Thu Dec 12 2019,74845
Fri Dec 13 2019,74845
Sat Dec 14 2019,74845
Sun Dec 15 2019,74845
Mon Dec 16 2019,74845
Tue Dec 17 2019,74845
Wed Dec 18 2019,74845
Thu Dec 19 2019,74845
Fri Dec 20 2019,74845
Sat Dec 21 2019,74845
Sun Dec 22 2019,74845
Mon Dec 23 2019,74845
Tue Dec 24 2019,74845
Wed Dec 25 2019,74845
Thu Dec 26 2019,74845
Fri Dec 27 2019,74845
Sat Dec 28 2019,74845
Sun Dec 29 2019,74845
Mon Dec 30 2019,74845
Tue Dec 31 2019,74845
Wed Jan 01 2020,74845
Thu Jan 02 2020,74845
Fri Jan 03 2020,74845
Sat Jan 04 2020,74845
Sun Jan 05 2020,74845
Mon Jan 06 2020,74845
Tue Jan 07 2020,74845
Wed Jan 08 2020,74845
Thu Jan 09 2020,74845
Fri Jan 10 2020,74845
Sat Jan 11 2020,74845
Sun Jan 12 2020,74845
Mon Jan 13 2020,74845
Tue Jan 14 2020,74845
Wed Jan 15 2020,74845
Thu Jan 16 2020,84088
Fri Jan 17 2020,84088
Sat Jan 18 2020,84088
Sun Jan 19 2020,84088
Mon Jan 20 2020,84088
Tue Jan 21 2020,84088
Wed Jan 22 2020,84088
Thu Jan 23 2020,84088
Fri Jan 24 2020,84088
Sat Jan 25 2020,84088
Sun Jan 26 2020,84088
Mon Jan 27 2020,84088
Tue Jan 28 2020,84088
Wed Jan 29 2020,84088
Thu Jan 30 2020,84088
Fri Jan 31 2020,84088
Sat Feb 01 2020,84088
Sun Feb 02 2020,84088
Mon Feb 03 2020,84088
Tue Feb 04 2020,84088
Wed Feb 05 2020,84088
Thu Feb 06 2020,84088
Fri Feb 07 2020,84088
Sat Feb 08 2020,84088
Sun Feb 09 2020,84088
Mon Feb 10 2020,84088
Tue Feb 11 2020,84088
Wed Feb 12 2020,84088
Thu Feb 13 2020,84088
Fri Feb 14 2020,84088
Sat Feb 15 2020,84088
Sun Feb 16 2020,84088
Mon Feb 17 2020,84088
Tue Feb 18 2020,84088
Wed Feb 19 2020,84088
Thu Feb 20 2020,84088
Fri Feb 21 2020,84088
Sat Feb 22 2020,84088
Sun Feb 23 2020,84088
Mon Feb 24 2020,84088
Tue Feb 25 2020,84088
Wed Feb 26 2020,84088
Thu Feb 27 2020,84088
Fri Feb 28 2020,84088
Sat Feb 29 2020,84088
Sun Mar 01 2020,84088
Mon Mar 02 2020,84088
Tue Mar 03 2020,84088
Wed Mar 04 2020,84088
Thu Mar 05 2020,84088
Fri Mar 06 2020,84088
Sat Mar 07 2020,84088
Sun Mar 08 2020,84088
Mon Mar 09 2020,84088
Tue Mar 10 2020,84088
Wed Mar 11 2020,84088
Thu Mar 12 2020,84088
Fri Mar 13 2020,84088
Sat Mar 14 2020,84088
Sun Mar 15 2020,84088
Mon Mar 16 2020,84088
Tue Mar 17 2020,84088
Wed Mar 18 2020,84088
Thu Mar 19 2020,84088
Fri Mar 20 2020,84088
Sat Mar 21 2020,84088
Sun Mar 22 2020,84088
Mon Mar 23 2020,84088
Tue Mar 24 2020,84088
Wed Mar 25 2020,84088
Thu Mar 26 2020,84088
Fri Mar 27 2020,84088
Sat Mar 28 2020,84088
Sun Mar 29 2020,84088
Mon Mar 30 2020,84088
Tue Mar 31 2020,84088
Wed Apr 01 2020,84088
Thu Apr 02 2020,84088
Fri Apr 03 2020,84088
Sat Apr 04 2020,84088
Sun Apr 05 2020,84088
Mon Apr 06 2020,84088
Tue Apr 07 2020,84088
Wed Apr 08 2020,84088
Thu Apr 09 2020,84088
Fri Apr 10 2020,84088
Sat Apr 11 2020,84222
Sun Apr 12 2020,84222
Mon Apr 13 2020,84222
Tue Apr 14 2020,84222
Wed Apr 15 2020,84222
Thu Apr 16 2020,84222
Fri Apr 17 2020,84222
Sat Apr 18 2020,84222
Sun Apr 19 2020,84222
Mon Apr 20 2020,84222
Tue Apr 21 2020,84222
Wed Apr 22 2020,84222
Thu Apr 23 2020,78975
Fri Apr 24 2020,78975
Sat Apr 25 2020,78975
Sun Apr 26 2020,78975
Mon Apr 27 2020,78975
Tue Apr 28 2020,78975
Wed Apr 29 2020,78975
Thu Apr 30 2020,78975
Fri May 01 2020,78975
Sat May 02 2020,81952
Sun May 03 2020,81952
Mon May 04 2020,81952
Tue May 05 2020,81952
Wed May 06 2020,81952
Thu May 07 2020,81952
Fri May 08 2020,81952
Sat May 09 2020,81952
Sun May 10 2020,81952
Mon May 11 2020,81952
Tue May 12 2020,81952
Wed May 13 2020,81952
Thu May 14 2020,81952
Fri May 15 2020,81952
Sat May 16 2020,81673
Sun May 17 2020,81673
Mon May 18 2020,81673
Tue May 19 2020,81673
Wed May 20 2020,81673
Thu May 21 2020,81673
Fri May 22 2020,84225
Sat May 23 2020,84225
Sun May 24 2020,84225
Mon May 25 2020,84225
Tue May 26 2020,84225
Wed May 27 2020,84225
Thu May 28 2020,84225
Fri May 29 2020,84225
Sat May 30 2020,84225
Sun May 31 2020,84225
Mon Jun 01 2020,84225
Tue Jun 02 2020,84225
Wed Jun 03 2020,84225
Thu Jun 04 2020,84225
Fri Jun 05 2020,84225
Sat Jun 06 2020,84225
Sun Jun 07 2020,84225
Mon Jun 08 2020,84225
Tue Jun 09 2020,84225
Wed Jun 10 2020,84225
Thu Jun 11 2020,84225
Fri Jun 12 2020,84225
Sat Jun 13 2020,84225
Sun Jun 14 2020,84225
Mon Jun 15 2020,84225
Tue Jun 16 2020,84225
Wed Jun 17 2020,84225
Thu Jun 18 2020,84225
Fri Jun 19 2020,84225
Sat Jun 20 2020,84225
Sun Jun 21 2020,84225
Mon Jun 22 2020,84225
Tue Jun 23 2020,84225
Wed Jun 24 2020,84225
Thu Jun 25 2020,84225
Fri Jun 26 2020,84225
Sat Jun 27 2020,84225
Sun Jun 28 2020,84225
Mon Jun 29 2020,84225
Tue Jun 30 2020,84225
Wed Jul 01 2020,84225
Thu Jul 02 2020,84225
Fri Jul 03 2020,84225
Sat Jul 04 2020,84225
Sun Jul 05 2020,84225
Mon Jul 06 2020,84225
Tue Jul 07 2020,84225
Wed Jul 08 2020,84225
Thu Jul 09 2020,84225
Fri Jul 10 2020,84225
Sat Jul 11 2020,84225
Sun Jul 12 2020,84225
Mon Jul 13 2020,84225
Tue Jul 14 2020,84225
Wed Jul 15 2020,84225
Thu Jul 16 2020,84225
Fri Jul 17 2020,84225
Sat Jul 18 2020,84225
Sun Jul 19 2020,84225
Mon Jul 20 2020,84225
Tue Jul 21 2020,84225
Wed Jul 22 2020,84225
Thu Jul 23 2020,84225
Fri Jul 24 2020,84225
Sat Jul 25 2020,84225
Sun Jul 26 2020,84225
Mon Jul 27 2020,84225
Tue Jul 28 2020,84225
Wed Jul 29 2020,84225
Thu Jul 30 2020,84225
Fri Jul 31 2020,84225
Sat Aug 01 2020,84225
Sun Aug 02 2020,84225
Mon Aug 03 2020,84225
Tue Aug 04 2020,84225
Wed Aug 05 2020,84225
Thu Aug 06 2020,84225
Fri Aug 07 2020,84225
Sat Aug 08 2020,84225
Sun Aug 09 2020,84225
Mon Aug 10 2020,84225
Tue Aug 11 2020,84225
Wed Aug 12 2020,84225
Thu Aug 13 2020,84225
Fri Aug 14 2020,84225
Sat Aug 15 2020,84225
Sun Aug 16 2020,84225
Mon Aug 17 2020,84225
Tue Aug 18 2020,84225
Wed Aug 19 2020,84225
Thu Aug 20 2020,84225
Fri Aug 21 2020,84225
Sat Aug 22 2020,84225
Sun Aug 23 2020,84225
Mon Aug 24 2020,84225
Tue Aug 25 2020,84225
Wed Aug 26 2020,84225
Thu Aug 27 2020,84225
Fri Aug 28 2020,84225
Sat Aug 29 2020,84225
Sun Aug 30 2020,84225
Mon Aug 31 2020,84225
Tue Sep 01 2020,84225
Wed Sep 02 2020,84225
Thu Sep 03 2020,84225
Fri Sep 04 2020,84225
Sat Sep 05 2020,84180
Sun Sep 06 2020,84180
Mon Sep 07 2020,84180
Tue Sep 08 2020,84180
Wed Sep 09 2020,84180
Thu Sep 10 2020,84180
Fri Sep 11 2020,84180
Sat Sep 12 2020,84180
Sun Sep 13 2020,84180
Mon Sep 14 2020,84180
Tue Sep 15 2020,84180
Wed Sep 16 2020,84180
Thu Sep 17 2020,84180
Fri Sep 18 2020,84180
Sat Sep 19 2020,84180
Sun Sep 20 2020,84180
Mon Sep 21 2020,84180
Tue Sep 22 2020,84180
Wed Sep 23 2020,84180
Thu Sep 24 2020,84180
Fri Sep 25 2020,84180
Sat Sep 26 2020,84180
Sun Sep 27 2020,84180
Mon Sep 28 2020,84180
Tue Sep 29 2020,84180
Wed Sep 30 2020,84180
Thu Oct 01 2020,84180
Fri Oct 02 2020,85141
Sat Oct 03 2020,134168
Sun Oct 04 2020,134168
Mon Oct 05 2020,134168
Tue Oct 06 2020,134168
Wed Oct 07 2020,134168
Thu Oct 08 2020,134168
Fri Oct 09 2020,134168
Sat Oct 10 2020,150653
Sun Oct 11 2020,150653
Mon Oct 12 2020,150653
Tue Oct 13 2020,150691
Wed Oct 14 2020,150691
Thu Oct 15 2020,150691
Fri Oct 16 2020,152028
Sat Oct 17 2020,152028
Sun Oct 18 2020,152028
Mon Oct 19 2020,152028
Tue Oct 20 2020,151737
Wed Oct 21 2020,151375
Thu Oct 22 2020,151375
Fri Oct 23 2020,152574
Sat Oct 24 2020,152098
Sun Oct 25 2020,152098
Mon Oct 26 2020,152098
Tue Oct 27 2020,152098
Wed Oct 28 2020,153761
Thu Oct 29 2020,153761
Fri Oct 30 2020,153075
Sat Oct 31 2020,153397
Sun Nov 01 2020,154457
Mon Nov 02 2020,154457
Tue Nov 03 2020,154457
Wed Nov 04 2020,154457
Thu Nov 05 2020,157293
Fri Nov 06 2020,157293
Sat Nov 07 2020,157293
Sun Nov 08 2020,157252
Mon Nov 09 2020,157252
Tue Nov 10 2020,157252
Wed Nov 11 2020,157252
Thu Nov 12 2020,157261
Fri Nov 13 2020,157261
Sat Nov 14 2020,157441
Sun Nov 15 2020,157441
Mon Nov 16 2020,157441
Tue Nov 17 2020,156037
Wed Nov 18 2020,156203
Thu Nov 19 2020,156203
Fri Nov 20 2020,158336
Sat Nov 21 2020,158336
Sun Nov 22 2020,158413
Mon Nov 23 2020,158154
Tue Nov 24 2020,158154
Wed Nov 25 2020,158154
Thu Nov 26 2020,158154
Fri Nov 27 2020,157079
Sat Nov 28 2020,157079
Sun Nov 29 2020,157456
Mon Nov 30 2020,159493
Tue Dec 01 2020,159493
Wed Dec 02 2020,159493
Thu Dec 03 2020,159493
Fri Dec 04 2020,159493
Sat Dec 05 2020,159493
Sun Dec 06 2020,160295
Mon Dec 07 2020,160295
Tue Dec 08 2020,160295
Wed Dec 09 2020,159108
Thu Dec 10 2020,159108
Fri Dec 11 2020,159108
Sat Dec 12 2020,161022
Sun Dec 13 2020,161022
Mon Dec 14 2020,161318
Tue Dec 15 2020,161318
Wed Dec 16 2020,161450
Thu Dec 17 2020,161450
Fri Dec 18 2020,161450
Sat Dec 19 2020,161450
Sun Dec 20 2020,161450
Mon Dec 21 2020,162992
Tue Dec 22 2020,161816
Wed Dec 23 2020,161767
Thu Dec 24 2020,161767
Fri Dec 25 2020,161767
Sat Dec 26 2020,161767
Sun Dec 27 2020,161767
Mon Dec 28 2020,161901
Tue Dec 29 2020,161901
Wed Dec 30 2020,162672
Thu Dec 31 2020,162672
Fri Jan 01 2021,162672
Sat Jan 02 2021,162761
Sun Jan 03 2021,163241
Mon Jan 04 2021,161146
Tue Jan 05 2021,161146
Wed Jan 06 2021,161146
Thu Jan 07 2021,161146
Fri Jan 08 2021,160659
Sat Jan 09 2021,160659
Sun Jan 10 2021,160659
Mon Jan 11 2021,158218
Tue Jan 12 2021,158218
Wed Jan 13 2021,158297
Thu Jan 14 2021,158297
Fri Jan 15 2021,158297
Sat Jan 16 2021,162998
Sun Jan 17 2021,162998
Mon Jan 18 2021,162998
Tue Jan 19 2021,162998
Wed Jan 20 2021,162998
Thu Jan 21 2021,162998
Fri Jan 22 2021,163684
Sat Jan 23 2021,163684
Sun Jan 24 2021,165096
Mon Jan 25 2021,165002
Tue Jan 26 2021,166626
Wed Jan 27 2021,166626
Thu Jan 28 2021,166550
Fri Jan 29 2021,166550
Sat Jan 30 2021,166444
Sun Jan 31 2021,166532
Mon Feb 01 2021,167780
Tue Feb 02 2021,167780
Wed Feb 03 2021,167512
Thu Feb 04 2021,167512
Fri Feb 05 2021,167512
Sat Feb 06 2021,167512
Sun Feb 07 2021,167357
Mon Feb 08 2021,167357
Tue Feb 09 2021,167746
Wed Feb 10 2021,167746
Thu Feb 11 2021,169020
Fri Feb 12 2021,168507
Sat Feb 13 2021,168035
Sun Feb 14 2021,168035
Mon Feb 15 2021,168035
Tue Feb 16 2021,167991
Wed Feb 17 2021,167581
Thu Feb 18 2021,168344
Fri Feb 19 2021,168344
Sat Feb 20 2021,168344
Sun Feb 21 2021,168344
Mon Feb 22 2021,168344
Tue Feb 23 2021,168847
Wed Feb 24 2021,168847
Thu Feb 25 2021,168806
Fri Feb 26 2021,169276
Sat Feb 27 2021,169276
Sun Feb 28 2021,169276
Mon Mar 01 2021,168998
Tue Mar 02 2021,169395
Wed Mar 03 2021,169318
Thu Mar 04 2021,170222
Fri Mar 05 2021,170222
Sat Mar 06 2021,170222
Sun Mar 07 2021,170222
Mon Mar 08 2021,169756
Tue Mar 09 2021,169757
Wed Mar 10 2021,170817
Thu Mar 11 2021,170817
Fri Mar 12 2021,170656
Sat Mar 13 2021,170656
Sun Mar 14 2021,170656
Mon Mar 15 2021,171302
Tue Mar 16 2021,171339
Wed Mar 17 2021,171339
Thu Mar 18 2021,171339
Fri Mar 19 2021,171339
Sat Mar 20 2021,171339
Sun Mar 21 2021,171339
Mon Mar 22 2021,171339
Tue Mar 23 2021,171339
Wed Mar 24 2021,171339
Thu Mar 25 2021,171219
Fri Mar 26 2021,174428
Sat Mar 27 2021,174457
Sun Mar 28 2021,174457
Mon Mar 29 2021,174457
Tue Mar 30 2021,173485
Wed Mar 31 2021,173818
Thu Apr 01 2021,173818
Fri Apr 02 2021,173818
Sat Apr 03 2021,174685
Sun Apr 04 2021,174685
Mon Apr 05 2021,174685
Tue Apr 06 2021,174685
Wed Apr 07 2021,175660
Thu Apr 08 2021,175761
Fri Apr 09 2021,176598
Sat Apr 10 2021,177561
Sun Apr 11 2021,177561
Mon Apr 12 2021,177561
Tue Apr 13 2021,180124
Wed Apr 14 2021,178737
Thu Apr 15 2021,178737
Fri Apr 16 2021,179742
Sat Apr 17 2021,179679
Sun Apr 18 2021,179679
Mon Apr 19 2021,181420
Tue Apr 20 2021,181962
Wed Apr 21 2021,181962
Thu Apr 22 2021,182614
Fri Apr 23 2021,183249
Sat Apr 24 2021,183249
Sun Apr 25 2021,183249
Mon Apr 26 2021,183249
Tue Apr 27 2021,185578
Wed Apr 28 2021,185578
Thu Apr 29 2021,185578
Fri Apr 30 2021,185647
Sat May 01 2021,185647
Sun May 02 2021,185647
Mon May 03 2021,185647
Tue May 04 2021,185647
Wed May 05 2021,185647
Thu May 06 2021,187922
Fri May 07 2021,188561
Sat May 08 2021,188561
Sun May 09 2021,189626
Mon May 10 2021,189626
Tue May 11 2021,189726
Wed May 12 2021,189726
Thu May 13 2021,189726
Fri May 14 2021,190883
Sat May 15 2021,190883
Sun May 16 2021,190883
Mon May 17 2021,192287
Tue May 18 2021,192287
Wed May 19 2021,194991
Thu May 20 2021,194991
Fri May 21 2021,193604
Sat May 22 2021,193604
Sun May 23 2021,193604
Mon May 24 2021,193604
Tue May 25 2021,193604
Wed May 26 2021,193604
Thu May 27 2021,193604
Fri May 28 2021,196939
Sat May 29 2021,196135
Sun May 30 2021,196135
Mon May 31 2021,196135
Tue Jun 01 2021,202860
Wed Jun 02 2021,204241
Thu Jun 03 2021,204241
Fri Jun 04 2021,210937
Sat Jun 05 2021,215131
Sun Jun 06 2021,215131
Mon Jun 07 2021,215131
Tue Jun 08 2021,215131
Wed Jun 09 2021,216797
Thu Jun 10 2021,217650
Fri Jun 11 2021,218659
Sat Jun 12 2021,218659
Sun Jun 13 2021,218659
Mon Jun 14 2021,218659
Tue Jun 15 2021,222628
Wed Jun 16 2021,222628
Thu Jun 17 2021,225394
Fri Jun 18 2021,225394
Sat Jun 19 2021,225394
Sun Jun 20 2021,225394
Mon Jun 21 2021,225394
Tue Jun 22 2021,225394
Wed Jun 23 2021,221665
Thu Jun 24 2021,221665
Fri Jun 25 2021,221823
Sat Jun 26 2021,221823
Sun Jun 27 2021,221823
Mon Jun 28 2021,221823
Tue Jun 29 2021,221823
Wed Jun 30 2021,221823
Thu Jul 01 2021,225624
Fri Jul 02 2021,223800
Sat Jul 03 2021,223800
Sun Jul 04 2021,228928
Mon Jul 05 2021,228928
Tue Jul 06 2021,229620
Wed Jul 07 2021,229620
Thu Jul 08 2021,229620
Fri Jul 09 2021,229563
Sat Jul 10 2021,229563
Sun Jul 11 2021,229604
Mon Jul 12 2021,230499
Tue Jul 13 2021,231400
Wed Jul 14 2021,231400
Thu Jul 15 2021,232222
Fri Jul 16 2021,232222
Sat Jul 17 2021,232222
Sun Jul 18 2021,232222
Mon Jul 19 2021,232222
Tue Jul 20 2021,232303
Wed Jul 21 2021,233188
Thu Jul 22 2021,233188
Fri Jul 23 2021,233188
Sat Jul 24 2021,233188
Sun Jul 25 2021,232937
Mon Jul 26 2021,232937
Tue Jul 27 2021,232937
Wed Jul 28 2021,232937
Thu Jul 29 2021,232937
Fri Jul 30 2021,230351
Sat Jul 31 2021,230351
Sun Aug 01 2021,230351
Mon Aug 02 2021,230351
Tue Aug 03 2021,231400
Wed Aug 04 2021,231145
Thu Aug 05 2021,231910
Fri Aug 06 2021,231430
Sat Aug 07 2021,231511
Sun Aug 08 2021,231511
Mon Aug 09 2021,231511
Tue Aug 10 2021,232060
Wed Aug 11 2021,232060
Thu Aug 12 2021,232060
Fri Aug 13 2021,233034
Sat Aug 14 2021,233034
Sun Aug 15 2021,233034
Mon Aug 16 2021,233034
Tue Aug 17 2021,231985
Wed Aug 18 2021,231766
Thu Aug 19 2021,231766
Fri Aug 20 2021,232806
Sat Aug 21 2021,232806
Sun Aug 22 2021,232806
Mon Aug 23 2021,232806
Tue Aug 24 2021,232806
Wed Aug 25 2021,232806
Thu Aug 26 2021,232806
Fri Aug 27 2021,230919
Sat Aug 28 2021,234341
Sun Aug 29 2021,234341
Mon Aug 30 2021,234145
Tue Aug 31 2021,232790
Wed Sep 01 2021,232790
Thu Sep 02 2021,232790
Fri Sep 03 2021,230983
Sat Sep 04 2021,227806
Sun Sep 05 2021,227806
Mon Sep 06 2021,227622
Tue Sep 07 2021,227622
Wed Sep 08 2021,227622
Thu Sep 09 2021,227622
Fri Sep 10 2021,231042
Sat Sep 11 2021,231042
Sun Sep 12 2021,231042
Mon Sep 13 2021,231042
Tue Sep 14 2021,229208
Wed Sep 15 2021,229208
Thu Sep 16 2021,230277
Fri Sep 17 2021,227459
Sat Sep 18 2021,227459
Sun Sep 19 2021,227459
Mon Sep 20 2021,227459
Tue Sep 21 2021,227459
Wed Sep 22 2021,225585
Thu Sep 23 2021,225585
Fri Sep 24 2021,225863
Sat Sep 25 2021,225863
Sun Sep 26 2021,225863
Mon Sep 27 2021,225914
Tue Sep 28 2021,228604
Wed Sep 29 2021,231124
Thu Sep 30 2021,232216
Fri Oct 01 2021,232755
Sat Oct 02 2021,232815
Sun Oct 03 2021,234508
Mon Oct 04 2021,234508
Tue Oct 05 2021,240529
Wed Oct 06 2021,241461
Thu Oct 07 2021,243303
Fri Oct 08 2021,245840
Sat Oct 09 2021,245840
Sun Oct 10 2021,245840
Mon Oct 11 2021,245927
Tue Oct 12 2021,246598
Wed Oct 13 2021,246598
Thu Oct 14 2021,246598
Fri Oct 15 2021,246598
Sat Oct 16 2021,245992
Sun Oct 17 2021,245992
Mon Oct 18 2021,245992
Tue Oct 19 2021,246038
Wed Oct 20 2021,246890
Thu Oct 21 2021,246948
Fri Oct 22 2021,247162
Sat Oct 23 2021,245971
Sun Oct 24 2021,246036
Mon Oct 25 2021,247107
Tue Oct 26 2021,246515
Wed Oct 27 2021,246515
Thu Oct 28 2021,246515
Fri Oct 29 2021,246515
Sat Oct 30 2021,246700
Sun Oct 31 2021,246700
Mon Nov 01 2021,246099
Tue Nov 02 2021,246530
Wed Nov 03 2021,246530
Thu Nov 04 2021,247621
Fri Nov 05 2021,247630
Sat Nov 06 2021,247630
Sun Nov 07 2021,247630
Mon Nov 08 2021,247630
Tue Nov 09 2021,247630
Wed Nov 10 2021,244591
Thu Nov 11 2021,246987
Fri Nov 12 2021,246366
Sat Nov 13 2021,245619
Sun Nov 14 2021,245619
Mon Nov 15 2021,246612
Tue Nov 16 2021,243512
Wed Nov 17 2021,243785
Thu Nov 18 2021,242593
Fri Nov 19 2021,242593
Sat Nov 20 2021,242593
Sun Nov 21 2021,240937
Mon Nov 22 2021,240937
Tue Nov 23 2021,242426
Wed Nov 24 2021,242426
Thu Nov 25 2021,242426
Fri Nov 26 2021,241492
Sat Nov 27 2021,241492
Sun Nov 28 2021,242394
Mon Nov 29 2021,242394
Tue Nov 30 2021,242336
Wed Dec 01 2021,242336
Thu Dec 02 2021,240089
Fri Dec 03 2021,240089
Sat Dec 04 2021,239916
Sun Dec 05 2021,239916
Mon Dec 06 2021,239916
Tue Dec 07 2021,239916
Wed Dec 08 2021,240808
Thu Dec 09 2021,240539
Fri Dec 10 2021,239791
Sat Dec 11 2021,238960
Sun Dec 12 2021,238960
Mon Dec 13 2021,238960
Tue Dec 14 2021,239413
Wed Dec 15 2021,241026
Thu Dec 16 2021,238899
Fri Dec 17 2021,239741
Sat Dec 18 2021,240708
Sun Dec 19 2021,240708
Mon Dec 20 2021,240708
Tue Dec 21 2021,240708
Wed Dec 22 2021,240708
Thu Dec 23 2021,242785
Fri Dec 24 2021,242785
Sat Dec 25 2021,242785
Sun Dec 26 2021,242785
Mon Dec 27 2021,242444
Tue Dec 28 2021,242444
Wed Dec 29 2021,244674
Thu Dec 30 2021,260321
Fri Dec 31 2021,260579
Sat Jan 01 2022,260579
Sun Jan 02 2022,260992
Mon Jan 03 2022,260469
Tue Jan 04 2022,260469
Wed Jan 05 2022,260448
Thu Jan 06 2022,260448
Fri Jan 07 2022,260988
Sat Jan 08 2022,260988
Sun Jan 09 2022,260988
Mon Jan 10 2022,260988
Tue Jan 11 2022,260988
Wed Jan 12 2022,261185
Thu Jan 13 2022,263403
Fri Jan 14 2022,263403
Sat Jan 15 2022,263403
Sun Jan 16 2022,263403
Mon Jan 17 2022,263403
Tue Jan 18 2022,263403
Wed Jan 19 2022,263403
Thu Jan 20 2022,265217
Fri Jan 21 2022,265217
Sat Jan 22 2022,265217
Sun Jan 23 2022,266755
Mon Jan 24 2022,266755
Tue Jan 25 2022,266755
Wed Jan 26 2022,266755
Thu Jan 27 2022,266755
Fri Jan 28 2022,266755
Sat Jan 29 2022,266755
Sun Jan 30 2022,266755
Mon Jan 31 2022,267820
Tue Feb 01 2022,267820
Wed Feb 02 2022,268618
Thu Feb 03 2022,268618
Fri Feb 04 2022,269616
Sat Feb 05 2022,269616
Sun Feb 06 2022,269616
Mon Feb 07 2022,269385
Tue Feb 08 2022,269385
Wed Feb 09 2022,269385
Thu Feb 10 2022,275899
Fri Feb 11 2022,275899
Sat Feb 12 2022,280660
Sun Feb 13 2022,282337
Mon Feb 14 2022,282337
Tue Feb 15 2022,282337
Wed Feb 16 2022,282337
Thu Feb 17 2022,282753
Fri Feb 18 2022,290953
Sat Feb 19 2022,290953
Sun Feb 20 2022,290953
Mon Feb 21 2022,293494
Tue Feb 22 2022,293494
Wed Feb 23 2022,293494
Thu Feb 24 2022,293494
Fri Feb 25 2022,293494
Sat Feb 26 2022,293494
Sun Feb 27 2022,293494
Mon Feb 28 2022,295868
Tue Mar 01 2022,295868
Wed Mar 02 2022,295868
Thu Mar 03 2022,306851
Fri Mar 04 2022,310453
Sat Mar 05 2022,310453
Sun Mar 06 2022,314378
Mon Mar 07 2022,314378
Tue Mar 08 2022,314378
Wed Mar 09 2022,314378
Thu Mar 10 2022,314378
Fri Mar 11 2022,315141
Sat Mar 12 2022,315141
Sun Mar 13 2022,315141
Mon Mar 14 2022,315141
Tue Mar 15 2022,318914
Wed Mar 16 2022,322542
Thu Mar 17 2022,322542
Fri Mar 18 2022,322542
Sat Mar 19 2022,322542
Sun Mar 20 2022,322542
Mon Mar 21 2022,322542
Tue Mar 22 2022,322542
Wed Mar 23 2022,322542
Thu Mar 24 2022,324835
Fri Mar 25 2022,326472
Sat Mar 26 2022,326472
Sun Mar 27 2022,326472
Mon Mar 28 2022,326472
Tue Mar 29 2022,328588
Wed Mar 30 2022,330585
Thu Mar 31 2022,330585
Fri Apr 01 2022,330585
Sat Apr 02 2022,330585
Sun Apr 03 2022,330585
Mon Apr 04 2022,330585
Tue Apr 05 2022,330585
Wed Apr 06 2022,330585
Thu Apr 07 2022,330585
Fri Apr 08 2022,330585
Sat Apr 09 2022,330585
Sun Apr 10 2022,330585
Mon Apr 11 2022,330585
Tue Apr 12 2022,330585
Wed Apr 13 2022,348066
Thu Apr 14 2022,332619
Fri Apr 15 2022,332619
Sat Apr 16 2022,332619
Sun Apr 17 2022,332619
Mon Apr 18 2022,332619
Tue Apr 19 2022,332619
Wed Apr 20 2022,330633
Thu Apr 21 2022,331344
Fri Apr 22 2022,320524
Sat Apr 23 2022,320524
Sun Apr 24 2022,320524
Mon Apr 25 2022,320524
Tue Apr 26 2022,320524
Wed Apr 27 2022,320524
Thu Apr 28 2022,314629
Fri Apr 29 2022,314629
Sat Apr 30 2022,306349
Sun May 01 2022,303449
Mon May 02 2022,303449
Tue May 03 2022,303025
Wed May 04 2022,303025
Thu May 05 2022,303025
Fri May 06 2022,297146
Sat May 07 2022,295129
Sun May 08 2022,295129
Mon May 09 2022,295129
Tue May 10 2022,295129
Wed May 11 2022,295129
Thu May 12 2022,295129
Fri May 13 2022,295129
Sat May 14 2022,291532
Sun May 15 2022,288728
Mon May 16 2022,288728
Tue May 17 2022,288728
Wed May 18 2022,288728
Thu May 19 2022,287808
Fri May 20 2022,280236
Sat May 21 2022,279337
Sun May 22 2022,279337
Mon May 23 2022,273426
Tue May 24 2022,273387
Wed May 25 2022,276533
Thu May 26 2022,276533
Fri May 27 2022,291168
Sat May 28 2022,291168
Sun May 29 2022,291168
Mon May 30 2022,291168
Tue May 31 2022,297260
Wed Jun 01 2022,297260
Thu Jun 02 2022,296963
Fri Jun 03 2022,300612
Sat Jun 04 2022,300612
Sun Jun 05 2022,300612
Mon Jun 06 2022,300612
Tue Jun 07 2022,300612
Wed Jun 08 2022,297382
Thu Jun 09 2022,297382
Fri Jun 10 2022,297382
Sat Jun 11 2022,296289
Sun Jun 12 2022,297351
Mon Jun 13 2022,297351
Tue Jun 14 2022,297351
Wed Jun 15 2022,295219
Thu Jun 16 2022,295985
Fri Jun 17 2022,295985
Sat Jun 18 2022,291940
Sun Jun 19 2022,291940
Mon Jun 20 2022,288811
Tue Jun 21 2022,288027
Wed Jun 22 2022,288239
Thu Jun 23 2022,289358
Fri Jun 24 2022,274027
Sat Jun 25 2022,274027
Sun Jun 26 2022,274389
Mon Jun 27 2022,274389
Tue Jun 28 2022,274389
Wed Jun 29 2022,274974
Thu Jun 30 2022,288436
Fri Jul 01 2022,288436
Sat Jul 02 2022,288601
Sun Jul 03 2022,285835
Mon Jul 04 2022,285835
Tue Jul 05 2022,285835
Wed Jul 06 2022,287611
Thu Jul 07 2022,287202
Fri Jul 08 2022,287202
Sat Jul 09 2022,286186
Sun Jul 10 2022,286186
Mon Jul 11 2022,286186
Tue Jul 12 2022,286186
Wed Jul 13 2022,286186
Thu Jul 14 2022,285908
Fri Jul 15 2022,286852
Sat Jul 16 2022,285999
Sun Jul 17 2022,285999
Mon Jul 18 2022,285999
Tue Jul 19 2022,285999
Wed Jul 20 2022,282994
Thu Jul 21 2022,285569
Fri Jul 22 2022,283465
Sat Jul 23 2022,283465
Sun Jul 24 2022,282107
Mon Jul 25 2022,269975
Tue Jul 26 2022,264814
Wed Jul 27 2022,263885
Thu Jul 28 2022,263885
Fri Jul 29 2022,267320
Sat Jul 30 2022,263285
Sun Jul 31 2022,263285
Mon Aug 01 2022,263285
Tue Aug 02 2022,263285
Wed Aug 03 2022,266305
Thu Aug 04 2022,264145
Fri Aug 05 2022,262398
Sat Aug 06 2022,262398
Sun Aug 07 2022,262398
Mon Aug 08 2022,262398
Tue Aug 09 2022,261832
Wed Aug 10 2022,264073
Thu Aug 11 2022,262569
Fri Aug 12 2022,256691
Sat Aug 13 2022,258682
Sun Aug 14 2022,258682
Mon Aug 15 2022,258682
Tue Aug 16 2022,258682
Wed Aug 17 2022,258682
Thu Aug 18 2022,257664
Fri Aug 19 2022,257664
Sat Aug 20 2022,257664
Sun Aug 21 2022,260521
Mon Aug 22 2022,260521
Tue Aug 23 2022,259590
Wed Aug 24 2022,259336
Thu Aug 25 2022,256068
Fri Aug 26 2022,256068
Sat Aug 27 2022,256068
Sun Aug 28 2022,255527
Mon Aug 29 2022,251669
Tue Aug 30 2022,251669
Wed Aug 31 2022,251669
Thu Sep 01 2022,251669
Fri Sep 02 2022,251669
Sat Sep 03 2022,249185
Sun Sep 04 2022,249185
Mon Sep 05 2022,249185
Tue Sep 06 2022,248723
Wed Sep 07 2022,248723
Thu Sep 08 2022,248723
Fri Sep 09 2022,249763
Sat Sep 10 2022,248707
Sun Sep 11 2022,248707
Mon Sep 12 2022,247127
Tue Sep 13 2022,247346
Wed Sep 14 2022,246798
Thu Sep 15 2022,246798
Fri Sep 16 2022,245354
Sat Sep 17 2022,245354
Sun Sep 18 2022,240827
Mon Sep 19 2022,240827
Tue Sep 20 2022,240700
Wed Sep 21 2022,240700
Thu Sep 22 2022,240700
Fri Sep 23 2022,239276
Sat Sep 24 2022,239580
Sun Sep 25 2022,239580
Mon Sep 26 2022,239580
Tue Sep 27 2022,239580
Wed Sep 28 2022,239580
Thu Sep 29 2022,239580
Fri Sep 30 2022,240278
Sat Oct 01 2022,240278
Sun Oct 02 2022,240278
Mon Oct 03 2022,240278
Tue Oct 04 2022,234066
Wed Oct 05 2022,234558
Thu Oct 06 2022,234558
Fri Oct 07 2022,234558
Sat Oct 08 2022,234558
Sun Oct 09 2022,234558
Mon Oct 10 2022,232887
Tue Oct 11 2022,232847
Wed Oct 12 2022,232847
Thu Oct 13 2022,234112
Fri Oct 14 2022,233500
Sat Oct 15 2022,229804
Sun Oct 16 2022,229804
Mon Oct 17 2022,229804
Tue Oct 18 2022,229804
Wed Oct 19 2022,229453
Thu Oct 20 2022,228958
Fri Oct 21 2022,228958
Sat Oct 22 2022,228958
Sun Oct 23 2022,228958
Mon Oct 24 2022,228958
Tue Oct 25 2022,228958
Wed Oct 26 2022,227785
Thu Oct 27 2022,227904
Fri Oct 28 2022,227904
Sat Oct 29 2022,226707
Sun Oct 30 2022,226707
Mon Oct 31 2022,226707
Tue Nov 01 2022,226707
Wed Nov 02 2022,226707
Thu Nov 03 2022,225717
Fri Nov 04 2022,225421
Sat Nov 05 2022,225421
Sun Nov 06 2022,225421
Mon Nov 07 2022,225421
Tue Nov 08 2022,225399
Wed Nov 09 2022,225306
Thu Nov 10 2022,227691
Fri Nov 11 2022,225362
Sat Nov 12 2022,225362
Sun Nov 13 2022,225362
Mon Nov 14 2022,225362
Tue Nov 15 2022,225362
Wed Nov 16 2022,225362
Thu Nov 17 2022,225522
Fri Nov 18 2022,225231
Sat Nov 19 2022,226788
Sun Nov 20 2022,226788
Mon Nov 21 2022,226788
Tue Nov 22 2022,226788
Wed Nov 23 2022,224407
Thu Nov 24 2022,224396
Fri Nov 25 2022,222447
Sat Nov 26 2022,222814
Sun Nov 27 2022,222814
Mon Nov 28 2022,223012
Tue Nov 29 2022,223012
Wed Nov 30 2022,219215
Thu Dec 01 2022,219215
Fri Dec 02 2022,218915
Sat Dec 03 2022,218268
Sun Dec 04 2022,217717
Mon Dec 05 2022,217717
Tue Dec 06 2022,217717
Wed Dec 07 2022,217071
Thu Dec 08 2022,217071
Fri Dec 09 2022,217071
Sat Dec 10 2022,217071
Sun Dec 11 2022,217071
Mon Dec 12 2022,217071
Tue Dec 13 2022,216377
Wed Dec 14 2022,216876
Thu Dec 15 2022,217192
Fri Dec 16 2022,214620
Sat Dec 17 2022,214364
Sun Dec 18 2022,214364
Mon Dec 19 2022,214364
Tue Dec 20 2022,214364
Wed Dec 21 2022,214364
Thu Dec 22 2022,214364
Fri Dec 23 2022,214353
Sat Dec 24 2022,214415
Sun Dec 25 2022,214415
Mon Dec 26 2022,214415
Tue Dec 27 2022,214620
Wed Dec 28 2022,214118
Thu Dec 29 2022,214118
Fri Dec 30 2022,214118
Sat Dec 31 2022,213167
Sun Jan 01 2023,212826
Mon Jan 02 2023,212826
Tue Jan 03 2023,213864
Wed Jan 04 2023,213864
Thu Jan 05 2023,213041
Fri Jan 06 2023,213041
Sat Jan 07 2023,213041
Sun Jan 08 2023,213041
Mon Jan 09 2023,213041
Tue Jan 10 2023,212574
Wed Jan 11 2023,212426
Thu Jan 12 2023,209450
Fri Jan 13 2023,209450
Sat Jan 14 2023,209450
Sun Jan 15 2023,207888
Mon Jan 16 2023,207888
Tue Jan 17 2023,207888
Wed Jan 18 2023,207888
Thu Jan 19 2023,207155
Fri Jan 20 2023,207155
Sat Jan 21 2023,206276
Sun Jan 22 2023,206276
Mon Jan 23 2023,206276
Tue Jan 24 2023,205036
Wed Jan 25 2023,204661
Thu Jan 26 2023,204661
Fri Jan 27 2023,202634
Sat Jan 28 2023,202941
Sun Jan 29 2023,202945
Mon Jan 30 2023,202896
Tue Jan 31 2023,202896
Wed Feb 01 2023,204315
Thu Feb 02 2023,200631
Fri Feb 03 2023,198701
Sat Feb 04 2023,198701
Sun Feb 05 2023,198701
Mon Feb 06 2023,198701
Tue Feb 07 2023,198701
Wed Feb 08 2023,198701
Thu Feb 09 2023,197974
Fri Feb 10 2023,197974
Sat Feb 11 2023,196493
Sun Feb 12 2023,196493
Mon Feb 13 2023,196213
Tue Feb 14 2023,196213
Wed Feb 15 2023,196385
Thu Feb 16 2023,196422
Fri Feb 17 2023,196139
Sat Feb 18 2023,196395
Sun Feb 19 2023,196395
Mon Feb 20 2023,196395
Tue Feb 21 2023,196395
Wed Feb 22 2023,196395
Thu Feb 23 2023,195347
Fri Feb 24 2023,195717
Sat Feb 25 2023,196002
Sun Feb 26 2023,196002
Mon Feb 27 2023,196002
Tue Feb 28 2023,196002
Wed Mar 01 2023,196002
Thu Mar 02 2023,195123
Fri Mar 03 2023,195853
Sat Mar 04 2023,196380
Sun Mar 05 2023,195995
Mon Mar 06 2023,195995
Tue Mar 07 2023,195995
Wed Mar 08 2023,199693
Thu Mar 09 2023,199703
Fri Mar 10 2023,199639
Sat Mar 11 2023,199639
Sun Mar 12 2023,199639
Mon Mar 13 2023,199639
Tue Mar 14 2023,199639
Wed Mar 15 2023,202804
Thu Mar 16 2023,203120
Fri Mar 17 2023,203638
Sat Mar 18 2023,203926
Sun Mar 19 2023,203926
Mon Mar 20 2023,204293
Tue Mar 21 2023,204293
Wed Mar 22 2023,204534
Thu Mar 23 2023,204534
Fri Mar 24 2023,205549
Sat Mar 25 2023,206021
Sun Mar 26 2023,206021
Mon Mar 27 2023,206021
Tue Mar 28 2023,206021
Wed Mar 29 2023,206021
Thu Mar 30 2023,206021
Fri Mar 31 2023,206102
Sat Apr 01 2023,206102
Sun Apr 02 2023,206102
Mon Apr 03 2023,206102
Tue Apr 04 2023,206364
Wed Apr 05 2023,206364
Thu Apr 06 2023,206364
Fri Apr 07 2023,206132
Sat Apr 08 2023,206132
Sun Apr 09 2023,206132
Mon Apr 10 2023,206060
Tue Apr 11 2023,206060
Wed Apr 12 2023,206060
Thu Apr 13 2023,206019
Fri Apr 14 2023,206019
Sat Apr 15 2023,206019
Sun Apr 16 2023,203989
Mon Apr 17 2023,205310
Tue Apr 18 2023,205310
Wed Apr 19 2023,205310
Thu Apr 20 2023,204842
Fri Apr 21 2023,204842
Sat Apr 22 2023,204842
Sun Apr 23 2023,204842
Mon Apr 24 2023,204842
Tue Apr 25 2023,206229
Wed Apr 26 2023,206079
Thu Apr 27 2023,206079
Fri Apr 28 2023,206079
Sat Apr 29 2023,206079
Sun Apr 30 2023,206079
Mon May 01 2023,205480
Tue May 02 2023,205480
Wed May 03 2023,205215
Thu May 04 2023,205215
Fri May 05 2023,204293
Sat May 06 2023,204293
Sun May 07 2023,204293
Mon May 08 2023,204579
Tue May 09 2023,204579
Wed May 10 2023,203574
Thu May 11 2023,203574
Fri May 12 2023,203574
Sat May 13 2023,203574
Sun May 14 2023,203574
Mon May 15 2023,203998
Tue May 16 2023,203998
Wed May 17 2023,203998
Thu May 18 2023,204813
Fri May 19 2023,204813
Sat May 20 2023,203609
Sun May 21 2023,203609
Mon May 22 2023,203609
Tue May 23 2023,204089
Wed May 24 2023,204089
Thu May 25 2023,203325
Fri May 26 2023,203325
Sat May 27 2023,203213
Sun May 28 2023,203213
Mon May 29 2023,203213
Tue May 30 2023,203213
Wed May 31 2023,202929
Thu Jun 01 2023,200766
Fri Jun 02 2023,200766
Sat Jun 03 2023,200766
Sun Jun 04 2023,200766
Mon Jun 05 2023,200766
Tue Jun 06 2023,200766
Wed Jun 07 2023,200766
Thu Jun 08 2023,200766
Fri Jun 09 2023,200766
Sat Jun 10 2023,202348
Sun Jun 11 2023,201810
Mon Jun 12 2023,201810
Tue Jun 13 2023,201361
Wed Jun 14 2023,201361
Thu Jun 15 2023,201361
Fri Jun 16 2023,201361
Sat Jun 17 2023,201681
Sun Jun 18 2023,201681
Mon Jun 19 2023,201928
Tue Jun 20 2023,201928
Wed Jun 21 2023,201904
Thu Jun 22 2023,201436
Fri Jun 23 2023,201736
Sat Jun 24 2023,201736
Sun Jun 25 2023,201820
Mon Jun 26 2023,197911
Tue Jun 27 2023,197911
Wed Jun 28 2023,197085
Thu Jun 29 2023,197835
Fri Jun 30 2023,197835
Sat Jul 01 2023,197873
Sun Jul 02 2023,197873
Mon Jul 03 2023,197873
Tue Jul 04 2023,197873
Wed Jul 05 2023,197873
Thu Jul 06 2023,198109
Fri Jul 07 2023,198109
Sat Jul 08 2023,198109
Sun Jul 09 2023,198109
Mon Jul 10 2023,198109
Tue Jul 11 2023,198003
Wed Jul 12 2023,198003
Thu Jul 13 2023,199482
Fri Jul 14 2023,199258
Sat Jul 15 2023,199948
Sun Jul 16 2023,199948
Mon Jul 17 2023,199948
Tue Jul 18 2023,200221
Wed Jul 19 2023,200367
Thu Jul 20 2023,200615
Fri Jul 21 2023,200615
Sat Jul 22 2023,200615
Sun Jul 23 2023,202064
Mon Jul 24 2023,202064
Tue Jul 25 2023,201999
Wed Jul 26 2023,202280
Thu Jul 27 2023,202330
Fri Jul 28 2023,202557
Sat Jul 29 2023,202557
Sun Jul 30 2023,202557
Mon Jul 31 2023,202233
Tue Aug 01 2023,202257
Wed Aug 02 2023,202029
Thu Aug 03 2023,202029
Fri Aug 04 2023,202029
Sat Aug 05 2023,202029
Sun Aug 06 2023,202029
Mon Aug 07 2023,202029
Tue Aug 08 2023,202138
Wed Aug 09 2023,199075
Thu Aug 10 2023,198886
Fri Aug 11 2023,198644
Sat Aug 12 2023,198616
Sun Aug 13 2023,198616
Mon Aug 14 2023,198616
Tue Aug 15 2023,198616
Wed Aug 16 2023,198616
Thu Aug 17 2023,199247
Fri Aug 18 2023,199247
Sat Aug 19 2023,199247
Sun Aug 20 2023,199247
Mon Aug 21 2023,199247
Tue Aug 22 2023,199247
Wed Aug 23 2023,200765
Thu Aug 24 2023,200836
Fri Aug 25 2023,200153
Sat Aug 26 2023,200153
Sun Aug 27 2023,199894
Mon Aug 28 2023,199894
Tue Aug 29 2023,199894
Wed Aug 30 2023,199615
Thu Aug 31 2023,199615
Fri Sep 01 2023,200084
Sat Sep 02 2023,199761
Sun Sep 03 2023,199761
Mon Sep 04 2023,199761
Tue Sep 05 2023,199761
Wed Sep 06 2023,199196
Thu Sep 07 2023,198915
Fri Sep 08 2023,198823
Sat Sep 09 2023,198387
Sun Sep 10 2023,198387
Mon Sep 11 2023,198387
Tue Sep 12 2023,198184
Wed Sep 13 2023,197381
Thu Sep 14 2023,198257
Fri Sep 15 2023,197709
Sat Sep 16 2023,197709
Sun Sep 17 2023,197709
Mon Sep 18 2023,197709
Tue Sep 19 2023,197709
Wed Sep 20 2023,197709
Thu Sep 21 2023,197709
Fri Sep 22 2023,197709
Sat Sep 23 2023,196010
Sun Sep 24 2023,196010
Mon Sep 25 2023,196010
Tue Sep 26 2023,194172
Wed Sep 27 2023,194317
Thu Sep 28 2023,195610
Fri Sep 29 2023,194551
Sat Sep 30 2023,194977
Sun Oct 01 2023,193333
Mon Oct 02 2023,193333
Tue Oct 03 2023,192510
Wed Oct 04 2023,192417
Thu Oct 05 2023,191066
Fri Oct 06 2023,191066
Sat Oct 07 2023,195346
Sun Oct 08 2023,195346
Mon Oct 09 2023,195346
Tue Oct 10 2023,194833
Wed Oct 11 2023,192735
Thu Oct 12 2023,193077
Fri Oct 13 2023,192953
Sat Oct 14 2023,192953
Sun Oct 15 2023,192953
Mon Oct 16 2023,192953
Tue Oct 17 2023,192622
Wed Oct 18 2023,192244
Thu Oct 19 2023,192244
Fri Oct 20 2023,192177
Sat Oct 21 2023,192177
Sun Oct 22 2023,192177
Mon Oct 23 2023,192177
Tue Oct 24 2023,192177
Wed Oct 25 2023,192177
Thu Oct 26 2023,192029
Fri Oct 27 2023,192035
Sat Oct 28 2023,192172
Sun Oct 29 2023,192172
Mon Oct 30 2023,192172
Tue Oct 31 2023,192286
Wed Nov 01 2023,193692
Thu Nov 02 2023,191673
Fri Nov 03 2023,192516
Sat Nov 04 2023,192516
Sun Nov 05 2023,192516
Mon Nov 06 2023,192516
Tue Nov 07 2023,192452
Wed Nov 08 2023,191110
Thu Nov 09 2023,191110
Fri Nov 10 2023,191110
Sat Nov 11 2023,189645
Sun Nov 12 2023,189645
Mon Nov 13 2023,189645
Tue Nov 14 2023,190269
Wed Nov 15 2023,190269
Thu Nov 16 2023,191344
Fri Nov 17 2023,191558
Sat Nov 18 2023,190390
Sun Nov 19 2023,190333
Mon Nov 20 2023,190424
Tue Nov 21 2023,190424
Wed Nov 22 2023,189323
Thu Nov 23 2023,185552
Fri Nov 24 2023,184359
Sat Nov 25 2023,183564
Sun Nov 26 2023,183564
Mon Nov 27 2023,183564
Tue Nov 28 2023,184503
Wed Nov 29 2023,185346
Thu Nov 30 2023,186878
Fri Dec 01 2023,187021
