date,Patek Philippe 5711/1A (EUR)
Wed Feb 06 2019,30533
Thu Feb 07 2019,30541
Fri Feb 08 2019,30559
Sat Feb 09 2019,30575
Sun Feb 10 2019,30588
Mon Feb 11 2019,30605
Tue Feb 12 2019,30619
Wed Feb 13 2019,30636
Thu Feb 14 2019,30646
Fri Feb 15 2019,30659
Sat Feb 16 2019,30666
Sun Feb 17 2019,30672
Mon Feb 18 2019,30678
Tue Feb 19 2019,30682
Wed Feb 20 2019,30682
Thu Feb 21 2019,30684
Fri Feb 22 2019,30688
Sat Feb 23 2019,30686
Sun Feb 24 2019,30686
Mon Feb 25 2019,30696
Tue Feb 26 2019,30708
Wed Feb 27 2019,30700
Thu Feb 28 2019,30688
Fri Mar 01 2019,30679
Sat Mar 02 2019,30679
Sun Mar 03 2019,30680
Mon Mar 04 2019,30680
Tue Mar 05 2019,30688
Wed Mar 06 2019,30701
Thu Mar 07 2019,30716
Fri Mar 08 2019,30737
Sat Mar 09 2019,30765
Sun Mar 10 2019,30785
Mon Mar 11 2019,30802
Tue Mar 12 2019,30816
Wed Mar 13 2019,30823
Thu Mar 14 2019,30825
Fri Mar 15 2019,30825
Sat Mar 16 2019,30824
Sun Mar 17 2019,30821
Mon Mar 18 2019,30818
Tue Mar 19 2019,30815
Wed Mar 20 2019,30812
Thu Mar 21 2019,30806
Fri Mar 22 2019,30798
Sat Mar 23 2019,30800
Sun Mar 24 2019,30802
Mon Mar 25 2019,30803
Tue Mar 26 2019,30804
Wed Mar 27 2019,30807
Thu Mar 28 2019,30815
Fri Mar 29 2019,32014
Sat Mar 30 2019,32028
Sun Mar 31 2019,32043
Mon Apr 01 2019,32876
Tue Apr 02 2019,32536
Wed Apr 03 2019,32553
Thu Apr 04 2019,32564
Fri Apr 05 2019,32572
Sat Apr 06 2019,32580
Sun Apr 07 2019,32584
Mon Apr 08 2019,32584
Tue Apr 09 2019,32582
Wed Apr 10 2019,32579
Thu Apr 11 2019,32577
Fri Apr 12 2019,32577
Sat Apr 13 2019,32578
Sun Apr 14 2019,32578
Mon Apr 15 2019,32579
Tue Apr 16 2019,32582
Wed Apr 17 2019,32586
Thu Apr 18 2019,32589
Fri Apr 19 2019,32598
Sat Apr 20 2019,32610
Sun Apr 21 2019,32624
Mon Apr 22 2019,32632
Tue Apr 23 2019,32637
Wed Apr 24 2019,32645
Thu Apr 25 2019,32656
Fri Apr 26 2019,32671
Sat Apr 27 2019,32682
Sun Apr 28 2019,32690
Mon Apr 29 2019,32697
Tue Apr 30 2019,32702
Wed May 01 2019,32704
Thu May 02 2019,32705
Fri May 03 2019,32706
Sat May 04 2019,32711
Sun May 05 2019,32713
Mon May 06 2019,32715
Tue May 07 2019,32717
Wed May 08 2019,32721
Thu May 09 2019,32725
Fri May 10 2019,33563
Sat May 11 2019,33567
Sun May 12 2019,33570
Mon May 13 2019,33577
Tue May 14 2019,33584
Wed May 15 2019,33593
Thu May 16 2019,33603
Fri May 17 2019,33614
Sat May 18 2019,33626
Sun May 19 2019,33636
Mon May 20 2019,33644
Tue May 21 2019,33653
Wed May 22 2019,33661
Thu May 23 2019,34229
Fri May 24 2019,34237
Sat May 25 2019,34237
Sun May 26 2019,37000
Mon May 27 2019,36994
Tue May 28 2019,36989
Wed May 29 2019,36987
Thu May 30 2019,36988
Fri May 31 2019,37673
Sat Jun 01 2019,37681
Sun Jun 02 2019,37681
Mon Jun 03 2019,37680
Tue Jun 04 2019,37680
Wed Jun 05 2019,37675
Thu Jun 06 2019,37669
Fri Jun 07 2019,37662
Sat Jun 08 2019,37651
Sun Jun 09 2019,37636
Mon Jun 10 2019,37624
Tue Jun 11 2019,37616
Wed Jun 12 2019,40502
Thu Jun 13 2019,40492
Fri Jun 14 2019,40485
Sat Jun 15 2019,40480
Sun Jun 16 2019,40476
Mon Jun 17 2019,40469
Tue Jun 18 2019,40462
Wed Jun 19 2019,40457
Thu Jun 20 2019,40451
Fri Jun 21 2019,40436
Sat Jun 22 2019,40415
Sun Jun 23 2019,40388
Mon Jun 24 2019,40365
Tue Jun 25 2019,40343
Wed Jun 26 2019,40322
Thu Jun 27 2019,40302
Fri Jun 28 2019,40280
Sat Jun 29 2019,40253
Sun Jun 30 2019,40224
Mon Jul 01 2019,40197
Tue Jul 02 2019,40181
Wed Jul 03 2019,40169
Thu Jul 04 2019,40159
Fri Jul 05 2019,40547
Sat Jul 06 2019,40547
Sun Jul 07 2019,40550
Mon Jul 08 2019,40558
Tue Jul 09 2019,40573
Wed Jul 10 2019,38930
Thu Jul 11 2019,38939
Fri Jul 12 2019,40182
Sat Jul 13 2019,40188
Sun Jul 14 2019,40346
Mon Jul 15 2019,40551
Tue Jul 16 2019,40547
Wed Jul 17 2019,40546
Thu Jul 18 2019,40546
Fri Jul 19 2019,40542
Sat Jul 20 2019,40539
Sun Jul 21 2019,40545
Mon Jul 22 2019,40557
Tue Jul 23 2019,40578
Wed Jul 24 2019,42660
Thu Jul 25 2019,42691
Fri Jul 26 2019,42721
Sat Jul 27 2019,42751
Sun Jul 28 2019,42780
Mon Jul 29 2019,42810
Tue Jul 30 2019,42841
Wed Jul 31 2019,42871
Thu Aug 01 2019,42895
Fri Aug 02 2019,42925
Sat Aug 03 2019,42950
Sun Aug 04 2019,42970
Mon Aug 05 2019,42986
Tue Aug 06 2019,44395
Wed Aug 07 2019,44399
Thu Aug 08 2019,44401
Fri Aug 09 2019,44402
Sat Aug 10 2019,45961
Sun Aug 11 2019,45959
Mon Aug 12 2019,45957
Tue Aug 13 2019,45968
Wed Aug 14 2019,45980
Thu Aug 15 2019,45995
Fri Aug 16 2019,46009
Sat Aug 17 2019,46026
Sun Aug 18 2019,46046
Mon Aug 19 2019,46066
Tue Aug 20 2019,46084
Wed Aug 21 2019,46103
Thu Aug 22 2019,46120
Fri Aug 23 2019,46132
Sat Aug 24 2019,46137
Sun Aug 25 2019,46125
Mon Aug 26 2019,46113
Tue Aug 27 2019,46155
Wed Aug 28 2019,46161
Thu Aug 29 2019,46167
Fri Aug 30 2019,46178
Sat Aug 31 2019,46193
Sun Sep 01 2019,46199
Mon Sep 02 2019,46212
Tue Sep 03 2019,46233
Wed Sep 04 2019,46256
Thu Sep 05 2019,46278
Fri Sep 06 2019,49926
Sat Sep 07 2019,49950
Sun Sep 08 2019,49961
Mon Sep 09 2019,49976
Tue Sep 10 2019,50589
Wed Sep 11 2019,50624
Thu Sep 12 2019,50653
Fri Sep 13 2019,50070
Sat Sep 14 2019,49750
Sun Sep 15 2019,49751
Mon Sep 16 2019,49744
Tue Sep 17 2019,49753
Wed Sep 18 2019,49762
Thu Sep 19 2019,49768
Fri Sep 20 2019,49774
Sat Sep 21 2019,49782
Sun Sep 22 2019,49792
Mon Sep 23 2019,49806
Tue Sep 24 2019,49841
Wed Sep 25 2019,49874
Thu Sep 26 2019,49895
Fri Sep 27 2019,49919
Sat Sep 28 2019,49942
Sun Sep 29 2019,49962
Mon Sep 30 2019,49974
Tue Oct 01 2019,49988
Wed Oct 02 2019,50003
Thu Oct 03 2019,48291
Fri Oct 04 2019,48289
Sat Oct 05 2019,48294
Sun Oct 06 2019,48303
Mon Oct 07 2019,48312
Tue Oct 08 2019,48334
Wed Oct 09 2019,48354
Thu Oct 10 2019,48364
Fri Oct 11 2019,48369
Sat Oct 12 2019,48368
Sun Oct 13 2019,48367
Mon Oct 14 2019,48374
Tue Oct 15 2019,48389
Wed Oct 16 2019,48406
Thu Oct 17 2019,48404
Fri Oct 18 2019,48393
Sat Oct 19 2019,48380
Sun Oct 20 2019,48994
Mon Oct 21 2019,48974
Tue Oct 22 2019,48954
Wed Oct 23 2019,48936
Thu Oct 24 2019,48917
Fri Oct 25 2019,49588
Sat Oct 26 2019,49045
Sun Oct 27 2019,49024
Mon Oct 28 2019,40771
Tue Oct 29 2019,41772
Wed Oct 30 2019,41753
Thu Oct 31 2019,41726
Fri Nov 01 2019,41695
Sat Nov 02 2019,41667
Sun Nov 03 2019,42327
Mon Nov 04 2019,42931
Tue Nov 05 2019,42909
Wed Nov 06 2019,42892
Thu Nov 07 2019,42880
Fri Nov 08 2019,42869
Sat Nov 09 2019,43721
Sun Nov 10 2019,43719
Mon Nov 11 2019,43720
Tue Nov 12 2019,43791
Wed Nov 13 2019,43792
Thu Nov 14 2019,43795
Fri Nov 15 2019,43797
Sat Nov 16 2019,43799
Sun Nov 17 2019,43806
Mon Nov 18 2019,43818
Tue Nov 19 2019,43831
Wed Nov 20 2019,43844
Thu Nov 21 2019,43855
Fri Nov 22 2019,43864
Sat Nov 23 2019,43874
Sun Nov 24 2019,43887
Mon Nov 25 2019,43897
Tue Nov 26 2019,43906
Wed Nov 27 2019,43914
Thu Nov 28 2019,43926
Fri Nov 29 2019,43937
Sat Nov 30 2019,42485
Sun Dec 01 2019,42503
Mon Dec 02 2019,42733
Tue Dec 03 2019,42750
Wed Dec 04 2019,42762
Thu Dec 05 2019,42772
Fri Dec 06 2019,42773
Sat Dec 07 2019,42772
Sun Dec 08 2019,42773
Mon Dec 09 2019,42770
Tue Dec 10 2019,42764
Wed Dec 11 2019,42756
Thu Dec 12 2019,42747
Fri Dec 13 2019,42733
Sat Dec 14 2019,41458
Sun Dec 15 2019,41897
Mon Dec 16 2019,41886
Tue Dec 17 2019,39621
Wed Dec 18 2019,39609
Thu Dec 19 2019,39473
Fri Dec 20 2019,39467
Sat Dec 21 2019,39464
Sun Dec 22 2019,39095
Mon Dec 23 2019,39092
Tue Dec 24 2019,38753
Wed Dec 25 2019,38745
Thu Dec 26 2019,38735
Fri Dec 27 2019,38726
Sat Dec 28 2019,38709
Sun Dec 29 2019,38690
Mon Dec 30 2019,39108
Tue Dec 31 2019,39086
Wed Jan 01 2020,39063
Thu Jan 02 2020,38792
Fri Jan 03 2020,38779
Sat Jan 04 2020,38770
Sun Jan 05 2020,38762
Mon Jan 06 2020,37160
Tue Jan 07 2020,37635
Wed Jan 08 2020,37623
Thu Jan 09 2020,37615
Fri Jan 10 2020,37612
Sat Jan 11 2020,37610
Sun Jan 12 2020,37612
Mon Jan 13 2020,37616
Tue Jan 14 2020,39999
Wed Jan 15 2020,40307
Thu Jan 16 2020,40307
Fri Jan 17 2020,40307
Sat Jan 18 2020,40308
Sun Jan 19 2020,40312
Mon Jan 20 2020,39770
Tue Jan 21 2020,39523
Wed Jan 22 2020,39521
Thu Jan 23 2020,39520
Fri Jan 24 2020,39644
Sat Jan 25 2020,39652
Sun Jan 26 2020,39661
Mon Jan 27 2020,39675
Tue Jan 28 2020,39693
Wed Jan 29 2020,39877
Thu Jan 30 2020,39900
Fri Jan 31 2020,39924
Sat Feb 01 2020,39628
Sun Feb 02 2020,39640
Mon Feb 03 2020,39648
Tue Feb 04 2020,39659
Wed Feb 05 2020,39672
Thu Feb 06 2020,39691
Fri Feb 07 2020,39712
Sat Feb 08 2020,39732
Sun Feb 09 2020,39752
Mon Feb 10 2020,39771
Tue Feb 11 2020,39793
Wed Feb 12 2020,39818
Thu Feb 13 2020,39846
Fri Feb 14 2020,39878
Sat Feb 15 2020,39915
Sun Feb 16 2020,39953
Mon Feb 17 2020,39987
Tue Feb 18 2020,40018
Wed Feb 19 2020,40051
Thu Feb 20 2020,40087
Fri Feb 21 2020,38854
Sat Feb 22 2020,38885
Sun Feb 23 2020,38912
Mon Feb 24 2020,38935
Tue Feb 25 2020,38957
Wed Feb 26 2020,39128
Thu Feb 27 2020,39145
Fri Feb 28 2020,39153
Sat Feb 29 2020,39153
Sun Mar 01 2020,39153
Mon Mar 02 2020,39488
Tue Mar 03 2020,39487
Wed Mar 04 2020,39481
Thu Mar 05 2020,39472
Fri Mar 06 2020,39456
Sat Mar 07 2020,39425
Sun Mar 08 2020,39389
Mon Mar 09 2020,39349
Tue Mar 10 2020,39292
Wed Mar 11 2020,39244
Thu Mar 12 2020,39200
Fri Mar 13 2020,39163
Sat Mar 14 2020,39138
Sun Mar 15 2020,39138
Mon Mar 16 2020,39056
Tue Mar 17 2020,39056
Wed Mar 18 2020,39042
Thu Mar 19 2020,39028
Fri Mar 20 2020,39032
Sat Mar 21 2020,39042
Sun Mar 22 2020,39046
Mon Mar 23 2020,39055
Tue Mar 24 2020,39070
Wed Mar 25 2020,39075
Thu Mar 26 2020,39074
Fri Mar 27 2020,39060
Sat Mar 28 2020,39034
Sun Mar 29 2020,39006
Mon Mar 30 2020,38985
Tue Mar 31 2020,38981
Wed Apr 01 2020,38985
Thu Apr 02 2020,39003
Fri Apr 03 2020,39037
Sat Apr 04 2020,39081
Sun Apr 05 2020,39027
Mon Apr 06 2020,39089
Tue Apr 07 2020,39154
Wed Apr 08 2020,39211
Thu Apr 09 2020,39289
Fri Apr 10 2020,39348
Sat Apr 11 2020,39398
Sun Apr 12 2020,39438
Mon Apr 13 2020,39463
Tue Apr 14 2020,39460
Wed Apr 15 2020,39453
Thu Apr 16 2020,39449
Fri Apr 17 2020,39463
Sat Apr 18 2020,39473
Sun Apr 19 2020,39462
Mon Apr 20 2020,39444
Tue Apr 21 2020,39432
Wed Apr 22 2020,39422
Thu Apr 23 2020,39484
Fri Apr 24 2020,39486
Sat Apr 25 2020,39491
Sun Apr 26 2020,37892
Mon Apr 27 2020,37920
Tue Apr 28 2020,37959
Wed Apr 29 2020,39611
Thu Apr 30 2020,39635
Fri May 01 2020,39646
Sat May 02 2020,39644
Sun May 03 2020,39620
Mon May 04 2020,39589
Tue May 05 2020,39574
Wed May 06 2020,39568
Thu May 07 2020,39566
Fri May 08 2020,39574
Sat May 09 2020,39575
Sun May 10 2020,39566
Mon May 11 2020,39565
Tue May 12 2020,39579
Wed May 13 2020,39591
Thu May 14 2020,39601
Fri May 15 2020,39620
Sat May 16 2020,39634
Sun May 17 2020,39640
Mon May 18 2020,39645
Tue May 19 2020,39647
Wed May 20 2020,39640
Thu May 21 2020,39628
Fri May 22 2020,38069
Sat May 23 2020,38062
Sun May 24 2020,38050
Mon May 25 2020,37416
Tue May 26 2020,37408
Wed May 27 2020,37392
Thu May 28 2020,37375
Fri May 29 2020,38545
Sat May 30 2020,38516
Sun May 31 2020,38634
Mon Jun 01 2020,38619
Tue Jun 02 2020,38615
Wed Jun 03 2020,38605
Thu Jun 04 2020,38570
Fri Jun 05 2020,38523
Sat Jun 06 2020,38464
Sun Jun 07 2020,38407
Mon Jun 08 2020,38356
Tue Jun 09 2020,38319
Wed Jun 10 2020,38277
Thu Jun 11 2020,38214
Fri Jun 12 2020,38155
Sat Jun 13 2020,38104
Sun Jun 14 2020,38052
Mon Jun 15 2020,38002
Tue Jun 16 2020,37951
Wed Jun 17 2020,37896
Thu Jun 18 2020,37852
Fri Jun 19 2020,37818
Sat Jun 20 2020,37791
Sun Jun 21 2020,37767
Mon Jun 22 2020,37386
Tue Jun 23 2020,37349
Wed Jun 24 2020,37305
Thu Jun 25 2020,37262
Fri Jun 26 2020,38000
Sat Jun 27 2020,37974
Sun Jun 28 2020,37953
Mon Jun 29 2020,37940
Tue Jun 30 2020,37924
Wed Jul 01 2020,37910
Thu Jul 02 2020,37898
Fri Jul 03 2020,41539
Sat Jul 04 2020,41536
Sun Jul 05 2020,41538
Mon Jul 06 2020,41547
Tue Jul 07 2020,41546
Wed Jul 08 2020,41547
Thu Jul 09 2020,41545
Fri Jul 10 2020,41544
Sat Jul 11 2020,41553
Sun Jul 12 2020,41559
Mon Jul 13 2020,41557
Tue Jul 14 2020,41546
Wed Jul 15 2020,41532
Thu Jul 16 2020,41514
Fri Jul 17 2020,41502
Sat Jul 18 2020,41481
Sun Jul 19 2020,41219
Mon Jul 20 2020,41191
Tue Jul 21 2020,41159
Wed Jul 22 2020,41123
Thu Jul 23 2020,41083
Fri Jul 24 2020,41048
Sat Jul 25 2020,41008
Sun Jul 26 2020,38383
Mon Jul 27 2020,38334
Tue Jul 28 2020,38276
Wed Jul 29 2020,38219
Thu Jul 30 2020,38163
Fri Jul 31 2020,38100
Sat Aug 01 2020,38033
Sun Aug 02 2020,37976
Mon Aug 03 2020,37916
Tue Aug 04 2020,37861
Wed Aug 05 2020,37802
Thu Aug 06 2020,37743
Fri Aug 07 2020,35330
Sat Aug 08 2020,35277
Sun Aug 09 2020,35230
Mon Aug 10 2020,35180
Tue Aug 11 2020,35134
Wed Aug 12 2020,35087
Thu Aug 13 2020,35046
Fri Aug 14 2020,34999
Sat Aug 15 2020,35099
Sun Aug 16 2020,35055
Mon Aug 17 2020,33438
Tue Aug 18 2020,31953
Wed Aug 19 2020,31910
Thu Aug 20 2020,31866
Fri Aug 21 2020,31834
Sat Aug 22 2020,31811
Sun Aug 23 2020,31791
Mon Aug 24 2020,31776
Tue Aug 25 2020,31762
Wed Aug 26 2020,31747
Thu Aug 27 2020,31739
Fri Aug 28 2020,31731
Sat Aug 29 2020,31720
Sun Aug 30 2020,31710
Mon Aug 31 2020,31703
Tue Sep 01 2020,31690
Wed Sep 02 2020,31674
Thu Sep 03 2020,31664
Fri Sep 04 2020,31646
Sat Sep 05 2020,31647
Sun Sep 06 2020,31649
Mon Sep 07 2020,31647
Tue Sep 08 2020,31644
Wed Sep 09 2020,31643
Thu Sep 10 2020,31641
Fri Sep 11 2020,31634
Sat Sep 12 2020,30120
Sun Sep 13 2020,30118
Mon Sep 14 2020,30116
Tue Sep 15 2020,30114
Wed Sep 16 2020,30112
Thu Sep 17 2020,30114
Fri Sep 18 2020,30123
Sat Sep 19 2020,30128
Sun Sep 20 2020,30129
Mon Sep 21 2020,30127
Tue Sep 22 2020,30130
Wed Sep 23 2020,30144
Thu Sep 24 2020,30155
Fri Sep 25 2020,30168
Sat Sep 26 2020,30182
Sun Sep 27 2020,30198
Mon Sep 28 2020,30218
Tue Sep 29 2020,30239
Wed Sep 30 2020,30255
Thu Oct 01 2020,30272
Fri Oct 02 2020,30290
Sat Oct 03 2020,30302
Sun Oct 04 2020,32146
Mon Oct 05 2020,32100
Tue Oct 06 2020,33474
Wed Oct 07 2020,33479
Thu Oct 08 2020,33485
Fri Oct 09 2020,33488
Sat Oct 10 2020,33487
Sun Oct 11 2020,33487
Mon Oct 12 2020,32405
Tue Oct 13 2020,32405
Wed Oct 14 2020,32411
Thu Oct 15 2020,32421
Fri Oct 16 2020,32436
Sat Oct 17 2020,32448
Sun Oct 18 2020,32455
Mon Oct 19 2020,32755
Tue Oct 20 2020,32050
Wed Oct 21 2020,32565
Thu Oct 22 2020,32561
Fri Oct 23 2020,32018
Sat Oct 24 2020,34132
Sun Oct 25 2020,33611
Mon Oct 26 2020,32901
Tue Oct 27 2020,32172
Wed Oct 28 2020,32660
Thu Oct 29 2020,31683
Fri Oct 30 2020,56382
Sat Oct 31 2020,56158
Sun Nov 01 2020,56167
Mon Nov 02 2020,56146
Tue Nov 03 2020,56569
Wed Nov 04 2020,56572
Thu Nov 05 2020,55489
Fri Nov 06 2020,55651
Sat Nov 07 2020,55638
Sun Nov 08 2020,55622
Mon Nov 09 2020,56297
Tue Nov 10 2020,55962
Wed Nov 11 2020,55832
Thu Nov 12 2020,55839
Fri Nov 13 2020,55835
Sat Nov 14 2020,55723
Sun Nov 15 2020,55697
Mon Nov 16 2020,55669
Tue Nov 17 2020,55649
Wed Nov 18 2020,55601
Thu Nov 19 2020,53626
Fri Nov 20 2020,54710
Sat Nov 21 2020,54708
Sun Nov 22 2020,54705
Mon Nov 23 2020,54701
Tue Nov 24 2020,54763
Wed Nov 25 2020,54762
Thu Nov 26 2020,54739
Fri Nov 27 2020,54882
Sat Nov 28 2020,54854
Sun Nov 29 2020,54945
Mon Nov 30 2020,54223
Tue Dec 01 2020,54130
Wed Dec 02 2020,53835
Thu Dec 03 2020,53891
Fri Dec 04 2020,53824
Sat Dec 05 2020,53756
Sun Dec 06 2020,53705
Mon Dec 07 2020,53665
Tue Dec 08 2020,53628
Wed Dec 09 2020,53797
Thu Dec 10 2020,53760
Fri Dec 11 2020,53523
Sat Dec 12 2020,53525
Sun Dec 13 2020,53611
Mon Dec 14 2020,53568
Tue Dec 15 2020,53644
Wed Dec 16 2020,53607
Thu Dec 17 2020,53787
Fri Dec 18 2020,53905
Sat Dec 19 2020,53955
Sun Dec 20 2020,53967
Mon Dec 21 2020,53942
Tue Dec 22 2020,53890
Wed Dec 23 2020,54128
Thu Dec 24 2020,54416
Fri Dec 25 2020,54367
Sat Dec 26 2020,54444
Sun Dec 27 2020,54451
Mon Dec 28 2020,54583
Tue Dec 29 2020,54794
Wed Dec 30 2020,54956
Thu Dec 31 2020,55170
Fri Jan 01 2021,55465
Sat Jan 02 2021,55531
Sun Jan 03 2021,55766
Mon Jan 04 2021,55907
Tue Jan 05 2021,55654
Wed Jan 06 2021,55579
Thu Jan 07 2021,55550
Fri Jan 08 2021,55494
Sat Jan 09 2021,55387
Sun Jan 10 2021,55369
Mon Jan 11 2021,55938
Tue Jan 12 2021,56117
Wed Jan 13 2021,56118
Thu Jan 14 2021,56308
Fri Jan 15 2021,56463
Sat Jan 16 2021,56715
Sun Jan 17 2021,56730
Mon Jan 18 2021,56901
Tue Jan 19 2021,56841
Wed Jan 20 2021,56875
Thu Jan 21 2021,56632
Fri Jan 22 2021,56941
Sat Jan 23 2021,57061
Sun Jan 24 2021,57300
Mon Jan 25 2021,57378
Tue Jan 26 2021,57686
Wed Jan 27 2021,57701
Thu Jan 28 2021,57774
Fri Jan 29 2021,57808
Sat Jan 30 2021,58719
Sun Jan 31 2021,58740
Mon Feb 01 2021,58717
Tue Feb 02 2021,58632
Wed Feb 03 2021,58553
Thu Feb 04 2021,58747
Fri Feb 05 2021,58709
Sat Feb 06 2021,58604
Sun Feb 07 2021,58895
Mon Feb 08 2021,59129
Tue Feb 09 2021,59158
Wed Feb 10 2021,59368
Thu Feb 11 2021,59569
Fri Feb 12 2021,59636
Sat Feb 13 2021,60538
Sun Feb 14 2021,60543
Mon Feb 15 2021,60828
Tue Feb 16 2021,60833
Wed Feb 17 2021,61506
Thu Feb 18 2021,62872
Fri Feb 19 2021,63826
Sat Feb 20 2021,63892
Sun Feb 21 2021,64111
Mon Feb 22 2021,64721
Tue Feb 23 2021,66775
Wed Feb 24 2021,66779
Thu Feb 25 2021,68788
Fri Feb 26 2021,70220
Sat Feb 27 2021,71081
Sun Feb 28 2021,71980
Mon Mar 01 2021,72266
Tue Mar 02 2021,73491
Wed Mar 03 2021,73717
Thu Mar 04 2021,73598
Fri Mar 05 2021,73599
Sat Mar 06 2021,73277
Sun Mar 07 2021,73559
Mon Mar 08 2021,73576
Tue Mar 09 2021,73507
Wed Mar 10 2021,74573
Thu Mar 11 2021,74238
Fri Mar 12 2021,74267
Sat Mar 13 2021,74303
Sun Mar 14 2021,74517
Mon Mar 15 2021,75192
Tue Mar 16 2021,75222
Wed Mar 17 2021,75046
Thu Mar 18 2021,75834
Fri Mar 19 2021,76009
Sat Mar 20 2021,75784
Sun Mar 21 2021,75809
Mon Mar 22 2021,76179
Tue Mar 23 2021,77219
Wed Mar 24 2021,77738
Thu Mar 25 2021,77226
Fri Mar 26 2021,76875
Sat Mar 27 2021,77007
Sun Mar 28 2021,77093
Mon Mar 29 2021,76926
Tue Mar 30 2021,76593
Wed Mar 31 2021,76670
Thu Apr 01 2021,78445
Fri Apr 02 2021,78265
Sat Apr 03 2021,78332
Sun Apr 04 2021,78228
Mon Apr 05 2021,78004
Tue Apr 06 2021,77917
Wed Apr 07 2021,78658
Thu Apr 08 2021,79414
Fri Apr 09 2021,79851
Sat Apr 10 2021,81124
Sun Apr 11 2021,81481
Mon Apr 12 2021,81161
Tue Apr 13 2021,80967
Wed Apr 14 2021,80832
Thu Apr 15 2021,80824
Fri Apr 16 2021,81489
Sat Apr 17 2021,81545
Sun Apr 18 2021,81347
Mon Apr 19 2021,81357
Tue Apr 20 2021,81216
Wed Apr 21 2021,81206
Thu Apr 22 2021,81180
Fri Apr 23 2021,81361
Sat Apr 24 2021,81567
Sun Apr 25 2021,81498
Mon Apr 26 2021,81428
Tue Apr 27 2021,81406
Wed Apr 28 2021,81473
Thu Apr 29 2021,80908
Fri Apr 30 2021,81445
Sat May 01 2021,81783
Sun May 02 2021,81777
Mon May 03 2021,81648
Tue May 04 2021,81846
Wed May 05 2021,81693
Thu May 06 2021,81530
Fri May 07 2021,82047
Sat May 08 2021,82059
Sun May 09 2021,82400
Mon May 10 2021,82414
Tue May 11 2021,82531
Wed May 12 2021,82347
Thu May 13 2021,82393
Fri May 14 2021,82185
Sat May 15 2021,82457
Sun May 16 2021,83020
Mon May 17 2021,82981
Tue May 18 2021,83336
Wed May 19 2021,83599
Thu May 20 2021,83458
Fri May 21 2021,83025
Sat May 22 2021,83049
Sun May 23 2021,82673
Mon May 24 2021,82645
Tue May 25 2021,82527
Wed May 26 2021,82272
Thu May 27 2021,82461
Fri May 28 2021,82824
Sat May 29 2021,82723
Sun May 30 2021,82707
Mon May 31 2021,82837
Tue Jun 01 2021,82368
Wed Jun 02 2021,82959
Thu Jun 03 2021,82657
Fri Jun 04 2021,81841
Sat Jun 05 2021,81810
Sun Jun 06 2021,81781
Mon Jun 07 2021,82085
Tue Jun 08 2021,82235
Wed Jun 09 2021,82076
Thu Jun 10 2021,82070
Fri Jun 11 2021,81491
Sat Jun 12 2021,81824
Sun Jun 13 2021,81697
Mon Jun 14 2021,82017
Tue Jun 15 2021,81278
Wed Jun 16 2021,80496
Thu Jun 17 2021,80707
Fri Jun 18 2021,81159
Sat Jun 19 2021,81315
Sun Jun 20 2021,82436
Mon Jun 21 2021,82550
Tue Jun 22 2021,82855
Wed Jun 23 2021,82556
Thu Jun 24 2021,83348
Fri Jun 25 2021,83829
Sat Jun 26 2021,84139
Sun Jun 27 2021,83706
Mon Jun 28 2021,83800
Tue Jun 29 2021,83624
Wed Jun 30 2021,83121
Thu Jul 01 2021,82806
Fri Jul 02 2021,83190
Sat Jul 03 2021,83485
Sun Jul 04 2021,83555
Mon Jul 05 2021,83643
Tue Jul 06 2021,83510
Wed Jul 07 2021,83483
Thu Jul 08 2021,83836
Fri Jul 09 2021,86051
Sat Jul 10 2021,86418
Sun Jul 11 2021,86489
Mon Jul 12 2021,86625
Tue Jul 13 2021,87253
Wed Jul 14 2021,87755
Thu Jul 15 2021,87409
Fri Jul 16 2021,86986
Sat Jul 17 2021,87056
Sun Jul 18 2021,86911
Mon Jul 19 2021,87164
Tue Jul 20 2021,87329
Wed Jul 21 2021,87898
Thu Jul 22 2021,87483
Fri Jul 23 2021,86326
Sat Jul 24 2021,86366
Sun Jul 25 2021,86052
Mon Jul 26 2021,85968
Tue Jul 27 2021,86511
Wed Jul 28 2021,86131
Thu Jul 29 2021,86024
Fri Jul 30 2021,85759
Sat Jul 31 2021,85759
Sun Aug 01 2021,85899
Mon Aug 02 2021,85894
Tue Aug 03 2021,85864
Wed Aug 04 2021,85987
Thu Aug 05 2021,87357
Fri Aug 06 2021,87747
Sat Aug 07 2021,88020
Sun Aug 08 2021,88036
Mon Aug 09 2021,87623
Tue Aug 10 2021,87889
Wed Aug 11 2021,87927
Thu Aug 12 2021,88460
Fri Aug 13 2021,87527
Sat Aug 14 2021,87699
Sun Aug 15 2021,87920
Mon Aug 16 2021,87923
Tue Aug 17 2021,87896
Wed Aug 18 2021,87736
Thu Aug 19 2021,87718
Fri Aug 20 2021,87129
Sat Aug 21 2021,87226
Sun Aug 22 2021,86169
Mon Aug 23 2021,87973
Tue Aug 24 2021,87983
Wed Aug 25 2021,88381
Thu Aug 26 2021,88392
Fri Aug 27 2021,88445
Sat Aug 28 2021,88456
Sun Aug 29 2021,88476
Mon Aug 30 2021,89199
Tue Aug 31 2021,89079
Wed Sep 01 2021,89261
Thu Sep 02 2021,89238
Fri Sep 03 2021,89133
Sat Sep 04 2021,89129
Sun Sep 05 2021,88781
Mon Sep 06 2021,90041
Tue Sep 07 2021,91860
Wed Sep 08 2021,90283
Thu Sep 09 2021,90199
Fri Sep 10 2021,90458
Sat Sep 11 2021,90572
Sun Sep 12 2021,90629
Mon Sep 13 2021,88527
Tue Sep 14 2021,88511
Wed Sep 15 2021,88495
Thu Sep 16 2021,89616
Fri Sep 17 2021,89767
Sat Sep 18 2021,89757
Sun Sep 19 2021,89746
Mon Sep 20 2021,89735
Tue Sep 21 2021,89695
Wed Sep 22 2021,88051
Thu Sep 23 2021,87944
Fri Sep 24 2021,89845
Sat Sep 25 2021,89852
Sun Sep 26 2021,89862
Mon Sep 27 2021,88238
Tue Sep 28 2021,88062
Wed Sep 29 2021,89897
Thu Sep 30 2021,88762
Fri Oct 01 2021,88820
Sat Oct 02 2021,87941
Sun Oct 03 2021,87942
Mon Oct 04 2021,87995
Tue Oct 05 2021,88145
Wed Oct 06 2021,88277
Thu Oct 07 2021,88354
Fri Oct 08 2021,88593
Sat Oct 09 2021,88156
Sun Oct 10 2021,88220
Mon Oct 11 2021,88190
Tue Oct 12 2021,88415
Wed Oct 13 2021,90215
Thu Oct 14 2021,89647
Fri Oct 15 2021,89162
Sat Oct 16 2021,89219
Sun Oct 17 2021,89706
Mon Oct 18 2021,89897
Tue Oct 19 2021,90074
Wed Oct 20 2021,90342
Thu Oct 21 2021,93096
Fri Oct 22 2021,92974
Sat Oct 23 2021,93017
Sun Oct 24 2021,93038
Mon Oct 25 2021,93152
Tue Oct 26 2021,93265
Wed Oct 27 2021,93321
Thu Oct 28 2021,93934
Fri Oct 29 2021,93636
Sat Oct 30 2021,93465
Sun Oct 31 2021,93529
Mon Nov 01 2021,94201
Tue Nov 02 2021,94420
Wed Nov 03 2021,94613
Thu Nov 04 2021,97578
Fri Nov 05 2021,97726
Sat Nov 06 2021,97481
Sun Nov 07 2021,97665
Mon Nov 08 2021,97728
Tue Nov 09 2021,97727
Wed Nov 10 2021,97655
Thu Nov 11 2021,97642
Fri Nov 12 2021,98724
Sat Nov 13 2021,99869
Sun Nov 14 2021,99629
Mon Nov 15 2021,100650
Tue Nov 16 2021,100700
Wed Nov 17 2021,100952
Thu Nov 18 2021,99701
Fri Nov 19 2021,99627
Sat Nov 20 2021,99429
Sun Nov 21 2021,99799
Mon Nov 22 2021,99721
Tue Nov 23 2021,97829
Wed Nov 24 2021,97939
Thu Nov 25 2021,98188
Fri Nov 26 2021,98749
Sat Nov 27 2021,98724
Sun Nov 28 2021,98818
Mon Nov 29 2021,98831
Tue Nov 30 2021,99018
Wed Dec 01 2021,98816
Thu Dec 02 2021,99261
Fri Dec 03 2021,99525
Sat Dec 04 2021,99898
Sun Dec 05 2021,100315
Mon Dec 06 2021,99893
Tue Dec 07 2021,99512
Wed Dec 08 2021,99323
Thu Dec 09 2021,97875
Fri Dec 10 2021,98272
Sat Dec 11 2021,97994
Sun Dec 12 2021,98491
Mon Dec 13 2021,98712
Tue Dec 14 2021,98281
Wed Dec 15 2021,98624
Thu Dec 16 2021,98671
Fri Dec 17 2021,100705
Sat Dec 18 2021,99149
Sun Dec 19 2021,99179
Mon Dec 20 2021,99187
Tue Dec 21 2021,99227
Wed Dec 22 2021,99312
Thu Dec 23 2021,99585
Fri Dec 24 2021,101214
Sat Dec 25 2021,101181
Sun Dec 26 2021,101953
Mon Dec 27 2021,101981
Tue Dec 28 2021,101980
Wed Dec 29 2021,102481
Thu Dec 30 2021,103396
Fri Dec 31 2021,103397
Sat Jan 01 2022,103391
Sun Jan 02 2022,103375
Mon Jan 03 2022,103861
Tue Jan 04 2022,103994
Wed Jan 05 2022,104277
Thu Jan 06 2022,104876
Fri Jan 07 2022,105750
Sat Jan 08 2022,105922
Sun Jan 09 2022,105906
Mon Jan 10 2022,106285
Tue Jan 11 2022,106416
Wed Jan 12 2022,106499
Thu Jan 13 2022,106366
Fri Jan 14 2022,106311
Sat Jan 15 2022,106256
Sun Jan 16 2022,106224
Mon Jan 17 2022,106830
Tue Jan 18 2022,106907
Wed Jan 19 2022,106866
Thu Jan 20 2022,108911
Fri Jan 21 2022,109571
Sat Jan 22 2022,109704
Sun Jan 23 2022,110561
Mon Jan 24 2022,113937
Tue Jan 25 2022,113937
Wed Jan 26 2022,115661
Thu Jan 27 2022,115249
Fri Jan 28 2022,115012
Sat Jan 29 2022,116800
Sun Jan 30 2022,117958
Mon Jan 31 2022,115463
Tue Feb 01 2022,115836
Wed Feb 02 2022,116300
Thu Feb 03 2022,116311
Fri Feb 04 2022,117110
Sat Feb 05 2022,117060
Sun Feb 06 2022,117010
Mon Feb 07 2022,117284
Tue Feb 08 2022,117735
Wed Feb 09 2022,118160
Thu Feb 10 2022,120048
Fri Feb 11 2022,117575
Sat Feb 12 2022,117619
Sun Feb 13 2022,117423
Mon Feb 14 2022,118128
Tue Feb 15 2022,118396
Wed Feb 16 2022,122234
Thu Feb 17 2022,122250
Fri Feb 18 2022,122437
Sat Feb 19 2022,123424
Sun Feb 20 2022,123430
Mon Feb 21 2022,125907
Tue Feb 22 2022,128343
Wed Feb 23 2022,135180
Thu Feb 24 2022,135196
Fri Feb 25 2022,135874
Sat Feb 26 2022,136419
Sun Feb 27 2022,136379
Mon Feb 28 2022,136786
Tue Mar 01 2022,136768
Wed Mar 02 2022,139447
Thu Mar 03 2022,139480
Fri Mar 04 2022,139211
Sat Mar 05 2022,141792
Sun Mar 06 2022,141969
Mon Mar 07 2022,146121
Tue Mar 08 2022,147738
Wed Mar 09 2022,150180
Thu Mar 10 2022,150766
Fri Mar 11 2022,158154
Sat Mar 12 2022,156467
Sun Mar 13 2022,159181
Mon Mar 14 2022,159399
Tue Mar 15 2022,157571
Wed Mar 16 2022,155759
Thu Mar 17 2022,154562
Fri Mar 18 2022,153595
Sat Mar 19 2022,152900
Sun Mar 20 2022,151050
Mon Mar 21 2022,151181
Tue Mar 22 2022,151402
Wed Mar 23 2022,151543
Thu Mar 24 2022,150205
Fri Mar 25 2022,149187
Sat Mar 26 2022,148936
Sun Mar 27 2022,149041
Mon Mar 28 2022,149150
Tue Mar 29 2022,148953
Wed Mar 30 2022,149368
Thu Mar 31 2022,149400
Fri Apr 01 2022,149044
Sat Apr 02 2022,150101
Sun Apr 03 2022,150291
Mon Apr 04 2022,150259
Tue Apr 05 2022,149720
Wed Apr 06 2022,149494
Thu Apr 07 2022,154413
Fri Apr 08 2022,153946
Sat Apr 09 2022,150803
Sun Apr 10 2022,149125
Mon Apr 11 2022,149162
Tue Apr 12 2022,150451
Wed Apr 13 2022,149551
Thu Apr 14 2022,148116
Fri Apr 15 2022,147938
Sat Apr 16 2022,146526
Sun Apr 17 2022,145400
Mon Apr 18 2022,145314
Tue Apr 19 2022,144473
Wed Apr 20 2022,144493
Thu Apr 21 2022,142261
Fri Apr 22 2022,145793
Sat Apr 23 2022,145716
Sun Apr 24 2022,146662
Mon Apr 25 2022,146751
Tue Apr 26 2022,146211
Wed Apr 27 2022,146225
Thu Apr 28 2022,147314
Fri Apr 29 2022,146579
Sat Apr 30 2022,147114
Sun May 01 2022,145480
Mon May 02 2022,145028
Tue May 03 2022,145556
Wed May 04 2022,145907
Thu May 05 2022,145467
Fri May 06 2022,145245
Sat May 07 2022,145444
Sun May 08 2022,145820
Mon May 09 2022,140581
Tue May 10 2022,141450
Wed May 11 2022,142229
Thu May 12 2022,140624
Fri May 13 2022,140815
Sat May 14 2022,140604
Sun May 15 2022,140802
Mon May 16 2022,141121
Tue May 17 2022,142462
Wed May 18 2022,139037
Thu May 19 2022,140314
Fri May 20 2022,138274
Sat May 21 2022,137846
Sun May 22 2022,137974
Mon May 23 2022,138250
Tue May 24 2022,138016
Wed May 25 2022,137493
Thu May 26 2022,137628
Fri May 27 2022,136975
Sat May 28 2022,136374
Sun May 29 2022,137508
Mon May 30 2022,137426
Tue May 31 2022,136317
Wed Jun 01 2022,137031
Thu Jun 02 2022,136818
Fri Jun 03 2022,135927
Sat Jun 04 2022,135058
Sun Jun 05 2022,136136
Mon Jun 06 2022,136062
Tue Jun 07 2022,137596
Wed Jun 08 2022,137313
Thu Jun 09 2022,137239
Fri Jun 10 2022,139661
Sat Jun 11 2022,138493
Sun Jun 12 2022,137752
Mon Jun 13 2022,137698
Tue Jun 14 2022,136605
Wed Jun 15 2022,136583
Thu Jun 16 2022,134684
Fri Jun 17 2022,134272
Sat Jun 18 2022,135319
Sun Jun 19 2022,133460
Mon Jun 20 2022,133924
Tue Jun 21 2022,132414
Wed Jun 22 2022,133359
Thu Jun 23 2022,133237
Fri Jun 24 2022,137778
Sat Jun 25 2022,138069
Sun Jun 26 2022,137720
Mon Jun 27 2022,137796
Tue Jun 28 2022,138024
Wed Jun 29 2022,137047
Thu Jun 30 2022,136674
Fri Jul 01 2022,136485
Sat Jul 02 2022,136561
Sun Jul 03 2022,136141
Mon Jul 04 2022,136063
Tue Jul 05 2022,135957
Wed Jul 06 2022,136489
Thu Jul 07 2022,136504
Fri Jul 08 2022,136583
Sat Jul 09 2022,136252
Sun Jul 10 2022,136472
Mon Jul 11 2022,133963
Tue Jul 12 2022,133263
Wed Jul 13 2022,131738
Thu Jul 14 2022,132554
Fri Jul 15 2022,132431
Sat Jul 16 2022,133131
Sun Jul 17 2022,133126
Mon Jul 18 2022,133843
Tue Jul 19 2022,134349
Wed Jul 20 2022,134125
Thu Jul 21 2022,133395
Fri Jul 22 2022,134390
Sat Jul 23 2022,134680
Sun Jul 24 2022,135577
Mon Jul 25 2022,134919
Tue Jul 26 2022,130907
Wed Jul 27 2022,129956
Thu Jul 28 2022,130135
Fri Jul 29 2022,130990
Sat Jul 30 2022,131659
Sun Jul 31 2022,132071
Mon Aug 01 2022,132236
Tue Aug 02 2022,132871
Wed Aug 03 2022,132725
Thu Aug 04 2022,133639
Fri Aug 05 2022,132954
Sat Aug 06 2022,132773
Sun Aug 07 2022,132770
Mon Aug 08 2022,132760
Tue Aug 09 2022,131635
Wed Aug 10 2022,133811
Thu Aug 11 2022,133668
Fri Aug 12 2022,132944
Sat Aug 13 2022,132390
Sun Aug 14 2022,132899
Mon Aug 15 2022,132374
Tue Aug 16 2022,132833
Wed Aug 17 2022,132587
Thu Aug 18 2022,131582
Fri Aug 19 2022,133397
Sat Aug 20 2022,133187
Sun Aug 21 2022,133261
Mon Aug 22 2022,133331
Tue Aug 23 2022,133155
Wed Aug 24 2022,133213
Thu Aug 25 2022,132957
Fri Aug 26 2022,133040
Sat Aug 27 2022,132685
Sun Aug 28 2022,133341
Mon Aug 29 2022,133774
Tue Aug 30 2022,133886
Wed Aug 31 2022,134193
Thu Sep 01 2022,134290
Fri Sep 02 2022,134392
Sat Sep 03 2022,134981
Sun Sep 04 2022,133674
Mon Sep 05 2022,133791
Tue Sep 06 2022,135069
Wed Sep 07 2022,136158
Thu Sep 08 2022,135610
Fri Sep 09 2022,133490
Sat Sep 10 2022,133235
Sun Sep 11 2022,131466
Mon Sep 12 2022,130986
Tue Sep 13 2022,131029
Wed Sep 14 2022,131113
Thu Sep 15 2022,131422
Fri Sep 16 2022,128898
Sat Sep 17 2022,128922
Sun Sep 18 2022,128973
Mon Sep 19 2022,128891
Tue Sep 20 2022,128776
Wed Sep 21 2022,128103
Thu Sep 22 2022,128570
Fri Sep 23 2022,128715
Sat Sep 24 2022,128792
Sun Sep 25 2022,128917
Mon Sep 26 2022,128942
Tue Sep 27 2022,127215
Wed Sep 28 2022,127361
Thu Sep 29 2022,124452
Fri Sep 30 2022,123201
Sat Oct 01 2022,123296
Sun Oct 02 2022,124169
Mon Oct 03 2022,124240
Tue Oct 04 2022,124207
Wed Oct 05 2022,124216
Thu Oct 06 2022,123297
Fri Oct 07 2022,123318
Sat Oct 08 2022,122835
Sun Oct 09 2022,122936
Mon Oct 10 2022,123829
Tue Oct 11 2022,123421
Wed Oct 12 2022,127473
Thu Oct 13 2022,126670
Fri Oct 14 2022,126765
Sat Oct 15 2022,128116
Sun Oct 16 2022,128121
Mon Oct 17 2022,128242
Tue Oct 18 2022,122670
Wed Oct 19 2022,123125
Thu Oct 20 2022,123275
Fri Oct 21 2022,123723
Sat Oct 22 2022,124674
Sun Oct 23 2022,127995
Mon Oct 24 2022,126542
Tue Oct 25 2022,126432
Wed Oct 26 2022,126335
Thu Oct 27 2022,126054
Fri Oct 28 2022,131733
Sat Oct 29 2022,128667
Sun Oct 30 2022,122398
Mon Oct 31 2022,122330
Tue Nov 01 2022,122282
Wed Nov 02 2022,121925
Thu Nov 03 2022,121957
Fri Nov 04 2022,121768
Sat Nov 05 2022,124120
Sun Nov 06 2022,124559
Mon Nov 07 2022,124403
Tue Nov 08 2022,123559
Wed Nov 09 2022,123007
Thu Nov 10 2022,123728
Fri Nov 11 2022,123577
Sat Nov 12 2022,123333
Sun Nov 13 2022,122959
Mon Nov 14 2022,122570
Tue Nov 15 2022,122515
Wed Nov 16 2022,123096
Thu Nov 17 2022,123245
Fri Nov 18 2022,122117
Sat Nov 19 2022,119573
Sun Nov 20 2022,121671
Mon Nov 21 2022,121456
Tue Nov 22 2022,119829
Wed Nov 23 2022,120815
Thu Nov 24 2022,120734
Fri Nov 25 2022,120703
Sat Nov 26 2022,120262
Sun Nov 27 2022,120735
Mon Nov 28 2022,120559
Tue Nov 29 2022,119903
Wed Nov 30 2022,119524
Thu Dec 01 2022,119510
Fri Dec 02 2022,119224
Sat Dec 03 2022,118494
Sun Dec 04 2022,118201
Mon Dec 05 2022,119031
Tue Dec 06 2022,122947
Wed Dec 07 2022,122037
Thu Dec 08 2022,121770
Fri Dec 09 2022,120833
Sat Dec 10 2022,121567
Sun Dec 11 2022,120697
Mon Dec 12 2022,121917
Tue Dec 13 2022,121782
Wed Dec 14 2022,121593
Thu Dec 15 2022,122417
Fri Dec 16 2022,123219
Sat Dec 17 2022,123801
Sun Dec 18 2022,123709
Mon Dec 19 2022,123615
Tue Dec 20 2022,119844
Wed Dec 21 2022,117786
Thu Dec 22 2022,117656
Fri Dec 23 2022,117572
Sat Dec 24 2022,117470
Sun Dec 25 2022,116689
Mon Dec 26 2022,116649
Tue Dec 27 2022,116571
Wed Dec 28 2022,114895
Thu Dec 29 2022,114804
Fri Dec 30 2022,115645
Sat Dec 31 2022,115157
Sun Jan 01 2023,115062
Mon Jan 02 2023,114766
Tue Jan 03 2023,113923
Wed Jan 04 2023,113777
Thu Jan 05 2023,112702
Fri Jan 06 2023,112199
Sat Jan 07 2023,111614
Sun Jan 08 2023,111865
Mon Jan 09 2023,109991
Tue Jan 10 2023,108015
Wed Jan 11 2023,108050
Thu Jan 12 2023,107643
Fri Jan 13 2023,107664
Sat Jan 14 2023,107707
Sun Jan 15 2023,108388
Mon Jan 16 2023,106513
Tue Jan 17 2023,108515
Wed Jan 18 2023,108285
Thu Jan 19 2023,107821
Fri Jan 20 2023,107985
Sat Jan 21 2023,106580
Sun Jan 22 2023,105753
Mon Jan 23 2023,105668
Tue Jan 24 2023,105198
Wed Jan 25 2023,105127
Thu Jan 26 2023,105252
Fri Jan 27 2023,105332
Sat Jan 28 2023,101863
Sun Jan 29 2023,101099
Mon Jan 30 2023,101037
Tue Jan 31 2023,101006
Wed Feb 01 2023,105653
Thu Feb 02 2023,104722
Fri Feb 03 2023,106172
Sat Feb 04 2023,106083
Sun Feb 05 2023,107406
Mon Feb 06 2023,104130
Tue Feb 07 2023,104137
Wed Feb 08 2023,104117
Thu Feb 09 2023,104080
Fri Feb 10 2023,104076
Sat Feb 11 2023,104360
Sun Feb 12 2023,108009
Mon Feb 13 2023,108056
Tue Feb 14 2023,108178
Wed Feb 15 2023,108485
Thu Feb 16 2023,110443
Fri Feb 17 2023,110485
Sat Feb 18 2023,110563
Sun Feb 19 2023,110184
Mon Feb 20 2023,110340
Tue Feb 21 2023,110404
Wed Feb 22 2023,110423
Thu Feb 23 2023,110361
Fri Feb 24 2023,107431
Sat Feb 25 2023,106514
Sun Feb 26 2023,107420
Mon Feb 27 2023,107523
Tue Feb 28 2023,106459
Wed Mar 01 2023,106482
Thu Mar 02 2023,105482
Fri Mar 03 2023,105157
Sat Mar 04 2023,101236
Sun Mar 05 2023,100376
Mon Mar 06 2023,100458
Tue Mar 07 2023,106383
Wed Mar 08 2023,107141
Thu Mar 09 2023,107607
Fri Mar 10 2023,106148
Sat Mar 11 2023,107590
Sun Mar 12 2023,107221
Mon Mar 13 2023,105117
Tue Mar 14 2023,105596
Wed Mar 15 2023,105982
Thu Mar 16 2023,106208
Fri Mar 17 2023,106415
Sat Mar 18 2023,105723
Sun Mar 19 2023,105649
Mon Mar 20 2023,105616
Tue Mar 21 2023,105347
Wed Mar 22 2023,105413
Thu Mar 23 2023,105526
Fri Mar 24 2023,104621
Sat Mar 25 2023,104772
Sun Mar 26 2023,104566
Mon Mar 27 2023,104496
Tue Mar 28 2023,104376
Wed Mar 29 2023,104661
Thu Mar 30 2023,104946
Fri Mar 31 2023,105887
Sat Apr 01 2023,105245
Sun Apr 02 2023,104789
Mon Apr 03 2023,104707
Tue Apr 04 2023,104640
Wed Apr 05 2023,104569
Thu Apr 06 2023,105083
Fri Apr 07 2023,105892
Sat Apr 08 2023,107197
Sun Apr 09 2023,107054
Mon Apr 10 2023,106934
Tue Apr 11 2023,107931
Wed Apr 12 2023,107696
Thu Apr 13 2023,107290
Fri Apr 14 2023,107188
Sat Apr 15 2023,107238
Sun Apr 16 2023,107079
Mon Apr 17 2023,106937
Tue Apr 18 2023,106769
Wed Apr 19 2023,101635
Thu Apr 20 2023,98613
Fri Apr 21 2023,98723
Sat Apr 22 2023,98668
Sun Apr 23 2023,98750
Mon Apr 24 2023,96786
Tue Apr 25 2023,96715
Wed Apr 26 2023,97904
Thu Apr 27 2023,97693
Fri Apr 28 2023,96806
Sat Apr 29 2023,97785
Sun Apr 30 2023,97710
Mon May 01 2023,96886
Tue May 02 2023,96849
Wed May 03 2023,96335
Thu May 04 2023,94853
Fri May 05 2023,94883
Sat May 06 2023,94543
Sun May 07 2023,94409
Mon May 08 2023,94334
Tue May 09 2023,94445
Wed May 10 2023,94898
Thu May 11 2023,95228
Fri May 12 2023,94881
Sat May 13 2023,94761
Sun May 14 2023,95230
Mon May 15 2023,95144
Tue May 16 2023,95211
Wed May 17 2023,95269
Thu May 18 2023,95382
Fri May 19 2023,95428
Sat May 20 2023,95100
Sun May 21 2023,95143
Mon May 22 2023,95952
Tue May 23 2023,96552
Wed May 24 2023,96636
Thu May 25 2023,96420
Fri May 26 2023,97005
Sat May 27 2023,97093
Sun May 28 2023,97204
Mon May 29 2023,97510
Tue May 30 2023,98259
Wed May 31 2023,98170
Thu Jun 01 2023,98263
Fri Jun 02 2023,98343
Sat Jun 03 2023,98198
Sun Jun 04 2023,98589
Mon Jun 05 2023,98677
Tue Jun 06 2023,98542
Wed Jun 07 2023,98056
Thu Jun 08 2023,98464
Fri Jun 09 2023,99009
Sat Jun 10 2023,99010
Sun Jun 11 2023,98000
Mon Jun 12 2023,98043
Tue Jun 13 2023,98097
Wed Jun 14 2023,98370
Thu Jun 15 2023,99862
Fri Jun 16 2023,99861
Sat Jun 17 2023,99477
Sun Jun 18 2023,99602
Mon Jun 19 2023,99552
Tue Jun 20 2023,99628
Wed Jun 21 2023,98779
Thu Jun 22 2023,99107
Fri Jun 23 2023,99117
Sat Jun 24 2023,100640
Sun Jun 25 2023,100594
Mon Jun 26 2023,100533
Tue Jun 27 2023,100452
Wed Jun 28 2023,100651
Thu Jun 29 2023,100010
Fri Jun 30 2023,99797
Sat Jul 01 2023,99885
Sun Jul 02 2023,99882
Mon Jul 03 2023,99718
Tue Jul 04 2023,96347
Wed Jul 05 2023,99009
Thu Jul 06 2023,98893
Fri Jul 07 2023,98659
Sat Jul 08 2023,98592
Sun Jul 09 2023,96052
Mon Jul 10 2023,99492
Tue Jul 11 2023,95682
Wed Jul 12 2023,95837
Thu Jul 13 2023,96154
Fri Jul 14 2023,98600
Sat Jul 15 2023,98684
Sun Jul 16 2023,98574
Mon Jul 17 2023,98800
Tue Jul 18 2023,98698
Wed Jul 19 2023,98910
Thu Jul 20 2023,98541
Fri Jul 21 2023,98506
Sat Jul 22 2023,98450
Sun Jul 23 2023,98139
Mon Jul 24 2023,98070
Tue Jul 25 2023,98672
Wed Jul 26 2023,100401
Thu Jul 27 2023,99177
Fri Jul 28 2023,97195
Sat Jul 29 2023,94460
Sun Jul 30 2023,94419
Mon Jul 31 2023,95827
Tue Aug 01 2023,95801
Wed Aug 02 2023,95780
Thu Aug 03 2023,95739
Fri Aug 04 2023,95076
Sat Aug 05 2023,94671
Sun Aug 06 2023,94524
Mon Aug 07 2023,94558
Tue Aug 08 2023,94551
Wed Aug 09 2023,94552
Thu Aug 10 2023,94461
Fri Aug 11 2023,94021
Sat Aug 12 2023,94266
Sun Aug 13 2023,94200
Mon Aug 14 2023,94277
Tue Aug 15 2023,94367
Wed Aug 16 2023,94460
Thu Aug 17 2023,93688
Fri Aug 18 2023,93677
Sat Aug 19 2023,93773
Sun Aug 20 2023,94726
Mon Aug 21 2023,94796
Tue Aug 22 2023,94805
Wed Aug 23 2023,94811
Thu Aug 24 2023,95039
Fri Aug 25 2023,95044
Sat Aug 26 2023,95553
Sun Aug 27 2023,95629
Mon Aug 28 2023,95690
Tue Aug 29 2023,94694
Wed Aug 30 2023,95880
Thu Aug 31 2023,95913
Fri Sep 01 2023,95945
Sat Sep 02 2023,96045
Sun Sep 03 2023,95909
Mon Sep 04 2023,95966
Tue Sep 05 2023,96034
Wed Sep 06 2023,95473
Thu Sep 07 2023,96072
Fri Sep 08 2023,96569
Sat Sep 09 2023,95989
Sun Sep 10 2023,95272
Mon Sep 11 2023,95349
Tue Sep 12 2023,96501
Wed Sep 13 2023,97260
Thu Sep 14 2023,97866
Fri Sep 15 2023,97855
Sat Sep 16 2023,96540
Sun Sep 17 2023,97261
Mon Sep 18 2023,97994
Tue Sep 19 2023,97000
Wed Sep 20 2023,95424
Thu Sep 21 2023,95484
Fri Sep 22 2023,95199
Sat Sep 23 2023,97938
Sun Sep 24 2023,97992
Mon Sep 25 2023,94915
Tue Sep 26 2023,94986
Wed Sep 27 2023,94922
Thu Sep 28 2023,95004
Fri Sep 29 2023,94967
Sat Sep 30 2023,94834
Sun Oct 01 2023,94628
Mon Oct 02 2023,94430
Tue Oct 03 2023,95849
Wed Oct 04 2023,96103
Thu Oct 05 2023,95114
Fri Oct 06 2023,95180
Sat Oct 07 2023,97089
Sun Oct 08 2023,95335
Mon Oct 09 2023,96656
Tue Oct 10 2023,96350
Wed Oct 11 2023,96518
Thu Oct 12 2023,96536
Fri Oct 13 2023,96602
Sat Oct 14 2023,97473
Sun Oct 15 2023,97529
Mon Oct 16 2023,97573
Tue Oct 17 2023,97799
Wed Oct 18 2023,96968
Thu Oct 19 2023,96744
Fri Oct 20 2023,96440
Sat Oct 21 2023,96474
Sun Oct 22 2023,96489
Mon Oct 23 2023,96505
Tue Oct 24 2023,96829
Wed Oct 25 2023,95946
Thu Oct 26 2023,95589
Fri Oct 27 2023,96091
Sat Oct 28 2023,96060
Sun Oct 29 2023,96050
Mon Oct 30 2023,96053
Tue Oct 31 2023,95929
Wed Nov 01 2023,95349
Thu Nov 02 2023,95339
Fri Nov 03 2023,95083
Sat Nov 04 2023,94706
Sun Nov 05 2023,94402
Mon Nov 06 2023,94349
Tue Nov 07 2023,94350
Wed Nov 08 2023,94377
Thu Nov 09 2023,94335
Fri Nov 10 2023,93622
Sat Nov 11 2023,94647
Sun Nov 12 2023,94613
Mon Nov 13 2023,93297
Tue Nov 14 2023,93245
Wed Nov 15 2023,93168
Thu Nov 16 2023,92747
Fri Nov 17 2023,92494
Sat Nov 18 2023,92385
Sun Nov 19 2023,92525
Mon Nov 20 2023,93065
Tue Nov 21 2023,91929
Wed Nov 22 2023,91952
Thu Nov 23 2023,91182
Fri Nov 24 2023,90510
Sat Nov 25 2023,90415
Sun Nov 26 2023,90305
Mon Nov 27 2023,90197
Tue Nov 28 2023,90092
Wed Nov 29 2023,89076
Thu Nov 30 2023,88496
Fri Dec 01 2023,88545
Sat Dec 02 2023,88455
Sun Dec 03 2023,88377
Mon Dec 04 2023,88138
Tue Dec 05 2023,88217
Wed Dec 06 2023,87137
Thu Dec 07 2023,87846
Fri Dec 08 2023,87383
Sat Dec 09 2023,87361
Sun Dec 10 2023,87124
Mon Dec 11 2023,87090
Tue Dec 12 2023,87425
Wed Dec 13 2023,87271
Thu Dec 14 2023,86892
Fri Dec 15 2023,85974
Sat Dec 16 2023,85957
Sun Dec 17 2023,85711
Mon Dec 18 2023,85185
Tue Dec 19 2023,85283
Wed Dec 20 2023,83708
Thu Dec 21 2023,83511
Fri Dec 22 2023,83502
Sat Dec 23 2023,82833
Sun Dec 24 2023,82803
Mon Dec 25 2023,83031
Tue Dec 26 2023,82743
Wed Dec 27 2023,82723
Thu Dec 28 2023,82691
Fri Dec 29 2023,82651
Sat Dec 30 2023,82197
Sun Dec 31 2023,82249
Mon Jan 01 2024,82182
Tue Jan 02 2024,82325
Wed Jan 03 2024,82300
Thu Jan 04 2024,82280
Fri Jan 05 2024,81527
Sat Jan 06 2024,81090
Sun Jan 07 2024,81405
Mon Jan 08 2024,81360
Tue Jan 09 2024,81568
Wed Jan 10 2024,81350
Thu Jan 11 2024,81485
Fri Jan 12 2024,82600
Sat Jan 13 2024,82560
Sun Jan 14 2024,83102
Mon Jan 15 2024,83369
Tue Jan 16 2024,82738
Wed Jan 17 2024,82526
Thu Jan 18 2024,82329
Fri Jan 19 2024,83230
Sat Jan 20 2024,83369
Sun Jan 21 2024,83115
Mon Jan 22 2024,83707
Tue Jan 23 2024,84489
Wed Jan 24 2024,83722
Thu Jan 25 2024,83688
Fri Jan 26 2024,83918
Sat Jan 27 2024,83070
Sun Jan 28 2024,83222
Mon Jan 29 2024,83546
Tue Jan 30 2024,83450
Wed Jan 31 2024,82781
Thu Feb 01 2024,82756
Fri Feb 02 2024,82569
Sat Feb 03 2024,82104
Sun Feb 04 2024,82140
Mon Feb 05 2024,82175
