date,Rolex 124300 (USD)
Sun Dec 02 2018,0
Mon Dec 03 2018,0
Tue Dec 04 2018,0
Wed Dec 05 2018,0
Thu Dec 06 2018,0
Fri Dec 07 2018,0
Sat Dec 08 2018,0
Sun Dec 09 2018,0
Mon Dec 10 2018,0
Tue Dec 11 2018,0
Wed Dec 12 2018,0
Thu Dec 13 2018,0
Fri Dec 14 2018,0
Sat Dec 15 2018,0
Sun Dec 16 2018,0
Mon Dec 17 2018,0
Tue Dec 18 2018,0
Wed Dec 19 2018,0
Thu Dec 20 2018,0
Fri Dec 21 2018,0
Sat Dec 22 2018,0
Sun Dec 23 2018,0
Mon Dec 24 2018,0
Tue Dec 25 2018,0
Wed Dec 26 2018,0
Thu Dec 27 2018,0
Fri Dec 28 2018,0
Sat Dec 29 2018,0
Sun Dec 30 2018,0
Mon Dec 31 2018,0
Tue Jan 01 2019,0
Wed Jan 02 2019,0
Thu Jan 03 2019,0
Fri Jan 04 2019,0
Sat Jan 05 2019,0
Sun Jan 06 2019,0
Mon Jan 07 2019,0
Tue Jan 08 2019,0
Wed Jan 09 2019,0
Thu Jan 10 2019,0
Fri Jan 11 2019,0
Sat Jan 12 2019,0
Sun Jan 13 2019,0
Mon Jan 14 2019,0
Tue Jan 15 2019,0
Wed Jan 16 2019,0
Thu Jan 17 2019,0
Fri Jan 18 2019,0
Sat Jan 19 2019,0
Sun Jan 20 2019,0
Mon Jan 21 2019,0
Tue Jan 22 2019,0
Wed Jan 23 2019,0
Thu Jan 24 2019,0
Fri Jan 25 2019,0
Sat Jan 26 2019,0
Sun Jan 27 2019,0
Mon Jan 28 2019,0
Tue Jan 29 2019,0
Wed Jan 30 2019,0
Thu Jan 31 2019,0
Fri Feb 01 2019,0
Sat Feb 02 2019,0
Sun Feb 03 2019,0
Mon Feb 04 2019,0
Tue Feb 05 2019,0
Wed Feb 06 2019,0
Thu Feb 07 2019,0
Fri Feb 08 2019,0
Sat Feb 09 2019,0
Sun Feb 10 2019,0
Mon Feb 11 2019,0
Tue Feb 12 2019,0
Wed Feb 13 2019,0
Thu Feb 14 2019,0
Fri Feb 15 2019,0
Sat Feb 16 2019,0
Sun Feb 17 2019,0
Mon Feb 18 2019,0
Tue Feb 19 2019,0
Wed Feb 20 2019,0
Thu Feb 21 2019,0
Fri Feb 22 2019,0
Sat Feb 23 2019,0
Sun Feb 24 2019,0
Mon Feb 25 2019,0
Tue Feb 26 2019,0
Wed Feb 27 2019,0
Thu Feb 28 2019,0
Fri Mar 01 2019,0
Sat Mar 02 2019,0
Sun Mar 03 2019,0
Mon Mar 04 2019,0
Tue Mar 05 2019,0
Wed Mar 06 2019,0
Thu Mar 07 2019,0
Fri Mar 08 2019,0
Sat Mar 09 2019,0
Sun Mar 10 2019,0
Mon Mar 11 2019,0
Tue Mar 12 2019,0
Wed Mar 13 2019,0
Thu Mar 14 2019,0
Fri Mar 15 2019,0
Sat Mar 16 2019,0
Sun Mar 17 2019,0
Mon Mar 18 2019,0
Tue Mar 19 2019,0
Wed Mar 20 2019,0
Thu Mar 21 2019,0
Fri Mar 22 2019,0
Sat Mar 23 2019,0
Sun Mar 24 2019,0
Mon Mar 25 2019,0
Tue Mar 26 2019,0
Wed Mar 27 2019,0
Thu Mar 28 2019,0
Fri Mar 29 2019,0
Sat Mar 30 2019,0
Sun Mar 31 2019,0
Mon Apr 01 2019,0
Tue Apr 02 2019,0
Wed Apr 03 2019,0
Thu Apr 04 2019,0
Fri Apr 05 2019,0
Sat Apr 06 2019,0
Sun Apr 07 2019,0
Mon Apr 08 2019,0
Tue Apr 09 2019,0
Wed Apr 10 2019,0
Thu Apr 11 2019,0
Fri Apr 12 2019,0
Sat Apr 13 2019,0
Sun Apr 14 2019,0
Mon Apr 15 2019,0
Tue Apr 16 2019,0
Wed Apr 17 2019,0
Thu Apr 18 2019,0
Fri Apr 19 2019,0
Sat Apr 20 2019,0
Sun Apr 21 2019,0
Mon Apr 22 2019,0
Tue Apr 23 2019,0
Wed Apr 24 2019,0
Thu Apr 25 2019,0
Fri Apr 26 2019,0
Sat Apr 27 2019,0
Sun Apr 28 2019,0
Mon Apr 29 2019,0
Tue Apr 30 2019,0
Wed May 01 2019,0
Thu May 02 2019,0
Fri May 03 2019,0
Sat May 04 2019,0
Sun May 05 2019,0
Mon May 06 2019,0
Tue May 07 2019,0
Wed May 08 2019,0
Thu May 09 2019,0
Fri May 10 2019,0
Sat May 11 2019,0
Sun May 12 2019,0
Mon May 13 2019,0
Tue May 14 2019,0
Wed May 15 2019,0
Thu May 16 2019,0
Fri May 17 2019,0
Sat May 18 2019,0
Sun May 19 2019,0
Mon May 20 2019,0
Tue May 21 2019,0
Wed May 22 2019,0
Thu May 23 2019,0
Fri May 24 2019,0
Sat May 25 2019,0
Sun May 26 2019,0
Mon May 27 2019,0
Tue May 28 2019,0
Wed May 29 2019,0
Thu May 30 2019,0
Fri May 31 2019,0
Sat Jun 01 2019,0
Sun Jun 02 2019,0
Mon Jun 03 2019,0
Tue Jun 04 2019,0
Wed Jun 05 2019,0
Thu Jun 06 2019,0
Fri Jun 07 2019,0
Sat Jun 08 2019,0
Sun Jun 09 2019,0
Mon Jun 10 2019,0
Tue Jun 11 2019,0
Wed Jun 12 2019,0
Thu Jun 13 2019,0
Fri Jun 14 2019,0
Sat Jun 15 2019,0
Sun Jun 16 2019,0
Mon Jun 17 2019,0
Tue Jun 18 2019,0
Wed Jun 19 2019,0
Thu Jun 20 2019,0
Fri Jun 21 2019,0
Sat Jun 22 2019,0
Sun Jun 23 2019,0
Mon Jun 24 2019,0
Tue Jun 25 2019,0
Wed Jun 26 2019,0
Thu Jun 27 2019,0
Fri Jun 28 2019,0
Sat Jun 29 2019,0
Sun Jun 30 2019,0
Mon Jul 01 2019,0
Tue Jul 02 2019,0
Wed Jul 03 2019,0
Thu Jul 04 2019,0
Fri Jul 05 2019,0
Sat Jul 06 2019,0
Sun Jul 07 2019,0
Mon Jul 08 2019,0
Tue Jul 09 2019,0
Wed Jul 10 2019,0
Thu Jul 11 2019,0
Fri Jul 12 2019,0
Sat Jul 13 2019,0
Sun Jul 14 2019,0
Mon Jul 15 2019,0
Tue Jul 16 2019,0
Wed Jul 17 2019,0
Thu Jul 18 2019,0
Fri Jul 19 2019,0
Sat Jul 20 2019,0
Sun Jul 21 2019,0
Mon Jul 22 2019,0
Tue Jul 23 2019,0
Wed Jul 24 2019,0
Thu Jul 25 2019,0
Fri Jul 26 2019,0
Sat Jul 27 2019,0
Sun Jul 28 2019,0
Mon Jul 29 2019,0
Tue Jul 30 2019,0
Wed Jul 31 2019,0
Thu Aug 01 2019,0
Fri Aug 02 2019,0
Sat Aug 03 2019,0
Sun Aug 04 2019,0
Mon Aug 05 2019,0
Tue Aug 06 2019,0
Wed Aug 07 2019,0
Thu Aug 08 2019,0
Fri Aug 09 2019,0
Sat Aug 10 2019,0
Sun Aug 11 2019,0
Mon Aug 12 2019,0
Tue Aug 13 2019,0
Wed Aug 14 2019,0
Thu Aug 15 2019,0
Fri Aug 16 2019,0
Sat Aug 17 2019,0
Sun Aug 18 2019,0
Mon Aug 19 2019,0
Tue Aug 20 2019,0
Wed Aug 21 2019,0
Thu Aug 22 2019,0
Fri Aug 23 2019,0
Sat Aug 24 2019,0
Sun Aug 25 2019,0
Mon Aug 26 2019,0
Tue Aug 27 2019,0
Wed Aug 28 2019,0
Thu Aug 29 2019,0
Fri Aug 30 2019,0
Sat Aug 31 2019,0
Sun Sep 01 2019,0
Mon Sep 02 2019,0
Tue Sep 03 2019,0
Wed Sep 04 2019,0
Thu Sep 05 2019,0
Fri Sep 06 2019,0
Sat Sep 07 2019,0
Sun Sep 08 2019,0
Mon Sep 09 2019,0
Tue Sep 10 2019,0
Wed Sep 11 2019,0
Thu Sep 12 2019,0
Fri Sep 13 2019,0
Sat Sep 14 2019,0
Sun Sep 15 2019,0
Mon Sep 16 2019,0
Tue Sep 17 2019,0
Wed Sep 18 2019,0
Thu Sep 19 2019,0
Fri Sep 20 2019,0
Sat Sep 21 2019,0
Sun Sep 22 2019,0
Mon Sep 23 2019,0
Tue Sep 24 2019,0
Wed Sep 25 2019,0
Thu Sep 26 2019,0
Fri Sep 27 2019,0
Sat Sep 28 2019,0
Sun Sep 29 2019,0
Mon Sep 30 2019,0
Tue Oct 01 2019,0
Wed Oct 02 2019,0
Thu Oct 03 2019,0
Fri Oct 04 2019,0
Sat Oct 05 2019,0
Sun Oct 06 2019,0
Mon Oct 07 2019,0
Tue Oct 08 2019,0
Wed Oct 09 2019,0
Thu Oct 10 2019,0
Fri Oct 11 2019,0
Sat Oct 12 2019,0
Sun Oct 13 2019,0
Mon Oct 14 2019,0
Tue Oct 15 2019,0
Wed Oct 16 2019,0
Thu Oct 17 2019,0
Fri Oct 18 2019,0
Sat Oct 19 2019,0
Sun Oct 20 2019,0
Mon Oct 21 2019,0
Tue Oct 22 2019,0
Wed Oct 23 2019,0
Thu Oct 24 2019,0
Fri Oct 25 2019,0
Sat Oct 26 2019,0
Sun Oct 27 2019,0
Mon Oct 28 2019,0
Tue Oct 29 2019,0
Wed Oct 30 2019,0
Thu Oct 31 2019,0
Fri Nov 01 2019,0
Sat Nov 02 2019,0
Sun Nov 03 2019,0
Mon Nov 04 2019,0
Tue Nov 05 2019,0
Wed Nov 06 2019,0
Thu Nov 07 2019,0
Fri Nov 08 2019,0
Sat Nov 09 2019,0
Sun Nov 10 2019,0
Mon Nov 11 2019,0
Tue Nov 12 2019,0
Wed Nov 13 2019,0
Thu Nov 14 2019,0
Fri Nov 15 2019,0
Sat Nov 16 2019,0
Sun Nov 17 2019,0
Mon Nov 18 2019,0
Tue Nov 19 2019,0
Wed Nov 20 2019,0
Thu Nov 21 2019,0
Fri Nov 22 2019,0
Sat Nov 23 2019,0
Sun Nov 24 2019,0
Mon Nov 25 2019,0
Tue Nov 26 2019,0
Wed Nov 27 2019,0
Thu Nov 28 2019,0
Fri Nov 29 2019,0
Sat Nov 30 2019,0
Sun Dec 01 2019,0
Mon Dec 02 2019,0
Tue Dec 03 2019,0
Wed Dec 04 2019,0
Thu Dec 05 2019,0
Fri Dec 06 2019,0
Sat Dec 07 2019,0
Sun Dec 08 2019,0
Mon Dec 09 2019,0
Tue Dec 10 2019,0
Wed Dec 11 2019,0
Thu Dec 12 2019,0
Fri Dec 13 2019,0
Sat Dec 14 2019,0
Sun Dec 15 2019,0
Mon Dec 16 2019,0
Tue Dec 17 2019,0
Wed Dec 18 2019,0
Thu Dec 19 2019,0
Fri Dec 20 2019,0
Sat Dec 21 2019,0
Sun Dec 22 2019,0
Mon Dec 23 2019,0
Tue Dec 24 2019,0
Wed Dec 25 2019,0
Thu Dec 26 2019,0
Fri Dec 27 2019,0
Sat Dec 28 2019,0
Sun Dec 29 2019,0
Mon Dec 30 2019,0
Tue Dec 31 2019,0
Wed Jan 01 2020,0
Thu Jan 02 2020,0
Fri Jan 03 2020,0
Sat Jan 04 2020,0
Sun Jan 05 2020,0
Mon Jan 06 2020,0
Tue Jan 07 2020,0
Wed Jan 08 2020,0
Thu Jan 09 2020,0
Fri Jan 10 2020,0
Sat Jan 11 2020,0
Sun Jan 12 2020,0
Mon Jan 13 2020,0
Tue Jan 14 2020,0
Wed Jan 15 2020,0
Thu Jan 16 2020,0
Fri Jan 17 2020,0
Sat Jan 18 2020,0
Sun Jan 19 2020,0
Mon Jan 20 2020,0
Tue Jan 21 2020,0
Wed Jan 22 2020,0
Thu Jan 23 2020,0
Fri Jan 24 2020,0
Sat Jan 25 2020,0
Sun Jan 26 2020,0
Mon Jan 27 2020,0
Tue Jan 28 2020,0
Wed Jan 29 2020,0
Thu Jan 30 2020,0
Fri Jan 31 2020,0
Sat Feb 01 2020,0
Sun Feb 02 2020,0
Mon Feb 03 2020,0
Tue Feb 04 2020,0
Wed Feb 05 2020,0
Thu Feb 06 2020,0
Fri Feb 07 2020,0
Sat Feb 08 2020,0
Sun Feb 09 2020,0
Mon Feb 10 2020,0
Tue Feb 11 2020,0
Wed Feb 12 2020,0
Thu Feb 13 2020,0
Fri Feb 14 2020,0
Sat Feb 15 2020,0
Sun Feb 16 2020,0
Mon Feb 17 2020,0
Tue Feb 18 2020,0
Wed Feb 19 2020,0
Thu Feb 20 2020,0
Fri Feb 21 2020,0
Sat Feb 22 2020,0
Sun Feb 23 2020,0
Mon Feb 24 2020,0
Tue Feb 25 2020,0
Wed Feb 26 2020,0
Thu Feb 27 2020,0
Fri Feb 28 2020,0
Sat Feb 29 2020,0
Sun Mar 01 2020,0
Mon Mar 02 2020,0
Tue Mar 03 2020,0
Wed Mar 04 2020,0
Thu Mar 05 2020,0
Fri Mar 06 2020,0
Sat Mar 07 2020,0
Sun Mar 08 2020,0
Mon Mar 09 2020,0
Tue Mar 10 2020,0
Wed Mar 11 2020,0
Thu Mar 12 2020,0
Fri Mar 13 2020,0
Sat Mar 14 2020,0
Sun Mar 15 2020,0
Mon Mar 16 2020,0
Tue Mar 17 2020,0
Wed Mar 18 2020,0
Thu Mar 19 2020,0
Fri Mar 20 2020,0
Sat Mar 21 2020,0
Sun Mar 22 2020,0
Mon Mar 23 2020,0
Tue Mar 24 2020,0
Wed Mar 25 2020,0
Thu Mar 26 2020,0
Fri Mar 27 2020,0
Sat Mar 28 2020,0
Sun Mar 29 2020,0
Mon Mar 30 2020,0
Tue Mar 31 2020,0
Wed Apr 01 2020,0
Thu Apr 02 2020,0
Fri Apr 03 2020,0
Sat Apr 04 2020,0
Sun Apr 05 2020,0
Mon Apr 06 2020,0
Tue Apr 07 2020,0
Wed Apr 08 2020,0
Thu Apr 09 2020,0
Fri Apr 10 2020,0
Sat Apr 11 2020,0
Sun Apr 12 2020,0
Mon Apr 13 2020,0
Tue Apr 14 2020,0
Wed Apr 15 2020,0
Thu Apr 16 2020,0
Fri Apr 17 2020,0
Sat Apr 18 2020,0
Sun Apr 19 2020,0
Mon Apr 20 2020,0
Tue Apr 21 2020,0
Wed Apr 22 2020,0
Thu Apr 23 2020,0
Fri Apr 24 2020,0
Sat Apr 25 2020,0
Sun Apr 26 2020,0
Mon Apr 27 2020,0
Tue Apr 28 2020,0
Wed Apr 29 2020,0
Thu Apr 30 2020,0
Fri May 01 2020,0
Sat May 02 2020,0
Sun May 03 2020,0
Mon May 04 2020,0
Tue May 05 2020,0
Wed May 06 2020,0
Thu May 07 2020,0
Fri May 08 2020,0
Sat May 09 2020,0
Sun May 10 2020,0
Mon May 11 2020,0
Tue May 12 2020,0
Wed May 13 2020,0
Thu May 14 2020,0
Fri May 15 2020,0
Sat May 16 2020,0
Sun May 17 2020,0
Mon May 18 2020,0
Tue May 19 2020,0
Wed May 20 2020,0
Thu May 21 2020,0
Fri May 22 2020,0
Sat May 23 2020,0
Sun May 24 2020,0
Mon May 25 2020,0
Tue May 26 2020,0
Wed May 27 2020,0
Thu May 28 2020,0
Fri May 29 2020,0
Sat May 30 2020,0
Sun May 31 2020,0
Mon Jun 01 2020,0
Tue Jun 02 2020,0
Wed Jun 03 2020,0
Thu Jun 04 2020,0
Fri Jun 05 2020,0
Sat Jun 06 2020,0
Sun Jun 07 2020,0
Mon Jun 08 2020,0
Tue Jun 09 2020,0
Wed Jun 10 2020,0
Thu Jun 11 2020,0
Fri Jun 12 2020,0
Sat Jun 13 2020,0
Sun Jun 14 2020,0
Mon Jun 15 2020,0
Tue Jun 16 2020,0
Wed Jun 17 2020,0
Thu Jun 18 2020,0
Fri Jun 19 2020,0
Sat Jun 20 2020,0
Sun Jun 21 2020,0
Mon Jun 22 2020,0
Tue Jun 23 2020,0
Wed Jun 24 2020,0
Thu Jun 25 2020,0
Fri Jun 26 2020,0
Sat Jun 27 2020,0
Sun Jun 28 2020,0
Mon Jun 29 2020,0
Tue Jun 30 2020,0
Wed Jul 01 2020,0
Thu Jul 02 2020,0
Fri Jul 03 2020,0
Sat Jul 04 2020,0
Sun Jul 05 2020,0
Mon Jul 06 2020,0
Tue Jul 07 2020,0
Wed Jul 08 2020,0
Thu Jul 09 2020,0
Fri Jul 10 2020,0
Sat Jul 11 2020,0
Sun Jul 12 2020,0
Mon Jul 13 2020,0
Tue Jul 14 2020,0
Wed Jul 15 2020,0
Thu Jul 16 2020,0
Fri Jul 17 2020,0
Sat Jul 18 2020,0
Sun Jul 19 2020,0
Mon Jul 20 2020,0
Tue Jul 21 2020,0
Wed Jul 22 2020,0
Thu Jul 23 2020,0
Fri Jul 24 2020,0
Sat Jul 25 2020,0
Sun Jul 26 2020,0
Mon Jul 27 2020,0
Tue Jul 28 2020,0
Wed Jul 29 2020,0
Thu Jul 30 2020,0
Fri Jul 31 2020,0
Sat Aug 01 2020,0
Sun Aug 02 2020,0
Mon Aug 03 2020,0
Tue Aug 04 2020,0
Wed Aug 05 2020,0
Thu Aug 06 2020,0
Fri Aug 07 2020,0
Sat Aug 08 2020,0
Sun Aug 09 2020,0
Mon Aug 10 2020,0
Tue Aug 11 2020,0
Wed Aug 12 2020,0
Thu Aug 13 2020,0
Fri Aug 14 2020,0
Sat Aug 15 2020,0
Sun Aug 16 2020,0
Mon Aug 17 2020,0
Tue Aug 18 2020,0
Wed Aug 19 2020,0
Thu Aug 20 2020,0
Fri Aug 21 2020,0
Sat Aug 22 2020,0
Sun Aug 23 2020,0
Mon Aug 24 2020,0
Tue Aug 25 2020,0
Wed Aug 26 2020,0
Thu Aug 27 2020,0
Fri Aug 28 2020,0
Sat Aug 29 2020,0
Sun Aug 30 2020,0
Mon Aug 31 2020,0
Tue Sep 01 2020,0
Wed Sep 02 2020,0
Thu Sep 03 2020,0
Sun Sep 06 2020,0
Mon Sep 07 2020,0
Tue Sep 08 2020,0
Wed Sep 09 2020,0
Thu Sep 10 2020,0
Fri Sep 11 2020,0
Sun Sep 13 2020,0
Mon Sep 14 2020,0
Tue Sep 15 2020,0
Thu Sep 17 2020,0
Fri Sep 18 2020,7649
Sat Sep 19 2020,7649
Sun Sep 20 2020,7649
Mon Sep 21 2020,7649
Tue Sep 22 2020,7649
Wed Sep 23 2020,7649
Thu Sep 24 2020,7545
Fri Sep 25 2020,7545
Sat Sep 26 2020,7545
Sun Sep 27 2020,7545
Mon Sep 28 2020,7484
Tue Sep 29 2020,7484
Wed Sep 30 2020,7507
Thu Oct 01 2020,7515
Fri Oct 02 2020,7715
Sat Oct 03 2020,7717
Sun Oct 04 2020,7683
Mon Oct 05 2020,7683
Tue Oct 06 2020,7814
Wed Oct 07 2020,7838
Thu Oct 08 2020,7881
Fri Oct 09 2020,7886
Sat Oct 10 2020,7912
Sun Oct 11 2020,7915
Mon Oct 12 2020,7903
Tue Oct 13 2020,7903
Wed Oct 14 2020,7914
Thu Oct 15 2020,7907
Fri Oct 16 2020,7891
Sat Oct 17 2020,7893
Sun Oct 18 2020,7900
Mon Oct 19 2020,7907
Tue Oct 20 2020,7897
Wed Oct 21 2020,7916
Thu Oct 22 2020,7931
Fri Oct 23 2020,7953
Sat Oct 24 2020,7966
Sun Oct 25 2020,7957
Mon Oct 26 2020,7971
Tue Oct 27 2020,7964
Wed Oct 28 2020,7986
Thu Oct 29 2020,8001
Fri Oct 30 2020,7992
Sat Oct 31 2020,7985
Sun Nov 01 2020,7995
Mon Nov 02 2020,7992
Tue Nov 03 2020,8007
Wed Nov 04 2020,8070
Thu Nov 05 2020,8114
Fri Nov 06 2020,8114
Sat Nov 07 2020,8058
Sun Nov 08 2020,8047
Mon Nov 09 2020,8051
Tue Nov 10 2020,8054
Wed Nov 11 2020,8072
Thu Nov 12 2020,8069
Fri Nov 13 2020,8122
Sat Nov 14 2020,8130
Sun Nov 15 2020,8130
Mon Nov 16 2020,8130
Tue Nov 17 2020,8136
Wed Nov 18 2020,8118
Thu Nov 19 2020,8109
Fri Nov 20 2020,8094
Sat Nov 21 2020,8107
Sun Nov 22 2020,8116
Mon Nov 23 2020,8147
Tue Nov 24 2020,8148
Wed Nov 25 2020,8132
Thu Nov 26 2020,8151
Fri Nov 27 2020,8155
Sat Nov 28 2020,8148
Sun Nov 29 2020,8182
Mon Nov 30 2020,8117
Tue Dec 01 2020,8093
Wed Dec 02 2020,8096
Thu Dec 03 2020,8099
Fri Dec 04 2020,8099
Sat Dec 05 2020,8069
Sun Dec 06 2020,8069
Mon Dec 07 2020,8075
Tue Dec 08 2020,8088
Wed Dec 09 2020,8079
Thu Dec 10 2020,8192
Fri Dec 11 2020,8138
Sat Dec 12 2020,8149
Sun Dec 13 2020,8175
Mon Dec 14 2020,8210
Tue Dec 15 2020,8279
Wed Dec 16 2020,8284
Thu Dec 17 2020,8193
Fri Dec 18 2020,8201
Sat Dec 19 2020,8212
Sun Dec 20 2020,8214
Mon Dec 21 2020,8322
Tue Dec 22 2020,8333
Wed Dec 23 2020,8356
Thu Dec 24 2020,8394
Fri Dec 25 2020,8372
Sat Dec 26 2020,8371
Sun Dec 27 2020,8363
Mon Dec 28 2020,8355
Tue Dec 29 2020,8394
Wed Dec 30 2020,8438
Thu Dec 31 2020,8374
Fri Jan 01 2021,8314
Sat Jan 02 2021,8353
Sun Jan 03 2021,8373
Mon Jan 04 2021,8390
Tue Jan 05 2021,8525
Wed Jan 06 2021,8455
Thu Jan 07 2021,8492
Fri Jan 08 2021,8496
Sat Jan 09 2021,8517
Sun Jan 10 2021,8554
Mon Jan 11 2021,8591
Tue Jan 12 2021,8625
Wed Jan 13 2021,8653
Thu Jan 14 2021,8713
Fri Jan 15 2021,8799
Sat Jan 16 2021,8782
Sun Jan 17 2021,8777
Mon Jan 18 2021,8795
Tue Jan 19 2021,8847
Wed Jan 20 2021,8860
Thu Jan 21 2021,8823
Fri Jan 22 2021,8852
Sat Jan 23 2021,8829
Sun Jan 24 2021,8785
Mon Jan 25 2021,8837
Tue Jan 26 2021,8946
Wed Jan 27 2021,8934
Thu Jan 28 2021,8962
Fri Jan 29 2021,9051
Sat Jan 30 2021,9057
Sun Jan 31 2021,9124
Mon Feb 01 2021,9139
Tue Feb 02 2021,9109
Wed Feb 03 2021,9075
Thu Feb 04 2021,9044
Fri Feb 05 2021,9076
Sat Feb 06 2021,9047
Sun Feb 07 2021,9017
Mon Feb 08 2021,9018
Tue Feb 09 2021,8988
Wed Feb 10 2021,8973
Thu Feb 11 2021,8952
Fri Feb 12 2021,8961
Sat Feb 13 2021,8901
Sun Feb 14 2021,8882
Mon Feb 15 2021,8883
Tue Feb 16 2021,8879
Wed Feb 17 2021,8903
Thu Feb 18 2021,8880
Fri Feb 19 2021,8917
Sat Feb 20 2021,8862
Sun Feb 21 2021,8864
Mon Feb 22 2021,8909
Tue Feb 23 2021,8955
Wed Feb 24 2021,8899
Thu Feb 25 2021,8955
Fri Feb 26 2021,8957
Sat Feb 27 2021,8985
Sun Feb 28 2021,8957
Mon Mar 01 2021,8967
Tue Mar 02 2021,9050
Wed Mar 03 2021,9023
Thu Mar 04 2021,9028
Fri Mar 05 2021,9006
Sat Mar 06 2021,9005
Sun Mar 07 2021,9110
Mon Mar 08 2021,9121
Tue Mar 09 2021,9094
Wed Mar 10 2021,9083
Thu Mar 11 2021,9096
Fri Mar 12 2021,9084
Sat Mar 13 2021,9110
Sun Mar 14 2021,9019
Mon Mar 15 2021,9025
Tue Mar 16 2021,8966
Wed Mar 17 2021,8980
Thu Mar 18 2021,8925
Fri Mar 19 2021,8965
Sat Mar 20 2021,9002
Sun Mar 21 2021,8997
Mon Mar 22 2021,9007
Tue Mar 23 2021,9076
Wed Mar 24 2021,9085
Thu Mar 25 2021,9088
Fri Mar 26 2021,9064
Sat Mar 27 2021,9022
Sun Mar 28 2021,9003
Mon Mar 29 2021,9003
Tue Mar 30 2021,8935
Wed Mar 31 2021,8897
Thu Apr 01 2021,8924
Fri Apr 02 2021,8910
Sat Apr 03 2021,8904
Sun Apr 04 2021,8904
Mon Apr 05 2021,8977
Tue Apr 06 2021,9008
Wed Apr 07 2021,9063
Thu Apr 08 2021,9069
Fri Apr 09 2021,9125
Sat Apr 10 2021,9287
Sun Apr 11 2021,9254
Mon Apr 12 2021,9251
Tue Apr 13 2021,9248
Wed Apr 14 2021,9275
Thu Apr 15 2021,9269
Fri Apr 16 2021,9347
Sat Apr 17 2021,9340
Sun Apr 18 2021,9152
Mon Apr 19 2021,9038
Tue Apr 20 2021,9101
Wed Apr 21 2021,9116
Thu Apr 22 2021,9226
Fri Apr 23 2021,9201
Sat Apr 24 2021,9184
Sun Apr 25 2021,9181
Mon Apr 26 2021,9226
Tue Apr 27 2021,9213
Wed Apr 28 2021,9236
Thu Apr 29 2021,9218
Fri Apr 30 2021,9240
Sat May 01 2021,9245
Sun May 02 2021,9260
Mon May 03 2021,9347
Tue May 04 2021,9406
Wed May 05 2021,9424
Thu May 06 2021,9424
Fri May 07 2021,9405
Sat May 08 2021,9372
Sun May 09 2021,9305
Mon May 10 2021,9299
Tue May 11 2021,9420
Wed May 12 2021,9429
Thu May 13 2021,9400
Fri May 14 2021,9397
Sat May 15 2021,9598
Sun May 16 2021,9611
Mon May 17 2021,9639
Tue May 18 2021,9607
Wed May 19 2021,9644
Thu May 20 2021,9711
Fri May 21 2021,9743
Sat May 22 2021,9803
Sun May 23 2021,9791
Mon May 24 2021,9804
Tue May 25 2021,9849
Wed May 26 2021,9935
Thu May 27 2021,10118
Fri May 28 2021,10089
Sat May 29 2021,10047
Sun May 30 2021,10105
Mon May 31 2021,10158
Tue Jun 01 2021,10080
Wed Jun 02 2021,10108
Thu Jun 03 2021,10165
Fri Jun 04 2021,10179
Sat Jun 05 2021,10172
Sun Jun 06 2021,10135
Mon Jun 07 2021,10212
Tue Jun 08 2021,10252
Wed Jun 09 2021,10272
Thu Jun 10 2021,10156
Fri Jun 11 2021,10157
Sat Jun 12 2021,10259
Sun Jun 13 2021,10352
Mon Jun 14 2021,10380
Tue Jun 15 2021,10233
Wed Jun 16 2021,10262
Thu Jun 17 2021,10261
Fri Jun 18 2021,10298
Sat Jun 19 2021,10374
Sun Jun 20 2021,10260
Mon Jun 21 2021,10112
Tue Jun 22 2021,10150
Wed Jun 23 2021,10271
Thu Jun 24 2021,10209
Fri Jun 25 2021,9961
Sat Jun 26 2021,9872
Sun Jun 27 2021,9853
Mon Jun 28 2021,10094
Tue Jun 29 2021,10021
Wed Jun 30 2021,9995
Thu Jul 01 2021,10112
Fri Jul 02 2021,10089
Sat Jul 03 2021,10025
Sun Jul 04 2021,10051
Mon Jul 05 2021,10008
Tue Jul 06 2021,10102
Wed Jul 07 2021,10125
Thu Jul 08 2021,10077
Fri Jul 09 2021,10026
Sat Jul 10 2021,10022
Sun Jul 11 2021,10002
Mon Jul 12 2021,10002
Tue Jul 13 2021,10007
Wed Jul 14 2021,10029
Thu Jul 15 2021,10144
Fri Jul 16 2021,10219
Sat Jul 17 2021,10260
Sun Jul 18 2021,10194
Mon Jul 19 2021,10109
Tue Jul 20 2021,10018
Wed Jul 21 2021,10070
Thu Jul 22 2021,10036
Fri Jul 23 2021,10041
Sat Jul 24 2021,10093
Sun Jul 25 2021,10194
Mon Jul 26 2021,10135
Tue Jul 27 2021,10189
Wed Jul 28 2021,10202
Thu Jul 29 2021,10220
Fri Jul 30 2021,10262
Sat Jul 31 2021,10300
Sun Aug 01 2021,10224
Mon Aug 02 2021,10207
Tue Aug 03 2021,10158
Wed Aug 04 2021,10207
Thu Aug 05 2021,10159
Fri Aug 06 2021,10120
Sat Aug 07 2021,10041
Sun Aug 08 2021,10107
Mon Aug 09 2021,9952
Tue Aug 10 2021,9932
Wed Aug 11 2021,9916
Thu Aug 12 2021,9925
Fri Aug 13 2021,9852
Sat Aug 14 2021,9873
Sun Aug 15 2021,10011
Mon Aug 16 2021,10006
Tue Aug 17 2021,10095
Wed Aug 18 2021,10072
Thu Aug 19 2021,10167
Fri Aug 20 2021,10067
Sat Aug 21 2021,10066
Sun Aug 22 2021,10170
Mon Aug 23 2021,10213
Tue Aug 24 2021,10195
Wed Aug 25 2021,10216
Thu Aug 26 2021,10190
Fri Aug 27 2021,10241
Sat Aug 28 2021,10285
Sun Aug 29 2021,10301
Mon Aug 30 2021,10300
Tue Aug 31 2021,10418
Wed Sep 01 2021,10543
Thu Sep 02 2021,10580
Fri Sep 03 2021,10627
Sat Sep 04 2021,10751
Sun Sep 05 2021,10757
Mon Sep 06 2021,10793
Tue Sep 07 2021,10710
Wed Sep 08 2021,10881
Thu Sep 09 2021,10838
Fri Sep 10 2021,10818
Sat Sep 11 2021,10851
Sun Sep 12 2021,10951
Mon Sep 13 2021,10873
Tue Sep 14 2021,10786
Wed Sep 15 2021,10769
Thu Sep 16 2021,10764
Fri Sep 17 2021,10686
Sat Sep 18 2021,10737
Sun Sep 19 2021,10726
Mon Sep 20 2021,10738
Tue Sep 21 2021,10669
Wed Sep 22 2021,10720
Thu Sep 23 2021,10706
Fri Sep 24 2021,10712
Sat Sep 25 2021,10762
Sun Sep 26 2021,10749
Mon Sep 27 2021,10650
Tue Sep 28 2021,10592
Wed Sep 29 2021,10563
Thu Sep 30 2021,10662
Fri Oct 01 2021,10606
Sat Oct 02 2021,10632
Sun Oct 03 2021,10497
Mon Oct 04 2021,10370
Tue Oct 05 2021,10423
Wed Oct 06 2021,10325
Thu Oct 07 2021,10444
Fri Oct 08 2021,10503
Sat Oct 09 2021,10584
Sun Oct 10 2021,10769
Mon Oct 11 2021,10743
Tue Oct 12 2021,10542
Wed Oct 13 2021,10603
Thu Oct 14 2021,10646
Fri Oct 15 2021,10684
Sat Oct 16 2021,10708
Sun Oct 17 2021,10759
Mon Oct 18 2021,10687
Tue Oct 19 2021,10747
Wed Oct 20 2021,10721
Thu Oct 21 2021,10834
Fri Oct 22 2021,10721
Sat Oct 23 2021,10816
Sun Oct 24 2021,10860
Mon Oct 25 2021,10821
Tue Oct 26 2021,10823
Wed Oct 27 2021,11025
Thu Oct 28 2021,11137
Fri Oct 29 2021,11138
Sat Oct 30 2021,11091
Sun Oct 31 2021,11159
Mon Nov 01 2021,11143
Tue Nov 02 2021,11311
Wed Nov 03 2021,11280
Thu Nov 04 2021,11272
Fri Nov 05 2021,11327
Sat Nov 06 2021,11135
Sun Nov 07 2021,11068
Mon Nov 08 2021,11041
Tue Nov 09 2021,10924
Wed Nov 10 2021,10919
Thu Nov 11 2021,10920
Fri Nov 12 2021,10912
Sat Nov 13 2021,10794
Sun Nov 14 2021,10853
Mon Nov 15 2021,11045
Tue Nov 16 2021,11049
Wed Nov 17 2021,11158
Thu Nov 18 2021,11088
Fri Nov 19 2021,11174
Sat Nov 20 2021,11035
Sun Nov 21 2021,11141
Mon Nov 22 2021,11042
Tue Nov 23 2021,11075
Wed Nov 24 2021,11120
Thu Nov 25 2021,11120
Fri Nov 26 2021,11187
Sat Nov 27 2021,11056
Sun Nov 28 2021,11175
Mon Nov 29 2021,11195
Tue Nov 30 2021,11358
Wed Dec 01 2021,11319
Thu Dec 02 2021,11326
Fri Dec 03 2021,11409
Sat Dec 04 2021,11391
Sun Dec 05 2021,11428
Mon Dec 06 2021,11376
Tue Dec 07 2021,11360
Wed Dec 08 2021,11262
Thu Dec 09 2021,11624
Fri Dec 10 2021,11815
Sat Dec 11 2021,11993
Sun Dec 12 2021,11937
Mon Dec 13 2021,12187
Tue Dec 14 2021,12535
Wed Dec 15 2021,12429
Thu Dec 16 2021,12636
Fri Dec 17 2021,12491
Sat Dec 18 2021,12651
Sun Dec 19 2021,12714
Mon Dec 20 2021,12678
Tue Dec 21 2021,12627
Wed Dec 22 2021,12865
Thu Dec 23 2021,13021
Fri Dec 24 2021,13168
Sat Dec 25 2021,12498
Sun Dec 26 2021,12529
Mon Dec 27 2021,12605
Tue Dec 28 2021,12879
Wed Dec 29 2021,13111
Thu Dec 30 2021,12995
Fri Dec 31 2021,13007
Sat Jan 01 2022,12986
Sun Jan 02 2022,13009
Mon Jan 03 2022,13019
Tue Jan 04 2022,13273
Wed Jan 05 2022,13290
Thu Jan 06 2022,13322
Fri Jan 07 2022,13356
Sat Jan 08 2022,13331
Sun Jan 09 2022,13156
Mon Jan 10 2022,13253
Tue Jan 11 2022,13177
Wed Jan 12 2022,13132
Thu Jan 13 2022,12908
Fri Jan 14 2022,12876
Sat Jan 15 2022,12876
Sun Jan 16 2022,12649
Mon Jan 17 2022,12725
Tue Jan 18 2022,12712
Wed Jan 19 2022,12588
Thu Jan 20 2022,12571
Fri Jan 21 2022,12771
Sat Jan 22 2022,13164
Sun Jan 23 2022,13302
Mon Jan 24 2022,13401
Tue Jan 25 2022,13567
Wed Jan 26 2022,13726
Thu Jan 27 2022,13709
Fri Jan 28 2022,13214
Sat Jan 29 2022,13184
Sun Jan 30 2022,13281
Mon Jan 31 2022,13337
Tue Feb 01 2022,13566
Wed Feb 02 2022,13637
Thu Feb 03 2022,13612
Fri Feb 04 2022,13364
Sat Feb 05 2022,14061
Sun Feb 06 2022,14208
Mon Feb 07 2022,14889
Tue Feb 08 2022,14736
Wed Feb 09 2022,14523
Thu Feb 10 2022,14540
Fri Feb 11 2022,14900
Sat Feb 12 2022,15088
Sun Feb 13 2022,15828
Mon Feb 14 2022,16058
Tue Feb 15 2022,16283
Wed Feb 16 2022,16211
Thu Feb 17 2022,16216
Fri Feb 18 2022,16431
Sat Feb 19 2022,16487
Sun Feb 20 2022,16033
Mon Feb 21 2022,15151
Tue Feb 22 2022,15608
Wed Feb 23 2022,15636
Thu Feb 24 2022,15692
Fri Feb 25 2022,15801
Sat Feb 26 2022,15824
Sun Feb 27 2022,14929
Mon Feb 28 2022,14844
Tue Mar 01 2022,14960
Wed Mar 02 2022,14890
Thu Mar 03 2022,15020
Fri Mar 04 2022,14949
Sat Mar 05 2022,14865
Sun Mar 06 2022,15043
Mon Mar 07 2022,15582
Tue Mar 08 2022,15073
Wed Mar 09 2022,15571
Thu Mar 10 2022,15720
Fri Mar 11 2022,15633
Sat Mar 12 2022,15609
Sun Mar 13 2022,15520
Mon Mar 14 2022,15214
Tue Mar 15 2022,15251
Wed Mar 16 2022,15106
Thu Mar 17 2022,15271
Fri Mar 18 2022,15390
Sat Mar 19 2022,15395
Sun Mar 20 2022,15451
Mon Mar 21 2022,15285
Tue Mar 22 2022,15063
Wed Mar 23 2022,15178
Thu Mar 24 2022,15220
Fri Mar 25 2022,15195
Sat Mar 26 2022,15493
Sun Mar 27 2022,15333
Mon Mar 28 2022,15332
Tue Mar 29 2022,15445
Wed Mar 30 2022,16051
Thu Mar 31 2022,16864
Fri Apr 01 2022,17069
Sat Apr 02 2022,18719
Sun Apr 03 2022,19165
Mon Apr 04 2022,19042
Tue Apr 05 2022,19251
Wed Apr 06 2022,19205
Thu Apr 07 2022,19032
Fri Apr 08 2022,19022
Sat Apr 09 2022,19091
Sun Apr 10 2022,19015
Mon Apr 11 2022,19477
Tue Apr 12 2022,19536
Wed Apr 13 2022,19567
Thu Apr 14 2022,19706
Fri Apr 15 2022,20079
Sat Apr 16 2022,20329
Sun Apr 17 2022,20025
Mon Apr 18 2022,20093
Tue Apr 19 2022,20380
Wed Apr 20 2022,20563
Thu Apr 21 2022,20734
Fri Apr 22 2022,21083
Sat Apr 23 2022,20899
Sun Apr 24 2022,21278
Mon Apr 25 2022,21427
Tue Apr 26 2022,21719
Wed Apr 27 2022,21535
Thu Apr 28 2022,21510
Fri Apr 29 2022,21601
Sat Apr 30 2022,19298
Sun May 01 2022,18912
Mon May 02 2022,18569
Tue May 03 2022,18558
Wed May 04 2022,18553
Thu May 05 2022,18572
Fri May 06 2022,18726
Sat May 07 2022,18069
Sun May 08 2022,18101
Mon May 09 2022,18056
Tue May 10 2022,17976
Wed May 11 2022,17850
Thu May 12 2022,17620
Fri May 13 2022,17475
Sat May 14 2022,17539
Sun May 15 2022,17421
Mon May 16 2022,17137
Tue May 17 2022,17044
Wed May 18 2022,16911
Thu May 19 2022,16892
Fri May 20 2022,16457
Sat May 21 2022,16409
Sun May 22 2022,15595
Mon May 23 2022,15734
Tue May 24 2022,15327
Wed May 25 2022,15141
Thu May 26 2022,15133
Fri May 27 2022,14605
Sat May 28 2022,14702
Sun May 29 2022,14697
Mon May 30 2022,14507
Tue May 31 2022,14801
Wed Jun 01 2022,14202
Thu Jun 02 2022,14165
Fri Jun 03 2022,14014
Sat Jun 04 2022,13934
Sun Jun 05 2022,13779
Mon Jun 06 2022,13712
Tue Jun 07 2022,13723
Wed Jun 08 2022,13674
Thu Jun 09 2022,13489
Fri Jun 10 2022,13640
Sat Jun 11 2022,13519
Sun Jun 12 2022,13570
Mon Jun 13 2022,13185
Tue Jun 14 2022,13299
Wed Jun 15 2022,13428
Thu Jun 16 2022,13609
Fri Jun 17 2022,13848
Sat Jun 18 2022,14656
Sun Jun 19 2022,14033
Mon Jun 20 2022,14311
Tue Jun 21 2022,14612
Wed Jun 22 2022,14923
Thu Jun 23 2022,14566
Fri Jun 24 2022,14522
Sat Jun 25 2022,14257
Sun Jun 26 2022,14328
Mon Jun 27 2022,14075
Tue Jun 28 2022,13844
Wed Jun 29 2022,13852
Thu Jun 30 2022,13593
Fri Jul 01 2022,13452
Sat Jul 02 2022,13334
Sun Jul 03 2022,13656
Mon Jul 04 2022,13348
Tue Jul 05 2022,13401
Wed Jul 06 2022,13793
Thu Jul 07 2022,13919
Fri Jul 08 2022,13502
Sat Jul 09 2022,13506
Sun Jul 10 2022,13276
Mon Jul 11 2022,13225
Tue Jul 12 2022,13111
Wed Jul 13 2022,13305
Thu Jul 14 2022,13140
Fri Jul 15 2022,12569
Sat Jul 16 2022,12479
Sun Jul 17 2022,12800
Mon Jul 18 2022,12477
Tue Jul 19 2022,12480
Wed Jul 20 2022,12496
Thu Jul 21 2022,12391
Fri Jul 22 2022,12201
Sat Jul 23 2022,12217
Sun Jul 24 2022,12032
Mon Jul 25 2022,12365
Tue Jul 26 2022,12016
Wed Jul 27 2022,12048
Thu Jul 28 2022,11937
Fri Jul 29 2022,11840
Sat Jul 30 2022,11892
Sun Jul 31 2022,11617
Mon Aug 01 2022,11570
Tue Aug 02 2022,11557
Wed Aug 03 2022,11563
Thu Aug 04 2022,11626
Fri Aug 05 2022,11764
Sat Aug 06 2022,11470
Sun Aug 07 2022,11875
Mon Aug 08 2022,11871
Tue Aug 09 2022,12011
Wed Aug 10 2022,11940
Thu Aug 11 2022,11901
Fri Aug 12 2022,11922
Sat Aug 13 2022,11932
Sun Aug 14 2022,11938
Mon Aug 15 2022,11707
Tue Aug 16 2022,11397
Wed Aug 17 2022,11608
Thu Aug 18 2022,11249
Fri Aug 19 2022,11612
Sat Aug 20 2022,11707
Sun Aug 21 2022,11731
Mon Aug 22 2022,11767
Tue Aug 23 2022,11608
Wed Aug 24 2022,11568
Thu Aug 25 2022,11557
Fri Aug 26 2022,11362
Sat Aug 27 2022,11466
Sun Aug 28 2022,11421
Mon Aug 29 2022,11347
Tue Aug 30 2022,11765
Wed Aug 31 2022,11882
Thu Sep 01 2022,11698
Fri Sep 02 2022,11671
Sat Sep 03 2022,11540
Sun Sep 04 2022,11549
Mon Sep 05 2022,11462
Tue Sep 06 2022,11564
Wed Sep 07 2022,11449
Thu Sep 08 2022,11279
Fri Sep 09 2022,11282
Sat Sep 10 2022,11225
Sun Sep 11 2022,11045
Mon Sep 12 2022,11074
Tue Sep 13 2022,11039
Wed Sep 14 2022,11061
Thu Sep 15 2022,11091
Fri Sep 16 2022,11161
Sat Sep 17 2022,11075
Sun Sep 18 2022,10881
Mon Sep 19 2022,10814
Tue Sep 20 2022,10813
Wed Sep 21 2022,10708
Thu Sep 22 2022,10707
Fri Sep 23 2022,10738
Sat Sep 24 2022,10720
Sun Sep 25 2022,10704
Mon Sep 26 2022,10598
Tue Sep 27 2022,10656
Wed Sep 28 2022,10706
Thu Sep 29 2022,10550
Fri Sep 30 2022,10536
Sat Oct 01 2022,10493
Sun Oct 02 2022,10445
Mon Oct 03 2022,10434
Tue Oct 04 2022,10325
Wed Oct 05 2022,10251
Thu Oct 06 2022,10216
Fri Oct 07 2022,10156
Sat Oct 08 2022,10175
Sun Oct 09 2022,10135
Mon Oct 10 2022,10124
Tue Oct 11 2022,10082
Wed Oct 12 2022,10130
Thu Oct 13 2022,10122
Fri Oct 14 2022,10159
Sat Oct 15 2022,10097
Sun Oct 16 2022,9938
Mon Oct 17 2022,10072
Tue Oct 18 2022,9898
Wed Oct 19 2022,9795
Thu Oct 20 2022,9760
Fri Oct 21 2022,9798
Sat Oct 22 2022,9792
Sun Oct 23 2022,9751
Mon Oct 24 2022,9599
Tue Oct 25 2022,9653
Wed Oct 26 2022,9740
Thu Oct 27 2022,9697
Fri Oct 28 2022,9669
Sat Oct 29 2022,9649
Sun Oct 30 2022,9627
Mon Oct 31 2022,9618
Tue Nov 01 2022,9603
Wed Nov 02 2022,9652
Thu Nov 03 2022,9667
Fri Nov 04 2022,9601
Sat Nov 05 2022,9565
Sun Nov 06 2022,9638
Mon Nov 07 2022,9639
Tue Nov 08 2022,9660
Wed Nov 09 2022,9574
Thu Nov 10 2022,9604
Fri Nov 11 2022,9542
Sat Nov 12 2022,9583
Sun Nov 13 2022,9588
Mon Nov 14 2022,9680
Tue Nov 15 2022,9963
Wed Nov 16 2022,9601
Thu Nov 17 2022,9595
Fri Nov 18 2022,9680
Sat Nov 19 2022,9718
Sun Nov 20 2022,9913
Mon Nov 21 2022,9951
Tue Nov 22 2022,10015
Wed Nov 23 2022,10009
Thu Nov 24 2022,10005
Fri Nov 25 2022,10111
Sat Nov 26 2022,10091
Sun Nov 27 2022,9989
Mon Nov 28 2022,9903
Tue Nov 29 2022,9891
Wed Nov 30 2022,9860
Thu Dec 01 2022,9889
Fri Dec 02 2022,9815
Sat Dec 03 2022,9772
Sun Dec 04 2022,9521
Mon Dec 05 2022,9549
Tue Dec 06 2022,9521
Wed Dec 07 2022,9549
Thu Dec 08 2022,9502
Fri Dec 09 2022,9646
Sat Dec 10 2022,9608
Sun Dec 11 2022,9575
Mon Dec 12 2022,9510
Tue Dec 13 2022,9468
Wed Dec 14 2022,9493
Thu Dec 15 2022,9524
Fri Dec 16 2022,9601
Sat Dec 17 2022,9628
Sun Dec 18 2022,9722
Mon Dec 19 2022,9702
Tue Dec 20 2022,9652
Wed Dec 21 2022,9583
Thu Dec 22 2022,9542
Fri Dec 23 2022,9358
Sat Dec 24 2022,9354
Sun Dec 25 2022,9318
Mon Dec 26 2022,9321
Tue Dec 27 2022,9337
Wed Dec 28 2022,9396
Thu Dec 29 2022,9483
Fri Dec 30 2022,9550
Sat Dec 31 2022,9436
Sun Jan 01 2023,9463
Mon Jan 02 2023,9494
Tue Jan 03 2023,9561
Wed Jan 04 2023,9547
Thu Jan 05 2023,9611
Fri Jan 06 2023,9654
Sat Jan 07 2023,9672
Sun Jan 08 2023,9615
Mon Jan 09 2023,9630
Tue Jan 10 2023,9700
Wed Jan 11 2023,9631
Thu Jan 12 2023,9621
Fri Jan 13 2023,9550
Sat Jan 14 2023,9415
Sun Jan 15 2023,9429
Mon Jan 16 2023,9407
Tue Jan 17 2023,9436
Wed Jan 18 2023,9475
Thu Jan 19 2023,9409
Fri Jan 20 2023,9660
Sat Jan 21 2023,9688
Sun Jan 22 2023,9710
Mon Jan 23 2023,9638
Tue Jan 24 2023,9642
Wed Jan 25 2023,9598
Thu Jan 26 2023,9522
Fri Jan 27 2023,9256
Sat Jan 28 2023,9138
Sun Jan 29 2023,9110
Mon Jan 30 2023,9177
Tue Jan 31 2023,9182
Wed Feb 01 2023,9183
Thu Feb 02 2023,9345
Fri Feb 03 2023,9264
Sat Feb 04 2023,9149
Sun Feb 05 2023,9130
Mon Feb 06 2023,9059
Tue Feb 07 2023,9037
Wed Feb 08 2023,9052
Thu Feb 09 2023,9078
Fri Feb 10 2023,9172
Sat Feb 11 2023,9353
Sun Feb 12 2023,9329
Mon Feb 13 2023,9528
Tue Feb 14 2023,9515
Wed Feb 15 2023,9820
Thu Feb 16 2023,9628
Fri Feb 17 2023,9568
Sat Feb 18 2023,9616
Sun Feb 19 2023,9363
Mon Feb 20 2023,9395
Tue Feb 21 2023,9556
Wed Feb 22 2023,9551
Thu Feb 23 2023,9503
Fri Feb 24 2023,9440
Sat Feb 25 2023,9608
Sun Feb 26 2023,9782
Mon Feb 27 2023,9584
Tue Feb 28 2023,9904
Wed Mar 01 2023,9857
Thu Mar 02 2023,9394
Fri Mar 03 2023,9355
Sat Mar 04 2023,9302
Sun Mar 05 2023,9319
Mon Mar 06 2023,9324
Tue Mar 07 2023,9320
Wed Mar 08 2023,9323
Thu Mar 09 2023,9275
Fri Mar 10 2023,9277
Sat Mar 11 2023,9307
Sun Mar 12 2023,9293
Mon Mar 13 2023,9222
Tue Mar 14 2023,9200
Wed Mar 15 2023,9205
Thu Mar 16 2023,9222
Fri Mar 17 2023,9135
Sat Mar 18 2023,9184
Sun Mar 19 2023,9162
Mon Mar 20 2023,9131
Tue Mar 21 2023,9121
Wed Mar 22 2023,9104
Thu Mar 23 2023,9148
Fri Mar 24 2023,9211
Sat Mar 25 2023,9247
Sun Mar 26 2023,9264
Mon Mar 27 2023,9218
Tue Mar 28 2023,9250
Wed Mar 29 2023,9270
Thu Mar 30 2023,9317
Fri Mar 31 2023,9335
Sat Apr 01 2023,9380
Sun Apr 02 2023,9370
Mon Apr 03 2023,9349
Tue Apr 04 2023,9346
Wed Apr 05 2023,9293
Thu Apr 06 2023,9302
Fri Apr 07 2023,9337
Sat Apr 08 2023,9325
Sun Apr 09 2023,9298
Mon Apr 10 2023,9256
Tue Apr 11 2023,9280
Wed Apr 12 2023,9228
Thu Apr 13 2023,9226
Fri Apr 14 2023,9213
Sat Apr 15 2023,9203
Sun Apr 16 2023,9175
Mon Apr 17 2023,9151
Tue Apr 18 2023,9139
Wed Apr 19 2023,9147
Thu Apr 20 2023,9147
Fri Apr 21 2023,9143
Sat Apr 22 2023,9108
Sun Apr 23 2023,9090
Mon Apr 24 2023,9081
Tue Apr 25 2023,9060
Wed Apr 26 2023,9035
Thu Apr 27 2023,9023
Fri Apr 28 2023,8985
Sat Apr 29 2023,8999
Sun Apr 30 2023,8955
Mon May 01 2023,8927
Tue May 02 2023,8975
Wed May 03 2023,9002
Thu May 04 2023,9005
Fri May 05 2023,9042
Sat May 06 2023,9041
Sun May 07 2023,9013
Mon May 08 2023,9043
Tue May 09 2023,9051
Wed May 10 2023,9049
Thu May 11 2023,9019
Fri May 12 2023,9002
Sat May 13 2023,9028
Sun May 14 2023,9009
Mon May 15 2023,8999
Tue May 16 2023,9035
Wed May 17 2023,9053
Thu May 18 2023,9048
Fri May 19 2023,9040
Sat May 20 2023,9062
Sun May 21 2023,9091
Mon May 22 2023,9075
Tue May 23 2023,9121
Wed May 24 2023,9083
Thu May 25 2023,9084
Fri May 26 2023,9136
Sat May 27 2023,9133
Sun May 28 2023,9155
Mon May 29 2023,9110
Tue May 30 2023,9151
Wed May 31 2023,9141
Thu Jun 01 2023,9151
Fri Jun 02 2023,9117
Sat Jun 03 2023,9131
Sun Jun 04 2023,9161
Mon Jun 05 2023,9147
Tue Jun 06 2023,9108
Wed Jun 07 2023,9080
Thu Jun 08 2023,9074
Fri Jun 09 2023,9087
Sat Jun 10 2023,9116
Sun Jun 11 2023,9165
Mon Jun 12 2023,9141
Tue Jun 13 2023,9137
Wed Jun 14 2023,9177
Thu Jun 15 2023,9103
Fri Jun 16 2023,9116
Sat Jun 17 2023,9130
Sun Jun 18 2023,9142
Mon Jun 19 2023,9106
Tue Jun 20 2023,9084
Wed Jun 21 2023,9077
Thu Jun 22 2023,9049
Fri Jun 23 2023,9040
Sat Jun 24 2023,9038
Sun Jun 25 2023,9005
Mon Jun 26 2023,8998
Tue Jun 27 2023,9004
Wed Jun 28 2023,9003
Thu Jun 29 2023,9015
Fri Jun 30 2023,9046
Sat Jul 01 2023,9023
Sun Jul 02 2023,8950
Mon Jul 03 2023,8922
Tue Jul 04 2023,8984
Wed Jul 05 2023,9017
Thu Jul 06 2023,9020
Fri Jul 07 2023,9061
Sat Jul 08 2023,8988
Sun Jul 09 2023,9050
Mon Jul 10 2023,9056
Tue Jul 11 2023,9058
Wed Jul 12 2023,9069
Thu Jul 13 2023,9044
Fri Jul 14 2023,9019
Sat Jul 15 2023,9077
Sun Jul 16 2023,9079
Mon Jul 17 2023,9064
Tue Jul 18 2023,9008
Wed Jul 19 2023,9057
Thu Jul 20 2023,9080
Fri Jul 21 2023,9100
Sat Jul 22 2023,9122
Sun Jul 23 2023,9142
Mon Jul 24 2023,9144
Tue Jul 25 2023,9143
Wed Jul 26 2023,9144
Thu Jul 27 2023,9137
Fri Jul 28 2023,9155
Sat Jul 29 2023,9139
Sun Jul 30 2023,9119
Mon Jul 31 2023,9119
Tue Aug 01 2023,9153
Wed Aug 02 2023,9124
Thu Aug 03 2023,9091
Fri Aug 04 2023,9106
Sat Aug 05 2023,9129
Sun Aug 06 2023,9120
Mon Aug 07 2023,9080
Tue Aug 08 2023,9066
Wed Aug 09 2023,9051
Thu Aug 10 2023,9025
Fri Aug 11 2023,9031
Sat Aug 12 2023,9040
Sun Aug 13 2023,9078
Mon Aug 14 2023,9046
Tue Aug 15 2023,9066
Wed Aug 16 2023,9055
Thu Aug 17 2023,9027
Fri Aug 18 2023,8990
Sat Aug 19 2023,8971
Sun Aug 20 2023,9028
Mon Aug 21 2023,8971
Tue Aug 22 2023,8962
Wed Aug 23 2023,8937
Thu Aug 24 2023,8924
Fri Aug 25 2023,8911
Sat Aug 26 2023,8880
Sun Aug 27 2023,8868
Mon Aug 28 2023,8808
Tue Aug 29 2023,8830
Wed Aug 30 2023,8835
Thu Aug 31 2023,8826
Fri Sep 01 2023,8847
Sat Sep 02 2023,8813
Sun Sep 03 2023,8788
Mon Sep 04 2023,8782
Tue Sep 05 2023,8799
Wed Sep 06 2023,8838
Thu Sep 07 2023,8828
Fri Sep 08 2023,8823
Sat Sep 09 2023,8804
Sun Sep 10 2023,8806
Mon Sep 11 2023,8758
Tue Sep 12 2023,8736
Wed Sep 13 2023,8761
Thu Sep 14 2023,8753
Fri Sep 15 2023,8755
Sat Sep 16 2023,8764
Sun Sep 17 2023,8738
Mon Sep 18 2023,8708
Tue Sep 19 2023,8700
Wed Sep 20 2023,8682
Thu Sep 21 2023,8753
Fri Sep 22 2023,8790
Sat Sep 23 2023,8814
Sun Sep 24 2023,8847
Mon Sep 25 2023,8870
Tue Sep 26 2023,8847
Wed Sep 27 2023,8875
Thu Sep 28 2023,8851
Fri Sep 29 2023,8827
Sat Sep 30 2023,8928
Sun Oct 01 2023,8917
Mon Oct 02 2023,8839
Tue Oct 03 2023,8805
Wed Oct 04 2023,8844
Thu Oct 05 2023,8964
Fri Oct 06 2023,8939
Sat Oct 07 2023,8912
Sun Oct 08 2023,8933
Mon Oct 09 2023,9286
Tue Oct 10 2023,8925
Wed Oct 11 2023,8928
Thu Oct 12 2023,8965
Fri Oct 13 2023,8975
Sat Oct 14 2023,8917
Sun Oct 15 2023,8787
Mon Oct 16 2023,8774
Tue Oct 17 2023,8754
Wed Oct 18 2023,8749
Thu Oct 19 2023,8704
Fri Oct 20 2023,8668
Sat Oct 21 2023,8655
Sun Oct 22 2023,8590
Mon Oct 23 2023,8546
Tue Oct 24 2023,8599
Wed Oct 25 2023,8561
Thu Oct 26 2023,8572
Fri Oct 27 2023,8541
Sat Oct 28 2023,8450
Sun Oct 29 2023,8543
Mon Oct 30 2023,8512
Tue Oct 31 2023,8430
Wed Nov 01 2023,8437
Thu Nov 02 2023,8499
Fri Nov 03 2023,8504
Sat Nov 04 2023,8487
Sun Nov 05 2023,8443
Mon Nov 06 2023,8508
Tue Nov 07 2023,8417
Wed Nov 08 2023,8425
Thu Nov 09 2023,8442
Fri Nov 10 2023,8561
Sat Nov 11 2023,8544
Sun Nov 12 2023,8518
Mon Nov 13 2023,8505
Tue Nov 14 2023,8520
Wed Nov 15 2023,8508
Thu Nov 16 2023,8538
Fri Nov 17 2023,8524
Sat Nov 18 2023,8518
Sun Nov 19 2023,8522
Mon Nov 20 2023,8539
Tue Nov 21 2023,8646
Wed Nov 22 2023,8662
Thu Nov 23 2023,8606
Fri Nov 24 2023,8610
Sat Nov 25 2023,8646
Sun Nov 26 2023,8655
Mon Nov 27 2023,8625
Tue Nov 28 2023,8632
Wed Nov 29 2023,8610
Thu Nov 30 2023,8589
Fri Dec 01 2023,8589
