date,Rolex 126334 (EUR)
Wed Feb 06 2019,7521
Thu Feb 07 2019,7523
Fri Feb 08 2019,7528
Sat Feb 09 2019,7532
Sun Feb 10 2019,7535
Mon Feb 11 2019,7535
Tue Feb 12 2019,7577
Wed Feb 13 2019,7582
Thu Feb 14 2019,7584
Fri Feb 15 2019,7587
Sat Feb 16 2019,7589
Sun Feb 17 2019,7591
Mon Feb 18 2019,7592
Tue Feb 19 2019,7593
Wed Feb 20 2019,7593
Thu Feb 21 2019,7593
Fri Feb 22 2019,7595
Sat Feb 23 2019,7637
Sun Feb 24 2019,7637
Mon Feb 25 2019,7651
Tue Feb 26 2019,7654
Wed Feb 27 2019,7652
Thu Feb 28 2019,7649
Fri Mar 01 2019,7647
Sat Mar 02 2019,7573
Sun Mar 03 2019,7573
Mon Mar 04 2019,7573
Tue Mar 05 2019,7575
Wed Mar 06 2019,7571
Thu Mar 07 2019,7575
Fri Mar 08 2019,7580
Sat Mar 09 2019,7587
Sun Mar 10 2019,7624
Mon Mar 11 2019,7628
Tue Mar 12 2019,7632
Wed Mar 13 2019,7633
Thu Mar 14 2019,7634
Fri Mar 15 2019,7634
Sat Mar 16 2019,7618
Sun Mar 17 2019,7638
Mon Mar 18 2019,7659
Tue Mar 19 2019,7675
Wed Mar 20 2019,7674
Thu Mar 21 2019,7702
Fri Mar 22 2019,7700
Sat Mar 23 2019,7700
Sun Mar 24 2019,7810
Mon Mar 25 2019,7728
Tue Mar 26 2019,7834
Wed Mar 27 2019,7835
Thu Mar 28 2019,7837
Fri Mar 29 2019,7840
Sat Mar 30 2019,7843
Sun Mar 31 2019,7847
Mon Apr 01 2019,7850
Tue Apr 02 2019,7858
Wed Apr 03 2019,7862
Thu Apr 04 2019,7833
Fri Apr 05 2019,7835
Sat Apr 06 2019,7865
Sun Apr 07 2019,7866
Mon Apr 08 2019,7863
Tue Apr 09 2019,7863
Wed Apr 10 2019,7873
Thu Apr 11 2019,7872
Fri Apr 12 2019,7872
Sat Apr 13 2019,7858
Sun Apr 14 2019,7858
Mon Apr 15 2019,7817
Tue Apr 16 2019,7804
Wed Apr 17 2019,7882
Thu Apr 18 2019,7883
Fri Apr 19 2019,7885
Sat Apr 20 2019,7785
Sun Apr 21 2019,7789
Mon Apr 22 2019,7791
Tue Apr 23 2019,7792
Wed Apr 24 2019,7794
Thu Apr 25 2019,7796
Fri Apr 26 2019,7872
Sat Apr 27 2019,7862
Sun Apr 28 2019,7864
Mon Apr 29 2019,7924
Tue Apr 30 2019,7925
Wed May 01 2019,7913
Thu May 02 2019,7923
Fri May 03 2019,7923
Sat May 04 2019,7924
Sun May 05 2019,7892
Mon May 06 2019,7892
Tue May 07 2019,7839
Wed May 08 2019,7828
Thu May 09 2019,7815
Fri May 10 2019,7800
Sat May 11 2019,7801
Sun May 12 2019,7802
Mon May 13 2019,7936
Tue May 14 2019,7906
Wed May 15 2019,7912
Thu May 16 2019,7982
Fri May 17 2019,7880
Sat May 18 2019,7883
Sun May 19 2019,7886
Mon May 20 2019,7888
Tue May 21 2019,7917
Wed May 22 2019,7919
Thu May 23 2019,7900
Fri May 24 2019,7830
Sat May 25 2019,7817
Sun May 26 2019,7815
Mon May 27 2019,7814
Tue May 28 2019,7861
Wed May 29 2019,7855
Thu May 30 2019,7850
Fri May 31 2019,7851
Sat Jun 01 2019,7853
Sun Jun 02 2019,7853
Mon Jun 03 2019,7853
Tue Jun 04 2019,7854
Wed Jun 05 2019,7863
Thu Jun 06 2019,7858
Fri Jun 07 2019,7820
Sat Jun 08 2019,7720
Sun Jun 09 2019,7705
Mon Jun 10 2019,7695
Tue Jun 11 2019,7683
Wed Jun 12 2019,7713
Thu Jun 13 2019,7711
Fri Jun 14 2019,7710
Sat Jun 15 2019,7709
Sun Jun 16 2019,7713
Mon Jun 17 2019,7807
Tue Jun 18 2019,7809
Wed Jun 19 2019,7812
Thu Jun 20 2019,7778
Fri Jun 21 2019,7775
Sat Jun 22 2019,7684
Sun Jun 23 2019,7667
Mon Jun 24 2019,7700
Tue Jun 25 2019,7730
Wed Jun 26 2019,7733
Thu Jun 27 2019,7870
Fri Jun 28 2019,7866
Sat Jun 29 2019,7861
Sun Jun 30 2019,7813
Mon Jul 01 2019,7808
Tue Jul 02 2019,7805
Wed Jul 03 2019,7812
Thu Jul 04 2019,7811
Fri Jul 05 2019,7802
Sat Jul 06 2019,7802
Sun Jul 07 2019,7802
Mon Jul 08 2019,7785
Tue Jul 09 2019,7788
Wed Jul 10 2019,7791
Thu Jul 11 2019,7793
Fri Jul 12 2019,7794
Sat Jul 13 2019,7787
Sun Jul 14 2019,7787
Mon Jul 15 2019,7787
Tue Jul 16 2019,7731
Wed Jul 17 2019,7743
Thu Jul 18 2019,7743
Fri Jul 19 2019,7766
Sat Jul 20 2019,7766
Sun Jul 21 2019,7813
Mon Jul 22 2019,7815
Tue Jul 23 2019,7819
Wed Jul 24 2019,7824
Thu Jul 25 2019,7808
Fri Jul 26 2019,7813
Sat Jul 27 2019,7927
Sun Jul 28 2019,7933
Mon Jul 29 2019,7960
Tue Jul 30 2019,7966
Wed Jul 31 2019,7972
Thu Aug 01 2019,7976
Fri Aug 02 2019,8089
Sat Aug 03 2019,8093
Sun Aug 04 2019,8097
Mon Aug 05 2019,8100
Tue Aug 06 2019,8140
Wed Aug 07 2019,8141
Thu Aug 08 2019,8178
Fri Aug 09 2019,8178
Sat Aug 10 2019,8179
Sun Aug 11 2019,8143
Mon Aug 12 2019,8189
Tue Aug 13 2019,8191
Wed Aug 14 2019,8204
Thu Aug 15 2019,8290
Fri Aug 16 2019,8390
Sat Aug 17 2019,8422
Sun Aug 18 2019,8426
Mon Aug 19 2019,8429
Tue Aug 20 2019,8454
Wed Aug 21 2019,8458
Thu Aug 22 2019,8461
Fri Aug 23 2019,8463
Sat Aug 24 2019,8493
Sun Aug 25 2019,8491
Mon Aug 26 2019,8494
Tue Aug 27 2019,8396
Wed Aug 28 2019,8397
Thu Aug 29 2019,8407
Fri Aug 30 2019,8408
Sat Aug 31 2019,8411
Sun Sep 01 2019,8412
Mon Sep 02 2019,8415
Tue Sep 03 2019,8434
Wed Sep 04 2019,8438
Thu Sep 05 2019,8483
Fri Sep 06 2019,8488
Sat Sep 07 2019,8492
Sun Sep 08 2019,8494
Mon Sep 09 2019,8496
Tue Sep 10 2019,8502
Wed Sep 11 2019,8590
Thu Sep 12 2019,8595
Fri Sep 13 2019,8838
Sat Sep 14 2019,8840
Sun Sep 15 2019,8806
Mon Sep 16 2019,8777
Tue Sep 17 2019,8779
Wed Sep 18 2019,8667
Thu Sep 19 2019,8648
Fri Sep 20 2019,8649
Sat Sep 21 2019,8651
Sun Sep 22 2019,8551
Mon Sep 23 2019,8553
Tue Sep 24 2019,8559
Wed Sep 25 2019,8556
Thu Sep 26 2019,8560
Fri Sep 27 2019,8581
Sat Sep 28 2019,8585
Sun Sep 29 2019,8589
Mon Sep 30 2019,8572
Tue Oct 01 2019,8574
Wed Oct 02 2019,8658
Thu Oct 03 2019,8616
Fri Oct 04 2019,8617
Sat Oct 05 2019,8618
Sun Oct 06 2019,8642
Mon Oct 07 2019,8614
Tue Oct 08 2019,8661
Wed Oct 09 2019,8664
Thu Oct 10 2019,8774
Fri Oct 11 2019,8775
Sat Oct 12 2019,8715
Sun Oct 13 2019,8681
Mon Oct 14 2019,8683
Tue Oct 15 2019,8686
Wed Oct 16 2019,8695
Thu Oct 17 2019,8694
Fri Oct 18 2019,8692
Sat Oct 19 2019,8669
Sun Oct 20 2019,8666
Mon Oct 21 2019,8651
Tue Oct 22 2019,8648
Wed Oct 23 2019,8682
Thu Oct 24 2019,8592
Fri Oct 25 2019,8589
Sat Oct 26 2019,8586
Sun Oct 27 2019,8522
Mon Oct 28 2019,8526
Tue Oct 29 2019,8503
Wed Oct 30 2019,8499
Thu Oct 31 2019,8354
Fri Nov 01 2019,8347
Sat Nov 02 2019,8342
Sun Nov 03 2019,8337
Mon Nov 04 2019,8372
Tue Nov 05 2019,8356
Wed Nov 06 2019,8378
Thu Nov 07 2019,8397
Fri Nov 08 2019,8451
Sat Nov 09 2019,8450
Sun Nov 10 2019,8449
Mon Nov 11 2019,8431
Tue Nov 12 2019,8432
Wed Nov 13 2019,8432
Thu Nov 14 2019,8436
Fri Nov 15 2019,8437
Sat Nov 16 2019,8386
Sun Nov 17 2019,8388
Mon Nov 18 2019,8396
Tue Nov 19 2019,8376
Wed Nov 20 2019,8380
Thu Nov 21 2019,8201
Fri Nov 22 2019,8226
Sat Nov 23 2019,8228
Sun Nov 24 2019,8231
Mon Nov 25 2019,8288
Tue Nov 26 2019,8281
Wed Nov 27 2019,8308
Thu Nov 28 2019,8310
Fri Nov 29 2019,8188
Sat Nov 30 2019,8191
Sun Dec 01 2019,8194
Mon Dec 02 2019,8258
Tue Dec 03 2019,8250
Wed Dec 04 2019,8258
Thu Dec 05 2019,8260
Fri Dec 06 2019,8260
Sat Dec 07 2019,8260
Sun Dec 08 2019,8260
Mon Dec 09 2019,8260
Tue Dec 10 2019,8312
Wed Dec 11 2019,8296
Thu Dec 12 2019,8294
Fri Dec 13 2019,8292
Sat Dec 14 2019,8288
Sun Dec 15 2019,8285
Mon Dec 16 2019,8285
Tue Dec 17 2019,8283
Wed Dec 18 2019,8280
Thu Dec 19 2019,8362
Fri Dec 20 2019,8360
Sat Dec 21 2019,8255
Sun Dec 22 2019,8255
Mon Dec 23 2019,8348
Tue Dec 24 2019,8363
Wed Dec 25 2019,8388
Thu Dec 26 2019,8386
Fri Dec 27 2019,8369
Sat Dec 28 2019,8351
Sun Dec 29 2019,8345
Mon Dec 30 2019,8230
Tue Dec 31 2019,8183
Wed Jan 01 2020,8164
Thu Jan 02 2020,8160
Fri Jan 03 2020,8139
Sat Jan 04 2020,8137
Sun Jan 05 2020,8258
Mon Jan 06 2020,8257
Tue Jan 07 2020,8254
Wed Jan 08 2020,8263
Thu Jan 09 2020,8303
Fri Jan 10 2020,8333
Sat Jan 11 2020,8333
Sun Jan 12 2020,8333
Mon Jan 13 2020,8282
Tue Jan 14 2020,8300
Wed Jan 15 2020,8300
Thu Jan 16 2020,8300
Fri Jan 17 2020,8300
Sat Jan 18 2020,8300
Sun Jan 19 2020,8301
Mon Jan 20 2020,8301
Tue Jan 21 2020,8301
Wed Jan 22 2020,8433
Thu Jan 23 2020,8433
Fri Jan 24 2020,8434
Sat Jan 25 2020,8436
Sun Jan 26 2020,8437
Mon Jan 27 2020,8440
Tue Jan 28 2020,8444
Wed Jan 29 2020,8508
Thu Jan 30 2020,8532
Fri Jan 31 2020,8544
Sat Feb 01 2020,8547
Sun Feb 02 2020,8550
Mon Feb 03 2020,8552
Tue Feb 04 2020,8582
Wed Feb 05 2020,8585
Thu Feb 06 2020,8602
Fri Feb 07 2020,8607
Sat Feb 08 2020,8611
Sun Feb 09 2020,8616
Mon Feb 10 2020,8625
Tue Feb 11 2020,8630
Wed Feb 12 2020,8523
Thu Feb 13 2020,8605
Fri Feb 14 2020,8796
Sat Feb 15 2020,8744
Sun Feb 16 2020,8778
Mon Feb 17 2020,8788
Tue Feb 18 2020,8858
Wed Feb 19 2020,8856
Thu Feb 20 2020,8846
Fri Feb 21 2020,8847
Sat Feb 22 2020,8854
Sun Feb 23 2020,8860
Mon Feb 24 2020,8803
Tue Feb 25 2020,8852
Wed Feb 26 2020,8853
Thu Feb 27 2020,8857
Fri Feb 28 2020,8874
Sat Feb 29 2020,8874
Sun Mar 01 2020,8916
Mon Mar 02 2020,8887
Tue Mar 03 2020,8887
Wed Mar 04 2020,8886
Thu Mar 05 2020,8884
Fri Mar 06 2020,8880
Sat Mar 07 2020,8860
Sun Mar 08 2020,8848
Mon Mar 09 2020,8839
Tue Mar 10 2020,8826
Wed Mar 11 2020,8815
Thu Mar 12 2020,8854
Fri Mar 13 2020,8845
Sat Mar 14 2020,8851
Sun Mar 15 2020,8852
Mon Mar 16 2020,8834
Tue Mar 17 2020,8834
Wed Mar 18 2020,8878
Thu Mar 19 2020,8875
Fri Mar 20 2020,8876
Sat Mar 21 2020,8878
Sun Mar 22 2020,8913
Mon Mar 23 2020,8888
Tue Mar 24 2020,8877
Wed Mar 25 2020,8880
Thu Mar 26 2020,8870
Fri Mar 27 2020,8883
Sat Mar 28 2020,8872
Sun Mar 29 2020,8843
Mon Mar 30 2020,8831
Tue Mar 31 2020,8787
Wed Apr 01 2020,8787
Thu Apr 02 2020,8825
Fri Apr 03 2020,8837
Sat Apr 04 2020,8811
Sun Apr 05 2020,8756
Mon Apr 06 2020,8770
Tue Apr 07 2020,8806
Wed Apr 08 2020,8803
Thu Apr 09 2020,8820
Fri Apr 10 2020,8821
Sat Apr 11 2020,8873
Sun Apr 12 2020,8867
Mon Apr 13 2020,8887
Tue Apr 14 2020,8835
Wed Apr 15 2020,8833
Thu Apr 16 2020,8838
Fri Apr 17 2020,8805
Sat Apr 18 2020,8808
Sun Apr 19 2020,8786
Mon Apr 20 2020,8792
Tue Apr 21 2020,8727
Wed Apr 22 2020,8668
Thu Apr 23 2020,8614
Fri Apr 24 2020,8575
Sat Apr 25 2020,8598
Sun Apr 26 2020,8602
Mon Apr 27 2020,8692
Tue Apr 28 2020,8701
Wed Apr 29 2020,8711
Thu Apr 30 2020,8732
Fri May 01 2020,8735
Sat May 02 2020,8734
Sun May 03 2020,8729
Mon May 04 2020,8652
Tue May 05 2020,8624
Wed May 06 2020,8622
Thu May 07 2020,8655
Fri May 08 2020,8657
Sat May 09 2020,8666
Sun May 10 2020,8649
Mon May 11 2020,8616
Tue May 12 2020,8614
Wed May 13 2020,8672
Thu May 14 2020,8700
Fri May 15 2020,8704
Sat May 16 2020,8707
Sun May 17 2020,8757
Mon May 18 2020,8759
Tue May 19 2020,8697
Wed May 20 2020,8684
Thu May 21 2020,8714
Fri May 22 2020,8694
Sat May 23 2020,8616
Sun May 24 2020,8613
Mon May 25 2020,8607
Tue May 26 2020,8605
Wed May 27 2020,8602
Thu May 28 2020,8746
Fri May 29 2020,8740
Sat May 30 2020,8669
Sun May 31 2020,8653
Mon Jun 01 2020,8715
Tue Jun 02 2020,8649
Wed Jun 03 2020,8641
Thu Jun 04 2020,8673
Fri Jun 05 2020,8794
Sat Jun 06 2020,8822
Sun Jun 07 2020,8809
Mon Jun 08 2020,8744
Tue Jun 09 2020,8736
Wed Jun 10 2020,8717
Thu Jun 11 2020,8654
Fri Jun 12 2020,8652
Sat Jun 13 2020,8641
Sun Jun 14 2020,8711
Mon Jun 15 2020,8706
Tue Jun 16 2020,8694
Wed Jun 17 2020,8682
Thu Jun 18 2020,8672
Fri Jun 19 2020,8650
Sat Jun 20 2020,8643
Sun Jun 21 2020,8638
Mon Jun 22 2020,8516
Tue Jun 23 2020,8506
Wed Jun 24 2020,8496
Thu Jun 25 2020,8600
Fri Jun 26 2020,8593
Sat Jun 27 2020,8647
Sun Jun 28 2020,8643
Mon Jun 29 2020,8645
Tue Jun 30 2020,8625
Wed Jul 01 2020,8686
Thu Jul 02 2020,8684
Fri Jul 03 2020,8699
Sat Jul 04 2020,8698
Sun Jul 05 2020,8682
Mon Jul 06 2020,8724
Tue Jul 07 2020,8719
Wed Jul 08 2020,8719
Thu Jul 09 2020,8716
Fri Jul 10 2020,8716
Sat Jul 11 2020,8785
Sun Jul 12 2020,8787
Mon Jul 13 2020,8812
Tue Jul 14 2020,8770
Wed Jul 15 2020,8772
Thu Jul 16 2020,8699
Fri Jul 17 2020,8721
Sat Jul 18 2020,8783
Sun Jul 19 2020,8784
Mon Jul 20 2020,8778
Tue Jul 21 2020,8722
Wed Jul 22 2020,8715
Thu Jul 23 2020,8707
Fri Jul 24 2020,8717
Sat Jul 25 2020,8787
Sun Jul 26 2020,8763
Mon Jul 27 2020,8752
Tue Jul 28 2020,8738
Wed Jul 29 2020,8729
Thu Jul 30 2020,8721
Fri Jul 31 2020,8707
Sat Aug 01 2020,8692
Sun Aug 02 2020,8687
Mon Aug 03 2020,8674
Tue Aug 04 2020,8716
Wed Aug 05 2020,8746
Thu Aug 06 2020,8733
Fri Aug 07 2020,8713
Sat Aug 08 2020,8681
Sun Aug 09 2020,8701
Mon Aug 10 2020,8693
Tue Aug 11 2020,8688
Wed Aug 12 2020,8676
Thu Aug 13 2020,8666
Fri Aug 14 2020,8655
Sat Aug 15 2020,8645
Sun Aug 16 2020,8669
Mon Aug 17 2020,8658
Tue Aug 18 2020,8658
Wed Aug 19 2020,8622
Thu Aug 20 2020,8622
Fri Aug 21 2020,8787
Sat Aug 22 2020,8748
Sun Aug 23 2020,8752
Mon Aug 24 2020,8680
Tue Aug 25 2020,8713
Wed Aug 26 2020,8673
Thu Aug 27 2020,8753
Fri Aug 28 2020,8777
Sat Aug 29 2020,8830
Sun Aug 30 2020,8820
Mon Aug 31 2020,8727
Tue Sep 01 2020,8848
Wed Sep 02 2020,8885
Thu Sep 03 2020,8865
Fri Sep 04 2020,8911
Sat Sep 05 2020,8905
Sun Sep 06 2020,8905
Mon Sep 07 2020,8913
Tue Sep 08 2020,8912
Wed Sep 09 2020,8935
Thu Sep 10 2020,8924
Fri Sep 11 2020,8922
Sat Sep 12 2020,8973
Sun Sep 13 2020,8965
Mon Sep 14 2020,8965
Tue Sep 15 2020,8984
Wed Sep 16 2020,8999
Thu Sep 17 2020,8950
Fri Sep 18 2020,8951
Sat Sep 19 2020,8974
Sun Sep 20 2020,8978
Mon Sep 21 2020,8980
Tue Sep 22 2020,8932
Wed Sep 23 2020,8932
Thu Sep 24 2020,8876
Fri Sep 25 2020,8870
Sat Sep 26 2020,8917
Sun Sep 27 2020,8977
Mon Sep 28 2020,8960
Tue Sep 29 2020,8978
Wed Sep 30 2020,9016
Thu Oct 01 2020,9035
Fri Oct 02 2020,9037
Sat Oct 03 2020,9083
Sun Oct 04 2020,9106
Mon Oct 05 2020,9136
Tue Oct 06 2020,9147
Wed Oct 07 2020,9167
Thu Oct 08 2020,9130
Fri Oct 09 2020,9136
Sat Oct 10 2020,9127
Sun Oct 11 2020,9091
Mon Oct 12 2020,9117
Tue Oct 13 2020,9101
Wed Oct 14 2020,9096
Thu Oct 15 2020,9106
Fri Oct 16 2020,9120
Sat Oct 17 2020,9121
Sun Oct 18 2020,9091
Mon Oct 19 2020,9076
Tue Oct 20 2020,9090
Wed Oct 21 2020,9076
Thu Oct 22 2020,9043
Fri Oct 23 2020,9019
Sat Oct 24 2020,9025
Sun Oct 25 2020,9072
Mon Oct 26 2020,9101
Tue Oct 27 2020,9103
Wed Oct 28 2020,9147
Thu Oct 29 2020,9144
Fri Oct 30 2020,9129
Sat Oct 31 2020,9115
Sun Nov 01 2020,9108
Mon Nov 02 2020,9109
Tue Nov 03 2020,9116
Wed Nov 04 2020,9135
Thu Nov 05 2020,9120
Fri Nov 06 2020,9098
Sat Nov 07 2020,9024
Sun Nov 08 2020,9005
Mon Nov 09 2020,8998
Tue Nov 10 2020,8997
Wed Nov 11 2020,9039
Thu Nov 12 2020,9029
Fri Nov 13 2020,9075
Sat Nov 14 2020,9103
Sun Nov 15 2020,9099
Mon Nov 16 2020,9094
Tue Nov 17 2020,9146
Wed Nov 18 2020,9136
Thu Nov 19 2020,9155
Fri Nov 20 2020,9164
Sat Nov 21 2020,9156
Sun Nov 22 2020,9169
Mon Nov 23 2020,9159
Tue Nov 24 2020,9164
Wed Nov 25 2020,9145
Thu Nov 26 2020,9139
Fri Nov 27 2020,9166
Sat Nov 28 2020,9157
Sun Nov 29 2020,9140
Mon Nov 30 2020,9139
Tue Dec 01 2020,9118
Wed Dec 02 2020,9120
Thu Dec 03 2020,9142
Fri Dec 04 2020,9131
Sat Dec 05 2020,9120
Sun Dec 06 2020,9116
Mon Dec 07 2020,9102
Tue Dec 08 2020,9095
Wed Dec 09 2020,9116
Thu Dec 10 2020,9112
Fri Dec 11 2020,9127
Sat Dec 12 2020,9120
Sun Dec 13 2020,9113
Mon Dec 14 2020,9145
Tue Dec 15 2020,9155
Wed Dec 16 2020,9169
Thu Dec 17 2020,9133
Fri Dec 18 2020,9148
Sat Dec 19 2020,9120
Sun Dec 20 2020,9136
Mon Dec 21 2020,9114
Tue Dec 22 2020,9121
Wed Dec 23 2020,9117
Thu Dec 24 2020,9113
Fri Dec 25 2020,9112
Sat Dec 26 2020,9113
Sun Dec 27 2020,9135
Mon Dec 28 2020,9138
Tue Dec 29 2020,9126
Wed Dec 30 2020,9156
Thu Dec 31 2020,9161
Fri Jan 01 2021,9156
Sat Jan 02 2021,9184
Sun Jan 03 2021,9174
Mon Jan 04 2021,9130
Tue Jan 05 2021,9136
Wed Jan 06 2021,9157
Thu Jan 07 2021,9151
Fri Jan 08 2021,9154
Sat Jan 09 2021,9151
Sun Jan 10 2021,9155
Mon Jan 11 2021,9143
Tue Jan 12 2021,9117
Wed Jan 13 2021,9086
Thu Jan 14 2021,9089
Fri Jan 15 2021,9099
Sat Jan 16 2021,9159
Sun Jan 17 2021,9166
Mon Jan 18 2021,9156
Tue Jan 19 2021,9110
Wed Jan 20 2021,9094
Thu Jan 21 2021,9119
Fri Jan 22 2021,9093
Sat Jan 23 2021,9071
Sun Jan 24 2021,9069
Mon Jan 25 2021,9089
Tue Jan 26 2021,9081
Wed Jan 27 2021,9091
Thu Jan 28 2021,9094
Fri Jan 29 2021,9086
Sat Jan 30 2021,9112
Sun Jan 31 2021,9132
Mon Feb 01 2021,9150
Tue Feb 02 2021,9158
Wed Feb 03 2021,9188
Thu Feb 04 2021,9217
Fri Feb 05 2021,9241
Sat Feb 06 2021,9256
Sun Feb 07 2021,9261
Mon Feb 08 2021,9269
Tue Feb 09 2021,9269
Wed Feb 10 2021,9286
Thu Feb 11 2021,9248
Fri Feb 12 2021,9247
Sat Feb 13 2021,9248
Sun Feb 14 2021,9249
Mon Feb 15 2021,9229
Tue Feb 16 2021,9235
Wed Feb 17 2021,9248
Thu Feb 18 2021,9219
Fri Feb 19 2021,9242
Sat Feb 20 2021,9269
Sun Feb 21 2021,9312
Mon Feb 22 2021,9320
Tue Feb 23 2021,9338
Wed Feb 24 2021,9301
Thu Feb 25 2021,9311
Fri Feb 26 2021,9285
Sat Feb 27 2021,9324
Sun Feb 28 2021,9338
Mon Mar 01 2021,9346
Tue Mar 02 2021,9334
Wed Mar 03 2021,9347
Thu Mar 04 2021,9369
Fri Mar 05 2021,9354
Sat Mar 06 2021,9371
Sun Mar 07 2021,9373
Mon Mar 08 2021,9354
Tue Mar 09 2021,9361
Wed Mar 10 2021,9376
Thu Mar 11 2021,9378
Fri Mar 12 2021,9383
Sat Mar 13 2021,9408
Sun Mar 14 2021,9417
Mon Mar 15 2021,9389
Tue Mar 16 2021,9380
Wed Mar 17 2021,9391
Thu Mar 18 2021,9401
Fri Mar 19 2021,9401
Sat Mar 20 2021,9404
Sun Mar 21 2021,9414
Mon Mar 22 2021,9415
Tue Mar 23 2021,9404
Wed Mar 24 2021,9439
Thu Mar 25 2021,9440
Fri Mar 26 2021,9479
Sat Mar 27 2021,9517
Sun Mar 28 2021,9507
Mon Mar 29 2021,9513
Tue Mar 30 2021,9507
Wed Mar 31 2021,9514
Thu Apr 01 2021,9543
Fri Apr 02 2021,9545
Sat Apr 03 2021,9532
Sun Apr 04 2021,9544
Mon Apr 05 2021,9515
Tue Apr 06 2021,9516
Wed Apr 07 2021,9533
Thu Apr 08 2021,9528
Fri Apr 09 2021,9523
Sat Apr 10 2021,9525
Sun Apr 11 2021,9547
Mon Apr 12 2021,9566
Tue Apr 13 2021,9583
Wed Apr 14 2021,9586
Thu Apr 15 2021,9557
Fri Apr 16 2021,9553
Sat Apr 17 2021,9594
Sun Apr 18 2021,9601
Mon Apr 19 2021,9605
Tue Apr 20 2021,9578
Wed Apr 21 2021,9583
Thu Apr 22 2021,9579
Fri Apr 23 2021,9595
Sat Apr 24 2021,9567
Sun Apr 25 2021,9559
Mon Apr 26 2021,9530
Tue Apr 27 2021,9521
Wed Apr 28 2021,9530
Thu Apr 29 2021,9527
Fri Apr 30 2021,9517
Sat May 01 2021,9511
Sun May 02 2021,9489
Mon May 03 2021,9491
Tue May 04 2021,9500
Wed May 05 2021,9533
Thu May 06 2021,9540
Fri May 07 2021,9548
Sat May 08 2021,9572
Sun May 09 2021,9553
Mon May 10 2021,9546
Tue May 11 2021,9570
Wed May 12 2021,9568
Thu May 13 2021,9573
Fri May 14 2021,9616
Sat May 15 2021,9645
Sun May 16 2021,9648
Mon May 17 2021,9659
Tue May 18 2021,9634
Wed May 19 2021,9642
Thu May 20 2021,9655
Fri May 21 2021,9647
Sat May 22 2021,9642
Sun May 23 2021,9629
Mon May 24 2021,9664
Tue May 25 2021,9645
Wed May 26 2021,9691
Thu May 27 2021,9691
Fri May 28 2021,9700
Sat May 29 2021,9683
Sun May 30 2021,9703
Mon May 31 2021,9711
Tue Jun 01 2021,9724
Wed Jun 02 2021,9760
Thu Jun 03 2021,9760
Fri Jun 04 2021,9762
Sat Jun 05 2021,9759
Sun Jun 06 2021,9767
Mon Jun 07 2021,9776
Tue Jun 08 2021,9778
Wed Jun 09 2021,9789
Thu Jun 10 2021,9756
Fri Jun 11 2021,9779
Sat Jun 12 2021,9768
Sun Jun 13 2021,9763
Mon Jun 14 2021,9753
Tue Jun 15 2021,9738
Wed Jun 16 2021,9753
Thu Jun 17 2021,9767
Fri Jun 18 2021,9768
Sat Jun 19 2021,9770
Sun Jun 20 2021,9779
Mon Jun 21 2021,9807
Tue Jun 22 2021,9814
Wed Jun 23 2021,9819
Thu Jun 24 2021,9875
Fri Jun 25 2021,9881
Sat Jun 26 2021,9899
Sun Jun 27 2021,9910
Mon Jun 28 2021,9963
Tue Jun 29 2021,9942
Wed Jun 30 2021,9959
Thu Jul 01 2021,9934
Fri Jul 02 2021,9916
Sat Jul 03 2021,9934
Sun Jul 04 2021,9932
Mon Jul 05 2021,9940
Tue Jul 06 2021,9979
Wed Jul 07 2021,10006
Thu Jul 08 2021,10010
Fri Jul 09 2021,10031
Sat Jul 10 2021,10055
Sun Jul 11 2021,10054
Mon Jul 12 2021,10074
Tue Jul 13 2021,10085
Wed Jul 14 2021,10081
Thu Jul 15 2021,10076
Fri Jul 16 2021,10054
Sat Jul 17 2021,10024
Sun Jul 18 2021,9992
Mon Jul 19 2021,9983
Tue Jul 20 2021,10004
Wed Jul 21 2021,9997
Thu Jul 22 2021,10004
Fri Jul 23 2021,9999
Sat Jul 24 2021,9988
Sun Jul 25 2021,9989
Mon Jul 26 2021,9957
Tue Jul 27 2021,9967
Wed Jul 28 2021,9955
Thu Jul 29 2021,9990
Fri Jul 30 2021,9985
Sat Jul 31 2021,10002
Sun Aug 01 2021,9972
Mon Aug 02 2021,9979
Tue Aug 03 2021,10013
Wed Aug 04 2021,10028
Thu Aug 05 2021,10022
Fri Aug 06 2021,10057
Sat Aug 07 2021,10031
Sun Aug 08 2021,10035
Mon Aug 09 2021,9994
Tue Aug 10 2021,9984
Wed Aug 11 2021,10016
Thu Aug 12 2021,10015
Fri Aug 13 2021,10028
Sat Aug 14 2021,10014
Sun Aug 15 2021,10046
Mon Aug 16 2021,10087
Tue Aug 17 2021,10200
Wed Aug 18 2021,10238
Thu Aug 19 2021,10225
Fri Aug 20 2021,10151
Sat Aug 21 2021,10190
Sun Aug 22 2021,10206
Mon Aug 23 2021,10299
Tue Aug 24 2021,10301
Wed Aug 25 2021,10352
Thu Aug 26 2021,10285
Fri Aug 27 2021,10249
Sat Aug 28 2021,10243
Sun Aug 29 2021,10262
Mon Aug 30 2021,10270
Tue Aug 31 2021,10234
Wed Sep 01 2021,10238
Thu Sep 02 2021,10304
Fri Sep 03 2021,10282
Sat Sep 04 2021,10272
Sun Sep 05 2021,10246
Mon Sep 06 2021,10306
Tue Sep 07 2021,10299
Wed Sep 08 2021,10313
Thu Sep 09 2021,10322
Fri Sep 10 2021,10316
Sat Sep 11 2021,10370
Sun Sep 12 2021,10363
Mon Sep 13 2021,10430
Tue Sep 14 2021,10407
Wed Sep 15 2021,10407
Thu Sep 16 2021,10459
Fri Sep 17 2021,10419
Sat Sep 18 2021,10422
Sun Sep 19 2021,10417
Mon Sep 20 2021,10407
Tue Sep 21 2021,10445
Wed Sep 22 2021,10435
Thu Sep 23 2021,10412
Fri Sep 24 2021,10446
Sat Sep 25 2021,10413
Sun Sep 26 2021,10420
Mon Sep 27 2021,10432
Tue Sep 28 2021,10408
Wed Sep 29 2021,10420
Thu Sep 30 2021,10461
Fri Oct 01 2021,10482
Sat Oct 02 2021,10465
Sun Oct 03 2021,10483
Mon Oct 04 2021,10539
Tue Oct 05 2021,10536
Wed Oct 06 2021,10550
Thu Oct 07 2021,10567
Fri Oct 08 2021,10604
Sat Oct 09 2021,10589
Sun Oct 10 2021,10604
Mon Oct 11 2021,10598
Tue Oct 12 2021,10648
Wed Oct 13 2021,10632
Thu Oct 14 2021,10625
Fri Oct 15 2021,10631
Sat Oct 16 2021,10656
Sun Oct 17 2021,10665
Mon Oct 18 2021,10662
Tue Oct 19 2021,10697
Wed Oct 20 2021,10714
Thu Oct 21 2021,10715
Fri Oct 22 2021,10729
Sat Oct 23 2021,10777
Sun Oct 24 2021,10776
Mon Oct 25 2021,10801
Tue Oct 26 2021,10861
Wed Oct 27 2021,10855
Thu Oct 28 2021,10873
Fri Oct 29 2021,10920
Sat Oct 30 2021,10903
Sun Oct 31 2021,10920
Mon Nov 01 2021,10920
Tue Nov 02 2021,10936
Wed Nov 03 2021,10924
Thu Nov 04 2021,10935
Fri Nov 05 2021,10944
Sat Nov 06 2021,10944
Sun Nov 07 2021,10945
Mon Nov 08 2021,10968
Tue Nov 09 2021,10976
Wed Nov 10 2021,10983
Thu Nov 11 2021,11003
Fri Nov 12 2021,11074
Sat Nov 13 2021,11128
Sun Nov 14 2021,11144
Mon Nov 15 2021,11112
Tue Nov 16 2021,11165
Wed Nov 17 2021,11191
Thu Nov 18 2021,11190
Fri Nov 19 2021,11207
Sat Nov 20 2021,11231
Sun Nov 21 2021,11251
Mon Nov 22 2021,11259
Tue Nov 23 2021,11290
Wed Nov 24 2021,11356
Thu Nov 25 2021,11315
Fri Nov 26 2021,11314
Sat Nov 27 2021,11385
Sun Nov 28 2021,11390
Mon Nov 29 2021,11380
Tue Nov 30 2021,11383
Wed Dec 01 2021,11416
Thu Dec 02 2021,11414
Fri Dec 03 2021,11436
Sat Dec 04 2021,11434
Sun Dec 05 2021,11435
Mon Dec 06 2021,11405
Tue Dec 07 2021,11419
Wed Dec 08 2021,11435
Thu Dec 09 2021,11449
Fri Dec 10 2021,11451
Sat Dec 11 2021,11450
Sun Dec 12 2021,11494
Mon Dec 13 2021,11508
Tue Dec 14 2021,11528
Wed Dec 15 2021,11537
Thu Dec 16 2021,11532
Fri Dec 17 2021,11524
Sat Dec 18 2021,11528
Sun Dec 19 2021,11541
Mon Dec 20 2021,11529
Tue Dec 21 2021,11538
Wed Dec 22 2021,11528
Thu Dec 23 2021,11522
Fri Dec 24 2021,11509
Sat Dec 25 2021,11509
Sun Dec 26 2021,11522
Mon Dec 27 2021,11511
Tue Dec 28 2021,11516
Wed Dec 29 2021,11542
Thu Dec 30 2021,11617
Fri Dec 31 2021,11627
Sat Jan 01 2022,11625
Sun Jan 02 2022,11637
Mon Jan 03 2022,11648
Tue Jan 04 2022,11674
Wed Jan 05 2022,11722
Thu Jan 06 2022,11695
Fri Jan 07 2022,11731
Sat Jan 08 2022,11712
Sun Jan 09 2022,11720
Mon Jan 10 2022,11744
Tue Jan 11 2022,11707
Wed Jan 12 2022,11719
Thu Jan 13 2022,11723
Fri Jan 14 2022,11756
Sat Jan 15 2022,11773
Sun Jan 16 2022,11769
Mon Jan 17 2022,11853
Tue Jan 18 2022,11859
Wed Jan 19 2022,11858
Thu Jan 20 2022,11888
Fri Jan 21 2022,11888
Sat Jan 22 2022,11888
Sun Jan 23 2022,11885
Mon Jan 24 2022,11952
Tue Jan 25 2022,11956
Wed Jan 26 2022,11962
Thu Jan 27 2022,11951
Fri Jan 28 2022,11955
Sat Jan 29 2022,11981
Sun Jan 30 2022,11976
Mon Jan 31 2022,11988
Tue Feb 01 2022,11990
Wed Feb 02 2022,11998
Thu Feb 03 2022,12067
Fri Feb 04 2022,12047
Sat Feb 05 2022,12062
Sun Feb 06 2022,12070
Mon Feb 07 2022,12090
Tue Feb 08 2022,12101
Wed Feb 09 2022,12098
Thu Feb 10 2022,12113
Fri Feb 11 2022,12156
Sat Feb 12 2022,12159
Sun Feb 13 2022,12171
Mon Feb 14 2022,12188
Tue Feb 15 2022,12203
Wed Feb 16 2022,12218
Thu Feb 17 2022,12265
Fri Feb 18 2022,12263
Sat Feb 19 2022,12284
Sun Feb 20 2022,12322
Mon Feb 21 2022,12351
Tue Feb 22 2022,12392
Wed Feb 23 2022,12365
Thu Feb 24 2022,12396
Fri Feb 25 2022,12427
Sat Feb 26 2022,12473
Sun Feb 27 2022,12504
Mon Feb 28 2022,12515
Tue Mar 01 2022,12517
Wed Mar 02 2022,12517
Thu Mar 03 2022,12555
Fri Mar 04 2022,12558
Sat Mar 05 2022,12570
Sun Mar 06 2022,12549
Mon Mar 07 2022,12650
Tue Mar 08 2022,12674
Wed Mar 09 2022,12697
Thu Mar 10 2022,12681
Fri Mar 11 2022,12729
Sat Mar 12 2022,12746
Sun Mar 13 2022,12759
Mon Mar 14 2022,12785
Tue Mar 15 2022,12810
Wed Mar 16 2022,12836
Thu Mar 17 2022,12835
Fri Mar 18 2022,12885
Sat Mar 19 2022,12886
Sun Mar 20 2022,12868
Mon Mar 21 2022,12948
Tue Mar 22 2022,12907
Wed Mar 23 2022,12919
Thu Mar 24 2022,12993
Fri Mar 25 2022,12932
Sat Mar 26 2022,12983
Sun Mar 27 2022,12957
Mon Mar 28 2022,13005
Tue Mar 29 2022,13048
Wed Mar 30 2022,13047
Thu Mar 31 2022,13062
Fri Apr 01 2022,13083
Sat Apr 02 2022,13097
Sun Apr 03 2022,13118
Mon Apr 04 2022,13140
Tue Apr 05 2022,13129
Wed Apr 06 2022,13071
Thu Apr 07 2022,13077
Fri Apr 08 2022,13061
Sat Apr 09 2022,13069
Sun Apr 10 2022,13084
Mon Apr 11 2022,13073
Tue Apr 12 2022,13109
Wed Apr 13 2022,13068
Thu Apr 14 2022,13068
Fri Apr 15 2022,13067
Sat Apr 16 2022,13069
Sun Apr 17 2022,13045
Mon Apr 18 2022,13038
Tue Apr 19 2022,13039
Wed Apr 20 2022,13073
Thu Apr 21 2022,13062
Fri Apr 22 2022,13080
Sat Apr 23 2022,13070
Sun Apr 24 2022,13097
Mon Apr 25 2022,13054
Tue Apr 26 2022,13027
Wed Apr 27 2022,13050
Thu Apr 28 2022,13065
Fri Apr 29 2022,13094
Sat Apr 30 2022,13085
Sun May 01 2022,13072
Mon May 02 2022,13081
Tue May 03 2022,13085
Wed May 04 2022,13080
Thu May 05 2022,13119
Fri May 06 2022,13134
Sat May 07 2022,13140
Sun May 08 2022,13132
Mon May 09 2022,13124
Tue May 10 2022,13086
Wed May 11 2022,13075
Thu May 12 2022,13088
Fri May 13 2022,13119
Sat May 14 2022,13107
Sun May 15 2022,13124
Mon May 16 2022,13134
Tue May 17 2022,13135
Wed May 18 2022,13150
Thu May 19 2022,13155
Fri May 20 2022,13131
Sat May 21 2022,13168
Sun May 22 2022,13175
Mon May 23 2022,13207
Tue May 24 2022,13191
Wed May 25 2022,13197
Thu May 26 2022,13198
Fri May 27 2022,13150
Sat May 28 2022,13077
Sun May 29 2022,13080
Mon May 30 2022,13057
Tue May 31 2022,13070
Wed Jun 01 2022,13073
Thu Jun 02 2022,13093
Fri Jun 03 2022,13139
Sat Jun 04 2022,13091
Sun Jun 05 2022,13082
Mon Jun 06 2022,13051
Tue Jun 07 2022,13011
Wed Jun 08 2022,13007
Thu Jun 09 2022,12993
Fri Jun 10 2022,13003
Sat Jun 11 2022,12971
Sun Jun 12 2022,12959
Mon Jun 13 2022,12977
Tue Jun 14 2022,12937
Wed Jun 15 2022,12985
Thu Jun 16 2022,12955
Fri Jun 17 2022,12923
Sat Jun 18 2022,12936
Sun Jun 19 2022,12932
Mon Jun 20 2022,12921
Tue Jun 21 2022,12898
Wed Jun 22 2022,12866
Thu Jun 23 2022,12902
Fri Jun 24 2022,12885
Sat Jun 25 2022,12889
Sun Jun 26 2022,12894
Mon Jun 27 2022,12891
Tue Jun 28 2022,12883
Wed Jun 29 2022,12854
Thu Jun 30 2022,12840
Fri Jul 01 2022,12863
Sat Jul 02 2022,12821
Sun Jul 03 2022,12789
Mon Jul 04 2022,12816
Tue Jul 05 2022,12837
Wed Jul 06 2022,12837
Thu Jul 07 2022,12861
Fri Jul 08 2022,12893
Sat Jul 09 2022,12918
Sun Jul 10 2022,12915
Mon Jul 11 2022,12954
Tue Jul 12 2022,12970
Wed Jul 13 2022,12978
Thu Jul 14 2022,12971
Fri Jul 15 2022,12955
Sat Jul 16 2022,12994
Sun Jul 17 2022,13013
Mon Jul 18 2022,13007
Tue Jul 19 2022,13015
Wed Jul 20 2022,13072
Thu Jul 21 2022,13091
Fri Jul 22 2022,13134
Sat Jul 23 2022,13155
Sun Jul 24 2022,13184
Mon Jul 25 2022,13168
Tue Jul 26 2022,13170
Wed Jul 27 2022,13241
Thu Jul 28 2022,13246
Fri Jul 29 2022,13241
Sat Jul 30 2022,13240
Sun Jul 31 2022,13142
Mon Aug 01 2022,13145
Tue Aug 02 2022,13153
Wed Aug 03 2022,13158
Thu Aug 04 2022,13148
Fri Aug 05 2022,13150
Sat Aug 06 2022,13139
Sun Aug 07 2022,13155
Mon Aug 08 2022,13107
Tue Aug 09 2022,13105
Wed Aug 10 2022,13068
Thu Aug 11 2022,13049
Fri Aug 12 2022,13014
Sat Aug 13 2022,13050
Sun Aug 14 2022,13040
Mon Aug 15 2022,13003
Tue Aug 16 2022,12999
Wed Aug 17 2022,13011
Thu Aug 18 2022,13006
Fri Aug 19 2022,12993
Sat Aug 20 2022,12973
Sun Aug 21 2022,12941
Mon Aug 22 2022,12925
Tue Aug 23 2022,12934
Wed Aug 24 2022,12941
Thu Aug 25 2022,12955
Fri Aug 26 2022,12941
Sat Aug 27 2022,12940
Sun Aug 28 2022,12917
Mon Aug 29 2022,12970
Tue Aug 30 2022,13000
Wed Aug 31 2022,13028
Thu Sep 01 2022,13063
Fri Sep 02 2022,13080
Sat Sep 03 2022,13097
Sun Sep 04 2022,13080
Mon Sep 05 2022,13123
Tue Sep 06 2022,13064
Wed Sep 07 2022,13067
Thu Sep 08 2022,13139
Fri Sep 09 2022,13142
Sat Sep 10 2022,13160
Sun Sep 11 2022,13173
Mon Sep 12 2022,13172
Tue Sep 13 2022,13131
Wed Sep 14 2022,13127
Thu Sep 15 2022,13146
Fri Sep 16 2022,13172
Sat Sep 17 2022,13188
Sun Sep 18 2022,13223
Mon Sep 19 2022,13223
Tue Sep 20 2022,13275
Wed Sep 21 2022,13208
Thu Sep 22 2022,13190
Fri Sep 23 2022,13224
Sat Sep 24 2022,13275
Sun Sep 25 2022,13225
Mon Sep 26 2022,13248
Tue Sep 27 2022,13253
Wed Sep 28 2022,13280
Thu Sep 29 2022,13252
Fri Sep 30 2022,13251
Sat Oct 01 2022,13250
Sun Oct 02 2022,13263
Mon Oct 03 2022,13285
Tue Oct 04 2022,13237
Wed Oct 05 2022,13253
Thu Oct 06 2022,13263
Fri Oct 07 2022,13246
Sat Oct 08 2022,13221
Sun Oct 09 2022,13219
Mon Oct 10 2022,13255
Tue Oct 11 2022,13270
Wed Oct 12 2022,13283
Thu Oct 13 2022,13320
Fri Oct 14 2022,13325
Sat Oct 15 2022,13310
Sun Oct 16 2022,13295
Mon Oct 17 2022,13316
Tue Oct 18 2022,13319
Wed Oct 19 2022,13279
Thu Oct 20 2022,13307
Fri Oct 21 2022,13335
Sat Oct 22 2022,13366
Sun Oct 23 2022,13374
Mon Oct 24 2022,13325
Tue Oct 25 2022,13336
Wed Oct 26 2022,13304
Thu Oct 27 2022,13302
Fri Oct 28 2022,13231
Sat Oct 29 2022,13248
Sun Oct 30 2022,13231
Mon Oct 31 2022,13185
Tue Nov 01 2022,13148
Wed Nov 02 2022,13149
Thu Nov 03 2022,13210
Fri Nov 04 2022,13183
Sat Nov 05 2022,13169
Sun Nov 06 2022,13175
Mon Nov 07 2022,13113
Tue Nov 08 2022,13091
Wed Nov 09 2022,13073
Thu Nov 10 2022,13074
Fri Nov 11 2022,13051
Sat Nov 12 2022,12991
Sun Nov 13 2022,12975
Mon Nov 14 2022,12942
Tue Nov 15 2022,12963
Wed Nov 16 2022,12925
Thu Nov 17 2022,12885
Fri Nov 18 2022,12934
Sat Nov 19 2022,12885
Sun Nov 20 2022,12860
Mon Nov 21 2022,12808
Tue Nov 22 2022,12812
Wed Nov 23 2022,12809
Thu Nov 24 2022,12792
Fri Nov 25 2022,12765
Sat Nov 26 2022,12763
Sun Nov 27 2022,12745
Mon Nov 28 2022,12729
Tue Nov 29 2022,12710
Wed Nov 30 2022,12687
Thu Dec 01 2022,12681
Fri Dec 02 2022,12667
Sat Dec 03 2022,12640
Sun Dec 04 2022,12621
Mon Dec 05 2022,12626
Tue Dec 06 2022,12567
Wed Dec 07 2022,12531
Thu Dec 08 2022,12521
Fri Dec 09 2022,12522
Sat Dec 10 2022,12545
Sun Dec 11 2022,12529
Mon Dec 12 2022,12522
Tue Dec 13 2022,12534
Wed Dec 14 2022,12518
Thu Dec 15 2022,12488
Fri Dec 16 2022,12475
Sat Dec 17 2022,12451
Sun Dec 18 2022,12401
Mon Dec 19 2022,12415
Tue Dec 20 2022,12377
Wed Dec 21 2022,12337
Thu Dec 22 2022,12318
Fri Dec 23 2022,12292
Sat Dec 24 2022,12256
Sun Dec 25 2022,12270
Mon Dec 26 2022,12294
Tue Dec 27 2022,12219
Wed Dec 28 2022,12187
Thu Dec 29 2022,12140
Fri Dec 30 2022,12139
Sat Dec 31 2022,12151
Sun Jan 01 2023,12137
Mon Jan 02 2023,12095
Tue Jan 03 2023,12089
Wed Jan 04 2023,12046
Thu Jan 05 2023,12026
Fri Jan 06 2023,12112
Sat Jan 07 2023,12098
Sun Jan 08 2023,12016
Mon Jan 09 2023,12055
Tue Jan 10 2023,12045
Wed Jan 11 2023,11980
Thu Jan 12 2023,11955
Fri Jan 13 2023,11936
Sat Jan 14 2023,11930
Sun Jan 15 2023,11956
Mon Jan 16 2023,11936
Tue Jan 17 2023,11935
Wed Jan 18 2023,11923
Thu Jan 19 2023,11911
Fri Jan 20 2023,11958
Sat Jan 21 2023,11970
Sun Jan 22 2023,11980
Mon Jan 23 2023,11944
Tue Jan 24 2023,11913
Wed Jan 25 2023,11883
Thu Jan 26 2023,11891
Fri Jan 27 2023,11917
Sat Jan 28 2023,11928
Sun Jan 29 2023,11912
Mon Jan 30 2023,11906
Tue Jan 31 2023,11885
Wed Feb 01 2023,11903
Thu Feb 02 2023,11901
Fri Feb 03 2023,11931
Sat Feb 04 2023,11918
Sun Feb 05 2023,11903
Mon Feb 06 2023,11931
Tue Feb 07 2023,11931
Wed Feb 08 2023,11908
Thu Feb 09 2023,11936
Fri Feb 10 2023,11951
Sat Feb 11 2023,11970
Sun Feb 12 2023,11986
Mon Feb 13 2023,11978
Tue Feb 14 2023,12001
Wed Feb 15 2023,12036
Thu Feb 16 2023,12031
Fri Feb 17 2023,12037
Sat Feb 18 2023,12046
Sun Feb 19 2023,12060
Mon Feb 20 2023,12073
Tue Feb 21 2023,12075
Wed Feb 22 2023,12075
Thu Feb 23 2023,12085
Fri Feb 24 2023,12092
Sat Feb 25 2023,12066
Sun Feb 26 2023,12068
Mon Feb 27 2023,12107
Tue Feb 28 2023,12137
Wed Mar 01 2023,12110
Thu Mar 02 2023,12139
Fri Mar 03 2023,12146
Sat Mar 04 2023,12158
Sun Mar 05 2023,12155
Mon Mar 06 2023,12177
Tue Mar 07 2023,12185
Wed Mar 08 2023,12158
Thu Mar 09 2023,12157
Fri Mar 10 2023,12123
Sat Mar 11 2023,12178
Sun Mar 12 2023,12144
Mon Mar 13 2023,12143
Tue Mar 14 2023,12173
Wed Mar 15 2023,12166
Thu Mar 16 2023,12121
Fri Mar 17 2023,12156
Sat Mar 18 2023,12209
Sun Mar 19 2023,12216
Mon Mar 20 2023,12229
Tue Mar 21 2023,12224
Wed Mar 22 2023,12213
Thu Mar 23 2023,12239
Fri Mar 24 2023,12230
Sat Mar 25 2023,12231
Sun Mar 26 2023,12249
Mon Mar 27 2023,12187
Tue Mar 28 2023,12194
Wed Mar 29 2023,12185
Thu Mar 30 2023,12170
Fri Mar 31 2023,12148
Sat Apr 01 2023,12142
Sun Apr 02 2023,12114
Mon Apr 03 2023,12196
Tue Apr 04 2023,12187
Wed Apr 05 2023,12206
Thu Apr 06 2023,12195
Fri Apr 07 2023,12163
Sat Apr 08 2023,12151
Sun Apr 09 2023,12107
Mon Apr 10 2023,12069
Tue Apr 11 2023,12067
Wed Apr 12 2023,12041
Thu Apr 13 2023,12031
Fri Apr 14 2023,12019
Sat Apr 15 2023,12032
Sun Apr 16 2023,12018
Mon Apr 17 2023,12049
Tue Apr 18 2023,12081
Wed Apr 19 2023,12062
Thu Apr 20 2023,12049
Fri Apr 21 2023,12015
Sat Apr 22 2023,12014
Sun Apr 23 2023,12042
Mon Apr 24 2023,12011
Tue Apr 25 2023,12011
Wed Apr 26 2023,12031
Thu Apr 27 2023,11979
Fri Apr 28 2023,11929
Sat Apr 29 2023,11924
Sun Apr 30 2023,11916
Mon May 01 2023,11868
Tue May 02 2023,11862
Wed May 03 2023,11855
Thu May 04 2023,11850
Fri May 05 2023,11834
Sat May 06 2023,11824
Sun May 07 2023,11828
Mon May 08 2023,11777
Tue May 09 2023,11784
Wed May 10 2023,11782
Thu May 11 2023,11773
Fri May 12 2023,11764
Sat May 13 2023,11775
Sun May 14 2023,11795
Mon May 15 2023,11790
Tue May 16 2023,11802
Wed May 17 2023,11790
Thu May 18 2023,11756
Fri May 19 2023,11721
Sat May 20 2023,11729
Sun May 21 2023,11707
Mon May 22 2023,11729
Tue May 23 2023,11757
Wed May 24 2023,11770
Thu May 25 2023,11756
Fri May 26 2023,11732
Sat May 27 2023,11765
Sun May 28 2023,11760
Mon May 29 2023,11761
Tue May 30 2023,11764
Wed May 31 2023,11774
Thu Jun 01 2023,11773
Fri Jun 02 2023,11750
Sat Jun 03 2023,11763
Sun Jun 04 2023,11763
Mon Jun 05 2023,11744
Tue Jun 06 2023,11777
Wed Jun 07 2023,11811
Thu Jun 08 2023,11836
Fri Jun 09 2023,11858
Sat Jun 10 2023,11864
Sun Jun 11 2023,11891
Mon Jun 12 2023,11921
Tue Jun 13 2023,11929
Wed Jun 14 2023,11943
Thu Jun 15 2023,11906
Fri Jun 16 2023,11905
Sat Jun 17 2023,11908
Sun Jun 18 2023,11905
Mon Jun 19 2023,11890
Tue Jun 20 2023,11916
Wed Jun 21 2023,11838
Thu Jun 22 2023,11844
Fri Jun 23 2023,11849
Sat Jun 24 2023,11869
Sun Jun 25 2023,11897
Mon Jun 26 2023,11874
Tue Jun 27 2023,11896
Wed Jun 28 2023,11930
Thu Jun 29 2023,11889
Fri Jun 30 2023,11871
Sat Jul 01 2023,11879
Sun Jul 02 2023,11881
Mon Jul 03 2023,11897
Tue Jul 04 2023,11913
Wed Jul 05 2023,11889
Thu Jul 06 2023,11859
Fri Jul 07 2023,11844
Sat Jul 08 2023,11833
Sun Jul 09 2023,11877
Mon Jul 10 2023,11885
Tue Jul 11 2023,11856
Wed Jul 12 2023,11815
Thu Jul 13 2023,11806
Fri Jul 14 2023,11807
Sat Jul 15 2023,11828
Sun Jul 16 2023,11835
Mon Jul 17 2023,11816
Tue Jul 18 2023,11810
Wed Jul 19 2023,11812
Thu Jul 20 2023,11751
Fri Jul 21 2023,11746
Sat Jul 22 2023,11741
Sun Jul 23 2023,11737
Mon Jul 24 2023,11706
Tue Jul 25 2023,11685
Wed Jul 26 2023,11699
Thu Jul 27 2023,11650
Fri Jul 28 2023,11637
Sat Jul 29 2023,11594
Sun Jul 30 2023,11582
Mon Jul 31 2023,11552
Tue Aug 01 2023,11569
Wed Aug 02 2023,11529
Thu Aug 03 2023,11563
Fri Aug 04 2023,11573
Sat Aug 05 2023,11589
Sun Aug 06 2023,11606
Mon Aug 07 2023,11611
Tue Aug 08 2023,11630
Wed Aug 09 2023,11601
Thu Aug 10 2023,11613
Fri Aug 11 2023,11644
Sat Aug 12 2023,11667
Sun Aug 13 2023,11728
Mon Aug 14 2023,11743
Tue Aug 15 2023,11731
Wed Aug 16 2023,11748
Thu Aug 17 2023,11717
Fri Aug 18 2023,11694
Sat Aug 19 2023,11699
Sun Aug 20 2023,11714
Mon Aug 21 2023,11732
Tue Aug 22 2023,11726
Wed Aug 23 2023,11735
Thu Aug 24 2023,11748
Fri Aug 25 2023,11737
Sat Aug 26 2023,11749
Sun Aug 27 2023,11720
Mon Aug 28 2023,11756
Tue Aug 29 2023,11753
Wed Aug 30 2023,11738
Thu Aug 31 2023,11700
Fri Sep 01 2023,11700
Sat Sep 02 2023,11706
Sun Sep 03 2023,11676
Mon Sep 04 2023,11677
Tue Sep 05 2023,11662
Wed Sep 06 2023,11650
Thu Sep 07 2023,11680
Fri Sep 08 2023,11687
Sat Sep 09 2023,11677
Sun Sep 10 2023,11645
Mon Sep 11 2023,11608
Tue Sep 12 2023,11602
Wed Sep 13 2023,11609
Thu Sep 14 2023,11633
Fri Sep 15 2023,11635
Sat Sep 16 2023,11663
Sun Sep 17 2023,11685
Mon Sep 18 2023,11680
Tue Sep 19 2023,11649
Wed Sep 20 2023,11648
Thu Sep 21 2023,11671
Fri Sep 22 2023,11651
Sat Sep 23 2023,11673
Sun Sep 24 2023,11655
Mon Sep 25 2023,11639
Tue Sep 26 2023,11660
Wed Sep 27 2023,11659
Thu Sep 28 2023,11694
Fri Sep 29 2023,11692
Sat Sep 30 2023,11693
Sun Oct 01 2023,11692
Mon Oct 02 2023,11693
Tue Oct 03 2023,11707
Wed Oct 04 2023,11708
Thu Oct 05 2023,11712
Fri Oct 06 2023,11719
Sat Oct 07 2023,11705
Sun Oct 08 2023,11717
Mon Oct 09 2023,11737
Tue Oct 10 2023,11757
Wed Oct 11 2023,11749
Thu Oct 12 2023,11770
Fri Oct 13 2023,11803
Sat Oct 14 2023,11750
Sun Oct 15 2023,11779
Mon Oct 16 2023,11760
Tue Oct 17 2023,11754
Wed Oct 18 2023,11761
Thu Oct 19 2023,11777
Fri Oct 20 2023,11759
Sat Oct 21 2023,11710
Sun Oct 22 2023,11699
Mon Oct 23 2023,11692
Tue Oct 24 2023,11719
Wed Oct 25 2023,11718
Thu Oct 26 2023,11689
Fri Oct 27 2023,11691
Sat Oct 28 2023,11703
Sun Oct 29 2023,11678
Mon Oct 30 2023,11680
Tue Oct 31 2023,11749
Wed Nov 01 2023,11752
Thu Nov 02 2023,11759
Fri Nov 03 2023,11753
Sat Nov 04 2023,11766
Sun Nov 05 2023,11799
Mon Nov 06 2023,11794
Tue Nov 07 2023,11786
Wed Nov 08 2023,11802
Thu Nov 09 2023,11770
Fri Nov 10 2023,11776
Sat Nov 11 2023,11791
Sun Nov 12 2023,11756
Mon Nov 13 2023,11774
Tue Nov 14 2023,11751
Wed Nov 15 2023,11770
Thu Nov 16 2023,11740
Fri Nov 17 2023,11724
Sat Nov 18 2023,11744
Sun Nov 19 2023,11750
Mon Nov 20 2023,11769
Tue Nov 21 2023,11762
Wed Nov 22 2023,11774
Thu Nov 23 2023,11740
Fri Nov 24 2023,11719
Sat Nov 25 2023,11688
Sun Nov 26 2023,11682
Mon Nov 27 2023,11683
Tue Nov 28 2023,11678
Wed Nov 29 2023,11706
Thu Nov 30 2023,11711
Fri Dec 01 2023,11726
Sat Dec 02 2023,11731
Sun Dec 03 2023,11730
Mon Dec 04 2023,11749
Tue Dec 05 2023,11704
Wed Dec 06 2023,11699
Thu Dec 07 2023,11705
Fri Dec 08 2023,11719
Sat Dec 09 2023,11717
Sun Dec 10 2023,11731
Mon Dec 11 2023,11707
Tue Dec 12 2023,11696
Wed Dec 13 2023,11678
Thu Dec 14 2023,11687
Fri Dec 15 2023,11665
Sat Dec 16 2023,11685
Sun Dec 17 2023,11682
Mon Dec 18 2023,11674
Tue Dec 19 2023,11636
Wed Dec 20 2023,11652
Thu Dec 21 2023,11658
Fri Dec 22 2023,11658
Sat Dec 23 2023,11688
Sun Dec 24 2023,11692
Mon Dec 25 2023,11694
Tue Dec 26 2023,11707
Wed Dec 27 2023,11717
Thu Dec 28 2023,11695
Fri Dec 29 2023,11672
Sat Dec 30 2023,11618
Sun Dec 31 2023,11640
Mon Jan 01 2024,11627
Tue Jan 02 2024,11648
Wed Jan 03 2024,11674
Thu Jan 04 2024,11679
Fri Jan 05 2024,11682
Sat Jan 06 2024,11683
Sun Jan 07 2024,11659
Mon Jan 08 2024,11624
Tue Jan 09 2024,11593
Wed Jan 10 2024,11611
Thu Jan 11 2024,11647
Fri Jan 12 2024,11628
Sat Jan 13 2024,11587
Sun Jan 14 2024,11588
Mon Jan 15 2024,11648
Tue Jan 16 2024,11674
Wed Jan 17 2024,11669
Thu Jan 18 2024,11690
Fri Jan 19 2024,11673
Sat Jan 20 2024,11687
Sun Jan 21 2024,11666
Mon Jan 22 2024,11720
Tue Jan 23 2024,11708
Wed Jan 24 2024,11730
Thu Jan 25 2024,11747
Fri Jan 26 2024,11748
Sat Jan 27 2024,11769
Sun Jan 28 2024,11703
Mon Jan 29 2024,11746
Tue Jan 30 2024,11744
Wed Jan 31 2024,11710
Thu Feb 01 2024,11698
Fri Feb 02 2024,11677
Sat Feb 03 2024,11681
Sun Feb 04 2024,11694
Mon Feb 05 2024,11736
