date,Rolex Market Index (USD)
Sun Jan 01 2017,14538
Mon Jan 02 2017,14575
Tue Jan 03 2017,14578
Wed Jan 04 2017,14576
Thu Jan 05 2017,14576
Fri Jan 06 2017,14585
Sat Jan 07 2017,14561
Sun Jan 08 2017,14559
Mon Jan 09 2017,14568
Tue Jan 10 2017,14572
Wed Jan 11 2017,14596
Thu Jan 12 2017,14580
Fri Jan 13 2017,14567
Sat Jan 14 2017,14568
Sun Jan 15 2017,14566
Mon Jan 16 2017,14569
Tue Jan 17 2017,14548
Wed Jan 18 2017,14549
Thu Jan 19 2017,14529
Fri Jan 20 2017,14504
Sat Jan 21 2017,14501
Sun Jan 22 2017,14491
Mon Jan 23 2017,14500
Tue Jan 24 2017,14497
Wed Jan 25 2017,14502
Thu Jan 26 2017,14496
Fri Jan 27 2017,14496
Sat Jan 28 2017,14518
Sun Jan 29 2017,14525
Mon Jan 30 2017,14528
Tue Jan 31 2017,14529
Wed Feb 01 2017,14518
Thu Feb 02 2017,14523
Fri Feb 03 2017,14526
Sat Feb 04 2017,14481
Sun Feb 05 2017,14489
Mon Feb 06 2017,14487
Tue Feb 07 2017,14489
Wed Feb 08 2017,14489
Thu Feb 09 2017,14493
Fri Feb 10 2017,14489
Sat Feb 11 2017,14491
Sun Feb 12 2017,14491
Mon Feb 13 2017,14503
Tue Feb 14 2017,14505
Wed Feb 15 2017,14506
Thu Feb 16 2017,14525
Fri Feb 17 2017,14512
Sat Feb 18 2017,14532
Sun Feb 19 2017,14534
Mon Feb 20 2017,14536
Tue Feb 21 2017,14541
Wed Feb 22 2017,14546
Thu Feb 23 2017,14537
Fri Feb 24 2017,14550
Sat Feb 25 2017,14559
Sun Feb 26 2017,14552
Mon Feb 27 2017,14544
Tue Feb 28 2017,14533
Wed Mar 01 2017,14513
Thu Mar 02 2017,14505
Fri Mar 03 2017,14505
Sat Mar 04 2017,14499
Sun Mar 05 2017,14492
Mon Mar 06 2017,14517
Tue Mar 07 2017,14517
Wed Mar 08 2017,14533
Thu Mar 09 2017,14536
Fri Mar 10 2017,14533
Sat Mar 11 2017,14536
Sun Mar 12 2017,14534
Mon Mar 13 2017,14549
Tue Mar 14 2017,14549
Wed Mar 15 2017,14550
Thu Mar 16 2017,14528
Fri Mar 17 2017,14523
Sat Mar 18 2017,14524
Sun Mar 19 2017,14469
Mon Mar 20 2017,14468
Tue Mar 21 2017,14475
Wed Mar 22 2017,14474
Thu Mar 23 2017,14475
Fri Mar 24 2017,14474
Sat Mar 25 2017,14475
Sun Mar 26 2017,14477
Mon Mar 27 2017,14474
Tue Mar 28 2017,14479
Wed Mar 29 2017,14486
Thu Mar 30 2017,14504
Fri Mar 31 2017,14505
Sat Apr 01 2017,14504
Sun Apr 02 2017,14523
Mon Apr 03 2017,14534
Tue Apr 04 2017,14532
Wed Apr 05 2017,14526
Thu Apr 06 2017,14537
Fri Apr 07 2017,14529
Sat Apr 08 2017,14490
Sun Apr 09 2017,14510
Mon Apr 10 2017,14497
Tue Apr 11 2017,14509
Wed Apr 12 2017,14477
Thu Apr 13 2017,14489
Fri Apr 14 2017,14494
Sat Apr 15 2017,14488
Sun Apr 16 2017,14477
Mon Apr 17 2017,14453
Tue Apr 18 2017,14455
Wed Apr 19 2017,14453
Thu Apr 20 2017,14444
Fri Apr 21 2017,14440
Sat Apr 22 2017,14449
Sun Apr 23 2017,14471
Mon Apr 24 2017,14475
Tue Apr 25 2017,14517
Wed Apr 26 2017,14518
Thu Apr 27 2017,14525
Fri Apr 28 2017,14522
Sat Apr 29 2017,14528
Sun Apr 30 2017,14525
Mon May 01 2017,14520
Tue May 02 2017,14529
Wed May 03 2017,14528
Thu May 04 2017,14539
Fri May 05 2017,14555
Sat May 06 2017,14558
Sun May 07 2017,14566
Mon May 08 2017,14549
Tue May 09 2017,14566
Wed May 10 2017,14569
Thu May 11 2017,14579
Fri May 12 2017,14602
Sat May 13 2017,14599
Sun May 14 2017,14593
Mon May 15 2017,14592
Tue May 16 2017,14593
Wed May 17 2017,14600
Thu May 18 2017,14609
Fri May 19 2017,14622
Sat May 20 2017,14638
Sun May 21 2017,14644
Mon May 22 2017,14647
Tue May 23 2017,14656
Wed May 24 2017,14648
Thu May 25 2017,14658
Fri May 26 2017,14660
Sat May 27 2017,14660
Sun May 28 2017,14676
Mon May 29 2017,14672
Tue May 30 2017,14669
Wed May 31 2017,14672
Thu Jun 01 2017,14677
Fri Jun 02 2017,14677
Sat Jun 03 2017,14691
Sun Jun 04 2017,14688
Mon Jun 05 2017,14691
Tue Jun 06 2017,14703
Wed Jun 07 2017,14734
Thu Jun 08 2017,14745
Fri Jun 09 2017,14764
Sat Jun 10 2017,14763
Sun Jun 11 2017,14769
Mon Jun 12 2017,14780
Tue Jun 13 2017,14794
Wed Jun 14 2017,14796
Thu Jun 15 2017,14805
Fri Jun 16 2017,14804
Sat Jun 17 2017,14811
Sun Jun 18 2017,14814
Mon Jun 19 2017,14804
Tue Jun 20 2017,14808
Wed Jun 21 2017,14846
Thu Jun 22 2017,14852
Fri Jun 23 2017,14868
Sat Jun 24 2017,14866
Sun Jun 25 2017,14869
Mon Jun 26 2017,14835
Tue Jun 27 2017,14848
Wed Jun 28 2017,14884
Thu Jun 29 2017,14931
Fri Jun 30 2017,14932
Sat Jul 01 2017,14891
Sun Jul 02 2017,14892
Mon Jul 03 2017,14912
Tue Jul 04 2017,14914
Wed Jul 05 2017,14897
Thu Jul 06 2017,14912
Fri Jul 07 2017,14909
Sat Jul 08 2017,14904
Sun Jul 09 2017,14908
Mon Jul 10 2017,14934
Tue Jul 11 2017,14938
Wed Jul 12 2017,14937
Thu Jul 13 2017,14945
Fri Jul 14 2017,14954
Sat Jul 15 2017,14954
Sun Jul 16 2017,14952
Mon Jul 17 2017,14961
Tue Jul 18 2017,14959
Wed Jul 19 2017,14946
Thu Jul 20 2017,14943
Fri Jul 21 2017,14954
Sat Jul 22 2017,14979
Sun Jul 23 2017,14984
Mon Jul 24 2017,14994
Tue Jul 25 2017,14993
Wed Jul 26 2017,14953
Thu Jul 27 2017,14950
Fri Jul 28 2017,14953
Sat Jul 29 2017,14965
Sun Jul 30 2017,14970
Mon Jul 31 2017,14980
Tue Aug 01 2017,15001
Wed Aug 02 2017,15038
Thu Aug 03 2017,15045
Fri Aug 04 2017,15058
Sat Aug 05 2017,15061
Sun Aug 06 2017,15073
Mon Aug 07 2017,15075
Tue Aug 08 2017,15109
Wed Aug 09 2017,15121
Thu Aug 10 2017,15118
Fri Aug 11 2017,15131
Sat Aug 12 2017,15166
Sun Aug 13 2017,15183
Mon Aug 14 2017,15183
Tue Aug 15 2017,15194
Wed Aug 16 2017,15210
Thu Aug 17 2017,15210
Fri Aug 18 2017,15191
Sat Aug 19 2017,15227
Sun Aug 20 2017,15226
Mon Aug 21 2017,15237
Tue Aug 22 2017,15226
Wed Aug 23 2017,15237
Thu Aug 24 2017,15233
Fri Aug 25 2017,15260
Sat Aug 26 2017,15266
Sun Aug 27 2017,15255
Mon Aug 28 2017,15262
Tue Aug 29 2017,15259
Wed Aug 30 2017,15259
Thu Aug 31 2017,15269
Fri Sep 01 2017,15281
Sat Sep 02 2017,15276
Sun Sep 03 2017,15278
Mon Sep 04 2017,15278
Tue Sep 05 2017,15289
Wed Sep 06 2017,15291
Thu Sep 07 2017,15306
Fri Sep 08 2017,15303
Sat Sep 09 2017,15293
Sun Sep 10 2017,15289
Mon Sep 11 2017,15271
Tue Sep 12 2017,15293
Wed Sep 13 2017,15298
Thu Sep 14 2017,15294
Fri Sep 15 2017,15292
Sat Sep 16 2017,15290
Sun Sep 17 2017,15293
Mon Sep 18 2017,15311
Tue Sep 19 2017,15312
Wed Sep 20 2017,15315
Thu Sep 21 2017,15310
Fri Sep 22 2017,15304
Sat Sep 23 2017,15321
Sun Sep 24 2017,15323
Mon Sep 25 2017,15320
Tue Sep 26 2017,15333
Wed Sep 27 2017,15339
Thu Sep 28 2017,15334
Fri Sep 29 2017,15293
Sat Sep 30 2017,15304
Sun Oct 01 2017,15304
Mon Oct 02 2017,15298
Tue Oct 03 2017,15295
Wed Oct 04 2017,15283
Thu Oct 05 2017,15283
Fri Oct 06 2017,15283
Sat Oct 07 2017,15287
Sun Oct 08 2017,15288
Mon Oct 09 2017,15280
Tue Oct 10 2017,15286
Wed Oct 11 2017,15287
Thu Oct 12 2017,15286
Fri Oct 13 2017,15273
Sat Oct 14 2017,15271
Sun Oct 15 2017,15291
Mon Oct 16 2017,15303
Tue Oct 17 2017,15312
Wed Oct 18 2017,15316
Thu Oct 19 2017,15314
Fri Oct 20 2017,15316
Sat Oct 21 2017,15314
Sun Oct 22 2017,15319
Mon Oct 23 2017,15327
Tue Oct 24 2017,15310
Wed Oct 25 2017,15318
Thu Oct 26 2017,15344
Fri Oct 27 2017,15343
Sat Oct 28 2017,15351
Sun Oct 29 2017,15348
Mon Oct 30 2017,15355
Tue Oct 31 2017,15362
Wed Nov 01 2017,15359
Thu Nov 02 2017,15355
Fri Nov 03 2017,15364
Sat Nov 04 2017,15366
Sun Nov 05 2017,15368
Mon Nov 06 2017,15384
Tue Nov 07 2017,15389
Wed Nov 08 2017,15390
Thu Nov 09 2017,15406
Fri Nov 10 2017,15411
Sat Nov 11 2017,15368
Sun Nov 12 2017,15375
Mon Nov 13 2017,15431
Tue Nov 14 2017,15502
Wed Nov 15 2017,15500
Thu Nov 16 2017,15524
Fri Nov 17 2017,15516
Sat Nov 18 2017,15526
Sun Nov 19 2017,15527
Mon Nov 20 2017,15580
Tue Nov 21 2017,15581
Wed Nov 22 2017,15590
Thu Nov 23 2017,15590
Fri Nov 24 2017,15596
Sat Nov 25 2017,15600
Sun Nov 26 2017,15592
Mon Nov 27 2017,15613
Tue Nov 28 2017,15655
Wed Nov 29 2017,15672
Thu Nov 30 2017,15686
Fri Dec 01 2017,15693
Sat Dec 02 2017,15706
Sun Dec 03 2017,15699
Mon Dec 04 2017,15708
Tue Dec 05 2017,15734
Wed Dec 06 2017,15750
Thu Dec 07 2017,15811
Fri Dec 08 2017,15816
Sat Dec 09 2017,15815
Sun Dec 10 2017,15824
Mon Dec 11 2017,15848
Tue Dec 12 2017,15846
Wed Dec 13 2017,15857
Thu Dec 14 2017,15830
Fri Dec 15 2017,15853
Sat Dec 16 2017,15856
Sun Dec 17 2017,15845
Mon Dec 18 2017,15845
Tue Dec 19 2017,15842
Wed Dec 20 2017,15831
Thu Dec 21 2017,15834
Fri Dec 22 2017,15833
Sat Dec 23 2017,15823
Sun Dec 24 2017,15823
Mon Dec 25 2017,15824
Tue Dec 26 2017,15827
Wed Dec 27 2017,15826
Thu Dec 28 2017,15828
Fri Dec 29 2017,15826
Sat Dec 30 2017,15828
Sun Dec 31 2017,15834
Mon Jan 01 2018,15834
Tue Jan 02 2018,15836
Wed Jan 03 2018,15837
Thu Jan 04 2018,15863
Fri Jan 05 2018,15891
Sat Jan 06 2018,15894
Sun Jan 07 2018,15905
Mon Jan 08 2018,15913
Tue Jan 09 2018,15925
Wed Jan 10 2018,15928
Thu Jan 11 2018,15964
Fri Jan 12 2018,15962
Sat Jan 13 2018,15969
Sun Jan 14 2018,15960
Mon Jan 15 2018,15950
Tue Jan 16 2018,15926
Wed Jan 17 2018,15929
Thu Jan 18 2018,15939
Fri Jan 19 2018,15951
Sat Jan 20 2018,15967
Sun Jan 21 2018,15995
Mon Jan 22 2018,15998
Tue Jan 23 2018,16014
Wed Jan 24 2018,16034
Thu Jan 25 2018,16035
Fri Jan 26 2018,16055
Sat Jan 27 2018,16061
Sun Jan 28 2018,16070
Mon Jan 29 2018,16066
Tue Jan 30 2018,16073
Wed Jan 31 2018,16072
Thu Feb 01 2018,16075
Fri Feb 02 2018,16086
Sat Feb 03 2018,16087
Sun Feb 04 2018,16090
Mon Feb 05 2018,16113
Tue Feb 06 2018,16115
Wed Feb 07 2018,16124
Thu Feb 08 2018,16133
Fri Feb 09 2018,16143
Sat Feb 10 2018,16144
Sun Feb 11 2018,16159
Mon Feb 12 2018,16172
Tue Feb 13 2018,16187
Wed Feb 14 2018,16222
Thu Feb 15 2018,16222
Fri Feb 16 2018,16238
Sat Feb 17 2018,16227
Sun Feb 18 2018,16238
Mon Feb 19 2018,16241
Tue Feb 20 2018,16255
Wed Feb 21 2018,16252
Thu Feb 22 2018,16261
Fri Feb 23 2018,16291
Sat Feb 24 2018,16304
Sun Feb 25 2018,16332
Mon Feb 26 2018,16335
Tue Feb 27 2018,16355
Wed Feb 28 2018,16361
Thu Mar 01 2018,16388
Fri Mar 02 2018,16396
Sat Mar 03 2018,16423
Sun Mar 04 2018,16426
Mon Mar 05 2018,16437
Tue Mar 06 2018,16450
Wed Mar 07 2018,16456
Thu Mar 08 2018,16467
Fri Mar 09 2018,16478
Sat Mar 10 2018,16487
Sun Mar 11 2018,16488
Mon Mar 12 2018,16502
Tue Mar 13 2018,16511
Wed Mar 14 2018,16515
Thu Mar 15 2018,16506
Fri Mar 16 2018,16509
Sat Mar 17 2018,16510
Sun Mar 18 2018,16512
Mon Mar 19 2018,16521
Tue Mar 20 2018,16534
Wed Mar 21 2018,16550
Thu Mar 22 2018,16571
Fri Mar 23 2018,16623
Sat Mar 24 2018,16622
Sun Mar 25 2018,16621
Mon Mar 26 2018,16628
Tue Mar 27 2018,16626
Wed Mar 28 2018,16646
Thu Mar 29 2018,16639
Fri Mar 30 2018,16630
Sat Mar 31 2018,16629
Sun Apr 01 2018,16637
Mon Apr 02 2018,16669
Tue Apr 03 2018,16687
Wed Apr 04 2018,16728
Thu Apr 05 2018,16753
Fri Apr 06 2018,16787
Sat Apr 07 2018,16788
Sun Apr 08 2018,16795
Mon Apr 09 2018,16821
Tue Apr 10 2018,16832
Wed Apr 11 2018,16844
Thu Apr 12 2018,16890
Fri Apr 13 2018,16916
Sat Apr 14 2018,16920
Sun Apr 15 2018,16919
Mon Apr 16 2018,16957
Tue Apr 17 2018,16966
Wed Apr 18 2018,16955
Thu Apr 19 2018,16967
Fri Apr 20 2018,16946
Sat Apr 21 2018,16971
Sun Apr 22 2018,16978
Mon Apr 23 2018,16997
Tue Apr 24 2018,17076
Wed Apr 25 2018,17075
Thu Apr 26 2018,17065
Fri Apr 27 2018,17077
Sat Apr 28 2018,17078
Sun Apr 29 2018,17091
Mon Apr 30 2018,17090
Tue May 01 2018,17116
Wed May 02 2018,17143
Thu May 03 2018,17149
Fri May 04 2018,17139
Sat May 05 2018,17149
Sun May 06 2018,17157
Mon May 07 2018,17155
Tue May 08 2018,17146
Wed May 09 2018,17186
Thu May 10 2018,17200
Fri May 11 2018,17195
Sat May 12 2018,17199
Sun May 13 2018,17202
Mon May 14 2018,17195
Tue May 15 2018,17192
Wed May 16 2018,17208
Thu May 17 2018,17220
Fri May 18 2018,17224
Sat May 19 2018,17229
Sun May 20 2018,17231
Mon May 21 2018,17246
Tue May 22 2018,17262
Wed May 23 2018,17276
Thu May 24 2018,17303
Fri May 25 2018,17306
Sat May 26 2018,17315
Sun May 27 2018,17335
Mon May 28 2018,17337
Tue May 29 2018,17342
Wed May 30 2018,17350
Thu May 31 2018,17353
Fri Jun 01 2018,17370
Sat Jun 02 2018,17392
Sun Jun 03 2018,17396
Mon Jun 04 2018,17379
Tue Jun 05 2018,17413
Wed Jun 06 2018,17411
Thu Jun 07 2018,17422
Fri Jun 08 2018,17431
Sat Jun 09 2018,17431
Sun Jun 10 2018,17430
Mon Jun 11 2018,17455
Tue Jun 12 2018,17464
Wed Jun 13 2018,17479
Thu Jun 14 2018,17474
Fri Jun 15 2018,17493
Sat Jun 16 2018,17530
Sun Jun 17 2018,17532
Mon Jun 18 2018,17546
Tue Jun 19 2018,17579
Wed Jun 20 2018,17611
Thu Jun 21 2018,17631
Fri Jun 22 2018,17643
Sat Jun 23 2018,17648
Sun Jun 24 2018,17652
Mon Jun 25 2018,17665
Tue Jun 26 2018,17676
Wed Jun 27 2018,17664
Thu Jun 28 2018,17662
Fri Jun 29 2018,17667
Sat Jun 30 2018,17667
Sun Jul 01 2018,17685
Mon Jul 02 2018,17715
Tue Jul 03 2018,17721
Wed Jul 04 2018,17716
Thu Jul 05 2018,17730
Fri Jul 06 2018,17732
Sat Jul 07 2018,17725
Sun Jul 08 2018,17723
Mon Jul 09 2018,17719
Tue Jul 10 2018,17715
Wed Jul 11 2018,17741
Thu Jul 12 2018,17803
Fri Jul 13 2018,17812
Sat Jul 14 2018,17823
Sun Jul 15 2018,17825
Mon Jul 16 2018,17850
Tue Jul 17 2018,17817
Wed Jul 18 2018,17819
Thu Jul 19 2018,17818
Fri Jul 20 2018,17817
Sat Jul 21 2018,17806
Sun Jul 22 2018,17816
Mon Jul 23 2018,17817
Tue Jul 24 2018,17816
Wed Jul 25 2018,17820
Thu Jul 26 2018,17814
Fri Jul 27 2018,17833
Sat Jul 28 2018,17839
Sun Jul 29 2018,17825
Mon Jul 30 2018,17823
Tue Jul 31 2018,17847
Wed Aug 01 2018,17862
Thu Aug 02 2018,17951
Fri Aug 03 2018,17961
Sat Aug 04 2018,17978
Sun Aug 05 2018,17973
Mon Aug 06 2018,17966
Tue Aug 07 2018,17981
Wed Aug 08 2018,17991
Thu Aug 09 2018,17996
Fri Aug 10 2018,18078
Sat Aug 11 2018,18056
Sun Aug 12 2018,18057
Mon Aug 13 2018,18101
Tue Aug 14 2018,18104
Wed Aug 15 2018,18139
Thu Aug 16 2018,18143
Fri Aug 17 2018,18138
Sat Aug 18 2018,18162
Sun Aug 19 2018,18170
Mon Aug 20 2018,18129
Tue Aug 21 2018,18284
Wed Aug 22 2018,18282
Thu Aug 23 2018,18294
Fri Aug 24 2018,18310
Sat Aug 25 2018,18306
Sun Aug 26 2018,18299
Mon Aug 27 2018,18320
Tue Aug 28 2018,18327
Wed Aug 29 2018,18321
Thu Aug 30 2018,18324
Fri Aug 31 2018,18339
Sat Sep 01 2018,18339
Sun Sep 02 2018,18358
Mon Sep 03 2018,18356
Tue Sep 04 2018,18358
Wed Sep 05 2018,18338
Thu Sep 06 2018,18376
Fri Sep 07 2018,18382
Sat Sep 08 2018,18383
Sun Sep 09 2018,18380
Mon Sep 10 2018,18412
Tue Sep 11 2018,18427
Wed Sep 12 2018,18424
Thu Sep 13 2018,18430
Fri Sep 14 2018,18428
Sat Sep 15 2018,18414
Sun Sep 16 2018,18436
Mon Sep 17 2018,18438
Tue Sep 18 2018,18442
Wed Sep 19 2018,18422
Thu Sep 20 2018,18419
Fri Sep 21 2018,18343
Sat Sep 22 2018,18327
Sun Sep 23 2018,18350
Mon Sep 24 2018,18333
Tue Sep 25 2018,18366
Wed Sep 26 2018,18413
Thu Sep 27 2018,18414
Fri Sep 28 2018,18410
Sat Sep 29 2018,18433
Sun Sep 30 2018,18428
Mon Oct 01 2018,18434
Tue Oct 02 2018,18427
Wed Oct 03 2018,18415
Thu Oct 04 2018,18428
Fri Oct 05 2018,18417
Sat Oct 06 2018,18402
Sun Oct 07 2018,18412
Mon Oct 08 2018,18413
Tue Oct 09 2018,18419
Wed Oct 10 2018,18421
Thu Oct 11 2018,18433
Fri Oct 12 2018,18450
Sat Oct 13 2018,18444
Sun Oct 14 2018,18437
Mon Oct 15 2018,18448
Tue Oct 16 2018,18439
Wed Oct 17 2018,18446
Thu Oct 18 2018,18433
Fri Oct 19 2018,18446
Sat Oct 20 2018,18422
Sun Oct 21 2018,18423
Mon Oct 22 2018,18416
Tue Oct 23 2018,18417
Wed Oct 24 2018,18406
Thu Oct 25 2018,18394
Fri Oct 26 2018,18360
Sat Oct 27 2018,18359
Sun Oct 28 2018,18368
Mon Oct 29 2018,18411
Tue Oct 30 2018,18444
Wed Oct 31 2018,18428
Thu Nov 01 2018,18418
Fri Nov 02 2018,18455
Sat Nov 03 2018,18449
Sun Nov 04 2018,18454
Mon Nov 05 2018,18458
Tue Nov 06 2018,18467
Wed Nov 07 2018,18495
Thu Nov 08 2018,18508
Fri Nov 09 2018,18473
Sat Nov 10 2018,18478
Sun Nov 11 2018,18485
Mon Nov 12 2018,18498
Tue Nov 13 2018,18540
Wed Nov 14 2018,18561
Thu Nov 15 2018,18577
Fri Nov 16 2018,18619
Sat Nov 17 2018,18633
Sun Nov 18 2018,18628
Mon Nov 19 2018,18621
Tue Nov 20 2018,18631
Wed Nov 21 2018,18628
Thu Nov 22 2018,18621
Fri Nov 23 2018,18636
Sat Nov 24 2018,18647
Sun Nov 25 2018,18657
Mon Nov 26 2018,18658
Tue Nov 27 2018,18668
Wed Nov 28 2018,18677
Thu Nov 29 2018,18676
Fri Nov 30 2018,18672
Sat Dec 01 2018,18664
Sun Dec 02 2018,18655
Mon Dec 03 2018,18653
Tue Dec 04 2018,18690
Wed Dec 05 2018,18675
Thu Dec 06 2018,18662
Fri Dec 07 2018,18666
Sat Dec 08 2018,18668
Sun Dec 09 2018,18664
Mon Dec 10 2018,18656
Tue Dec 11 2018,18684
Wed Dec 12 2018,18678
Thu Dec 13 2018,18691
Fri Dec 14 2018,18695
Sat Dec 15 2018,18698
Sun Dec 16 2018,18694
Mon Dec 17 2018,18694
Tue Dec 18 2018,18657
Wed Dec 19 2018,18675
Thu Dec 20 2018,18697
Fri Dec 21 2018,18688
Sat Dec 22 2018,18684
Sun Dec 23 2018,18685
Mon Dec 24 2018,18732
Tue Dec 25 2018,18725
Wed Dec 26 2018,18725
Thu Dec 27 2018,18713
Fri Dec 28 2018,18717
Sat Dec 29 2018,18719
Sun Dec 30 2018,18717
Mon Dec 31 2018,18706
Tue Jan 01 2019,18706
Wed Jan 02 2019,18713
Thu Jan 03 2019,18717
Fri Jan 04 2019,18725
Sat Jan 05 2019,18723
Sun Jan 06 2019,18721
Mon Jan 07 2019,18748
Tue Jan 08 2019,18733
Wed Jan 09 2019,18722
Thu Jan 10 2019,18741
Fri Jan 11 2019,18753
Sat Jan 12 2019,18806
Sun Jan 13 2019,18821
Mon Jan 14 2019,18833
Tue Jan 15 2019,18867
Wed Jan 16 2019,18871
Thu Jan 17 2019,18887
Fri Jan 18 2019,18797
Sat Jan 19 2019,18849
Sun Jan 20 2019,18866
Mon Jan 21 2019,18853
Tue Jan 22 2019,18876
Wed Jan 23 2019,18895
Thu Jan 24 2019,18883
Fri Jan 25 2019,18898
Sat Jan 26 2019,18885
Sun Jan 27 2019,18899
Mon Jan 28 2019,18952
Tue Jan 29 2019,18965
Wed Jan 30 2019,18969
Thu Jan 31 2019,18997
Fri Feb 01 2019,19024
Sat Feb 02 2019,19013
Sun Feb 03 2019,19015
Mon Feb 04 2019,19007
Tue Feb 05 2019,19007
Wed Feb 06 2019,18992
Thu Feb 07 2019,18985
Fri Feb 08 2019,19029
Sat Feb 09 2019,19030
Sun Feb 10 2019,19040
Mon Feb 11 2019,19033
Tue Feb 12 2019,19036
Wed Feb 13 2019,19005
Thu Feb 14 2019,18988
Fri Feb 15 2019,19004
Sat Feb 16 2019,19011
Sun Feb 17 2019,18964
Mon Feb 18 2019,19010
Tue Feb 19 2019,18977
Wed Feb 20 2019,19034
Thu Feb 21 2019,19058
Fri Feb 22 2019,19079
Sat Feb 23 2019,19077
Sun Feb 24 2019,19086
Mon Feb 25 2019,19095
Tue Feb 26 2019,19100
Wed Feb 27 2019,19121
Thu Feb 28 2019,19194
Fri Mar 01 2019,19194
Sat Mar 02 2019,19190
Sun Mar 03 2019,19183
Mon Mar 04 2019,19194
Tue Mar 05 2019,19231
Wed Mar 06 2019,19246
Thu Mar 07 2019,19210
Fri Mar 08 2019,19245
Sat Mar 09 2019,19266
Sun Mar 10 2019,19287
Mon Mar 11 2019,19284
Tue Mar 12 2019,19262
Wed Mar 13 2019,19241
Thu Mar 14 2019,19254
Fri Mar 15 2019,19276
Sat Mar 16 2019,19234
Sun Mar 17 2019,19260
Mon Mar 18 2019,19267
Tue Mar 19 2019,19256
Wed Mar 20 2019,19277
Thu Mar 21 2019,19280
Fri Mar 22 2019,19222
Sat Mar 23 2019,19208
Sun Mar 24 2019,19192
Mon Mar 25 2019,19162
Tue Mar 26 2019,19206
Wed Mar 27 2019,19184
Thu Mar 28 2019,19196
Fri Mar 29 2019,19232
Sat Mar 30 2019,19309
Sun Mar 31 2019,19306
Mon Apr 01 2019,19358
Tue Apr 02 2019,19351
Wed Apr 03 2019,19398
Thu Apr 04 2019,19417
Fri Apr 05 2019,19482
Sat Apr 06 2019,19487
Sun Apr 07 2019,19505
Mon Apr 08 2019,19505
Tue Apr 09 2019,19489
Wed Apr 10 2019,19491
Thu Apr 11 2019,19551
Fri Apr 12 2019,19581
Sat Apr 13 2019,19593
Sun Apr 14 2019,19640
Mon Apr 15 2019,19655
Tue Apr 16 2019,19670
Wed Apr 17 2019,19708
Thu Apr 18 2019,19749
Fri Apr 19 2019,19740
Sat Apr 20 2019,19749
Sun Apr 21 2019,19796
Mon Apr 22 2019,19775
Tue Apr 23 2019,19765
Wed Apr 24 2019,19748
Thu Apr 25 2019,19811
Fri Apr 26 2019,19834
Sat Apr 27 2019,19863
Sun Apr 28 2019,19841
Mon Apr 29 2019,19885
Tue Apr 30 2019,19912
Wed May 01 2019,19946
Thu May 02 2019,19982
Fri May 03 2019,19972
Sat May 04 2019,20009
Sun May 05 2019,20008
Mon May 06 2019,20020
Tue May 07 2019,20025
Wed May 08 2019,19994
Thu May 09 2019,19985
Fri May 10 2019,20005
Sat May 11 2019,20022
Sun May 12 2019,20050
Mon May 13 2019,20045
Tue May 14 2019,20031
Wed May 15 2019,20066
Thu May 16 2019,20104
Fri May 17 2019,20148
Sat May 18 2019,20174
Sun May 19 2019,20188
Mon May 20 2019,20175
Tue May 21 2019,20128
Wed May 22 2019,20140
Thu May 23 2019,20132
Fri May 24 2019,20193
Sat May 25 2019,20101
Sun May 26 2019,20105
Mon May 27 2019,20105
Tue May 28 2019,20112
Wed May 29 2019,20118
Thu May 30 2019,20123
Fri May 31 2019,20094
Sat Jun 01 2019,20077
Sun Jun 02 2019,20105
Mon Jun 03 2019,20153
Tue Jun 04 2019,20191
Wed Jun 05 2019,20202
Thu Jun 06 2019,20202
Fri Jun 07 2019,20167
Sat Jun 08 2019,20192
Sun Jun 09 2019,20188
Mon Jun 10 2019,20197
Tue Jun 11 2019,20175
Wed Jun 12 2019,20189
Thu Jun 13 2019,20220
Fri Jun 14 2019,20250
Sat Jun 15 2019,20320
Sun Jun 16 2019,20314
Mon Jun 17 2019,20351
Tue Jun 18 2019,20315
Wed Jun 19 2019,20359
Thu Jun 20 2019,20353
Fri Jun 21 2019,20377
Sat Jun 22 2019,20383
Sun Jun 23 2019,20392
Mon Jun 24 2019,20403
Tue Jun 25 2019,20418
Wed Jun 26 2019,20407
Thu Jun 27 2019,20420
Fri Jun 28 2019,20446
Sat Jun 29 2019,20471
Sun Jun 30 2019,20457
Mon Jul 01 2019,20490
Tue Jul 02 2019,20516
Wed Jul 03 2019,20526
Thu Jul 04 2019,20526
Fri Jul 05 2019,20519
Sat Jul 06 2019,20524
Sun Jul 07 2019,20526
Mon Jul 08 2019,20520
Tue Jul 09 2019,20555
Wed Jul 10 2019,20584
Thu Jul 11 2019,20585
Fri Jul 12 2019,20626
Sat Jul 13 2019,20610
Sun Jul 14 2019,20623
Mon Jul 15 2019,20634
Tue Jul 16 2019,20584
Wed Jul 17 2019,20626
Thu Jul 18 2019,20674
Fri Jul 19 2019,20671
Sat Jul 20 2019,20667
Sun Jul 21 2019,20685
Mon Jul 22 2019,20666
Tue Jul 23 2019,20663
Wed Jul 24 2019,20634
Thu Jul 25 2019,20658
Fri Jul 26 2019,20632
Sat Jul 27 2019,20633
Sun Jul 28 2019,20648
Mon Jul 29 2019,20656
Tue Jul 30 2019,20665
Wed Jul 31 2019,20674
Thu Aug 01 2019,20659
Fri Aug 02 2019,20703
Sat Aug 03 2019,20697
Sun Aug 04 2019,20733
Mon Aug 05 2019,20731
Tue Aug 06 2019,20738
Wed Aug 07 2019,20757
Thu Aug 08 2019,20796
Fri Aug 09 2019,20805
Sat Aug 10 2019,20824
Sun Aug 11 2019,20835
Mon Aug 12 2019,20791
Tue Aug 13 2019,20866
Wed Aug 14 2019,20865
Thu Aug 15 2019,20888
Fri Aug 16 2019,20888
Sat Aug 17 2019,20892
Sun Aug 18 2019,20894
Mon Aug 19 2019,20916
Tue Aug 20 2019,20914
Wed Aug 21 2019,20925
Thu Aug 22 2019,20886
Fri Aug 23 2019,20895
Sat Aug 24 2019,20949
Sun Aug 25 2019,20932
Mon Aug 26 2019,20941
Tue Aug 27 2019,20960
Wed Aug 28 2019,20968
Thu Aug 29 2019,20943
Fri Aug 30 2019,20988
Sat Aug 31 2019,20954
Sun Sep 01 2019,20953
Mon Sep 02 2019,20974
Tue Sep 03 2019,21054
Wed Sep 04 2019,21009
Thu Sep 05 2019,21026
Fri Sep 06 2019,21005
Sat Sep 07 2019,20966
Sun Sep 08 2019,20877
Mon Sep 09 2019,20857
Tue Sep 10 2019,20898
Wed Sep 11 2019,20864
Thu Sep 12 2019,20868
Fri Sep 13 2019,20873
Sat Sep 14 2019,20874
Sun Sep 15 2019,20819
Mon Sep 16 2019,20823
Tue Sep 17 2019,20815
Wed Sep 18 2019,20850
Thu Sep 19 2019,20832
Fri Sep 20 2019,20824
Sat Sep 21 2019,20813
Sun Sep 22 2019,20838
Mon Sep 23 2019,20837
Tue Sep 24 2019,20839
Wed Sep 25 2019,20834
Thu Sep 26 2019,20777
Fri Sep 27 2019,20787
Sat Sep 28 2019,20769
Sun Sep 29 2019,20756
Mon Sep 30 2019,20730
Tue Oct 01 2019,20768
Wed Oct 02 2019,20749
Thu Oct 03 2019,20692
Fri Oct 04 2019,20675
Sat Oct 05 2019,20654
Sun Oct 06 2019,20635
Mon Oct 07 2019,20578
Tue Oct 08 2019,20635
Wed Oct 09 2019,20673
Thu Oct 10 2019,20724
Fri Oct 11 2019,20647
Sat Oct 12 2019,20641
Sun Oct 13 2019,20629
Mon Oct 14 2019,20642
Tue Oct 15 2019,20660
Wed Oct 16 2019,20680
Thu Oct 17 2019,20663
Fri Oct 18 2019,20672
Sat Oct 19 2019,20664
Sun Oct 20 2019,20640
Mon Oct 21 2019,20607
Tue Oct 22 2019,20642
Wed Oct 23 2019,20627
Thu Oct 24 2019,20607
Fri Oct 25 2019,20557
Sat Oct 26 2019,20564
Sun Oct 27 2019,20546
Mon Oct 28 2019,20462
Tue Oct 29 2019,20509
Wed Oct 30 2019,20510
Thu Oct 31 2019,20532
Fri Nov 01 2019,20550
Sat Nov 02 2019,20520
Sun Nov 03 2019,20514
Mon Nov 04 2019,20509
Tue Nov 05 2019,20411
Wed Nov 06 2019,20388
Thu Nov 07 2019,20402
Fri Nov 08 2019,20409
Sat Nov 09 2019,20412
Sun Nov 10 2019,20365
Mon Nov 11 2019,20349
Tue Nov 12 2019,20358
Wed Nov 13 2019,20350
Thu Nov 14 2019,20339
Fri Nov 15 2019,20351
Sat Nov 16 2019,20374
Sun Nov 17 2019,20364
Mon Nov 18 2019,20270
Tue Nov 19 2019,20245
Wed Nov 20 2019,20238
Thu Nov 21 2019,20255
Fri Nov 22 2019,20254
Sat Nov 23 2019,20237
Sun Nov 24 2019,20211
Mon Nov 25 2019,20236
Tue Nov 26 2019,20253
Wed Nov 27 2019,20206
Thu Nov 28 2019,20222
Fri Nov 29 2019,20221
Sat Nov 30 2019,20190
Sun Dec 01 2019,20208
Mon Dec 02 2019,20202
Tue Dec 03 2019,20192
Wed Dec 04 2019,20187
Thu Dec 05 2019,20181
Fri Dec 06 2019,20223
Sat Dec 07 2019,20202
Sun Dec 08 2019,20183
Mon Dec 09 2019,20174
Tue Dec 10 2019,20160
Wed Dec 11 2019,20163
Thu Dec 12 2019,20173
Fri Dec 13 2019,20134
Sat Dec 14 2019,20147
Sun Dec 15 2019,20161
Mon Dec 16 2019,20182
Tue Dec 17 2019,20142
Wed Dec 18 2019,20092
Thu Dec 19 2019,20078
Fri Dec 20 2019,20074
Sat Dec 21 2019,20045
Sun Dec 22 2019,20020
Mon Dec 23 2019,20004
Tue Dec 24 2019,19994
Wed Dec 25 2019,20037
Thu Dec 26 2019,20051
Fri Dec 27 2019,19983
Sat Dec 28 2019,19965
Sun Dec 29 2019,19943
Mon Dec 30 2019,19991
Tue Dec 31 2019,19971
Wed Jan 01 2020,19971
Thu Jan 02 2020,19978
Fri Jan 03 2020,19973
Sat Jan 04 2020,19950
Sun Jan 05 2020,19979
Mon Jan 06 2020,20048
Tue Jan 07 2020,19984
Wed Jan 08 2020,20007
Thu Jan 09 2020,20032
Fri Jan 10 2020,20016
Sat Jan 11 2020,20009
Sun Jan 12 2020,19953
Mon Jan 13 2020,20018
Tue Jan 14 2020,20006
Wed Jan 15 2020,19973
Thu Jan 16 2020,20045
Fri Jan 17 2020,20025
Sat Jan 18 2020,20068
Sun Jan 19 2020,20073
Mon Jan 20 2020,20087
Tue Jan 21 2020,20126
Wed Jan 22 2020,20117
Thu Jan 23 2020,20091
Fri Jan 24 2020,20077
Sat Jan 25 2020,20085
Sun Jan 26 2020,20234
Mon Jan 27 2020,20223
Tue Jan 28 2020,20182
Wed Jan 29 2020,20282
Thu Jan 30 2020,20293
Fri Jan 31 2020,20286
Sat Feb 01 2020,20281
Sun Feb 02 2020,20323
Mon Feb 03 2020,20298
Tue Feb 04 2020,20303
Wed Feb 05 2020,20324
Thu Feb 06 2020,20343
Fri Feb 07 2020,20284
Sat Feb 08 2020,20225
Sun Feb 09 2020,20242
Mon Feb 10 2020,20191
Tue Feb 11 2020,20215
Wed Feb 12 2020,20155
Thu Feb 13 2020,20153
Fri Feb 14 2020,20244
Sat Feb 15 2020,20222
Sun Feb 16 2020,20312
Mon Feb 17 2020,20291
Tue Feb 18 2020,20324
Wed Feb 19 2020,20403
Thu Feb 20 2020,20368
Fri Feb 21 2020,20488
Sat Feb 22 2020,20570
Sun Feb 23 2020,20683
Mon Feb 24 2020,20722
Tue Feb 25 2020,20792
Wed Feb 26 2020,20788
Thu Feb 27 2020,20816
Fri Feb 28 2020,20738
Sat Feb 29 2020,20773
Sun Mar 01 2020,20834
Mon Mar 02 2020,20872
Tue Mar 03 2020,20907
Wed Mar 04 2020,20856
Thu Mar 05 2020,20866
Fri Mar 06 2020,20873
Sat Mar 07 2020,20945
Sun Mar 08 2020,20974
Mon Mar 09 2020,20966
Tue Mar 10 2020,20980
Wed Mar 11 2020,20963
Thu Mar 12 2020,20974
Fri Mar 13 2020,20958
Sat Mar 14 2020,20972
Sun Mar 15 2020,20964
Mon Mar 16 2020,20970
Tue Mar 17 2020,20917
Wed Mar 18 2020,20920
Thu Mar 19 2020,20965
Fri Mar 20 2020,20992
Sat Mar 21 2020,20956
Sun Mar 22 2020,20847
Mon Mar 23 2020,20862
Tue Mar 24 2020,20796
Wed Mar 25 2020,20797
Thu Mar 26 2020,20747
Fri Mar 27 2020,20799
Sat Mar 28 2020,20727
Sun Mar 29 2020,20742
Mon Mar 30 2020,20757
Tue Mar 31 2020,20816
Wed Apr 01 2020,20760
Thu Apr 02 2020,20717
Fri Apr 03 2020,20655
Sat Apr 04 2020,20542
Sun Apr 05 2020,20514
Mon Apr 06 2020,20500
Tue Apr 07 2020,20482
Wed Apr 08 2020,20433
Thu Apr 09 2020,20418
Fri Apr 10 2020,20412
Sat Apr 11 2020,20387
Sun Apr 12 2020,20384
Mon Apr 13 2020,20438
Tue Apr 14 2020,20436
Wed Apr 15 2020,20466
Thu Apr 16 2020,20477
Fri Apr 17 2020,20490
Sat Apr 18 2020,20482
Sun Apr 19 2020,20460
Mon Apr 20 2020,20481
Tue Apr 21 2020,20510
Wed Apr 22 2020,20495
Thu Apr 23 2020,20501
Fri Apr 24 2020,20526
Sat Apr 25 2020,20469
Sun Apr 26 2020,20469
Mon Apr 27 2020,20520
Tue Apr 28 2020,20529
Wed Apr 29 2020,20562
Thu Apr 30 2020,20520
Fri May 01 2020,20517
Sat May 02 2020,20479
Sun May 03 2020,20548
Mon May 04 2020,20571
Tue May 05 2020,20577
Wed May 06 2020,20552
Thu May 07 2020,20573
Fri May 08 2020,20581
Sat May 09 2020,20645
Sun May 10 2020,20679
Mon May 11 2020,20618
Tue May 12 2020,20654
Wed May 13 2020,20679
Thu May 14 2020,20713
Fri May 15 2020,20762
Sat May 16 2020,20767
Sun May 17 2020,20779
Mon May 18 2020,20758
Tue May 19 2020,20753
Wed May 20 2020,20746
Thu May 21 2020,20801
Fri May 22 2020,20818
Sat May 23 2020,20793
Sun May 24 2020,20780
Mon May 25 2020,20733
Tue May 26 2020,20721
Wed May 27 2020,20724
Thu May 28 2020,20708
Fri May 29 2020,20708
Sat May 30 2020,20742
Sun May 31 2020,20746
Mon Jun 01 2020,20743
Tue Jun 02 2020,20694
Wed Jun 03 2020,20709
Thu Jun 04 2020,20731
Fri Jun 05 2020,20754
Sat Jun 06 2020,20699
Sun Jun 07 2020,20791
Mon Jun 08 2020,20813
Tue Jun 09 2020,20778
Wed Jun 10 2020,20786
Thu Jun 11 2020,20862
Fri Jun 12 2020,20894
Sat Jun 13 2020,20756
Sun Jun 14 2020,20761
Mon Jun 15 2020,20763
Tue Jun 16 2020,20822
Wed Jun 17 2020,20758
Thu Jun 18 2020,20815
Fri Jun 19 2020,20809
Sat Jun 20 2020,20867
Sun Jun 21 2020,20858
Mon Jun 22 2020,20887
Tue Jun 23 2020,20940
Wed Jun 24 2020,20885
Thu Jun 25 2020,20898
Fri Jun 26 2020,20792
Sat Jun 27 2020,20748
Sun Jun 28 2020,20823
Mon Jun 29 2020,20974
Tue Jun 30 2020,21064
Wed Jul 01 2020,21040
Thu Jul 02 2020,21096
Fri Jul 03 2020,21125
Sat Jul 04 2020,21145
Sun Jul 05 2020,21212
Mon Jul 06 2020,21244
Tue Jul 07 2020,21310
Wed Jul 08 2020,21458
Thu Jul 09 2020,21485
Fri Jul 10 2020,21445
Sat Jul 11 2020,21454
Sun Jul 12 2020,21507
Mon Jul 13 2020,21543
Tue Jul 14 2020,21523
Wed Jul 15 2020,21533
Thu Jul 16 2020,21644
Fri Jul 17 2020,21674
Sat Jul 18 2020,21691
Sun Jul 19 2020,21625
Mon Jul 20 2020,21685
Tue Jul 21 2020,21690
Wed Jul 22 2020,21676
Thu Jul 23 2020,21745
Fri Jul 24 2020,21775
Sat Jul 25 2020,21772
Sun Jul 26 2020,21771
Mon Jul 27 2020,21824
Tue Jul 28 2020,21767
Wed Jul 29 2020,21771
Thu Jul 30 2020,21789
Fri Jul 31 2020,21806
Sat Aug 01 2020,21821
Sun Aug 02 2020,21865
Mon Aug 03 2020,21803
Tue Aug 04 2020,21858
Wed Aug 05 2020,21880
Thu Aug 06 2020,21840
Fri Aug 07 2020,21790
Sat Aug 08 2020,21863
Sun Aug 09 2020,21874
Mon Aug 10 2020,22027
Tue Aug 11 2020,21960
Wed Aug 12 2020,21983
Thu Aug 13 2020,22051
Fri Aug 14 2020,22123
Sat Aug 15 2020,22139
Sun Aug 16 2020,22158
Mon Aug 17 2020,22158
Tue Aug 18 2020,22199
Wed Aug 19 2020,22197
Thu Aug 20 2020,22227
Fri Aug 21 2020,22358
Sat Aug 22 2020,22319
Sun Aug 23 2020,22328
Mon Aug 24 2020,22347
Tue Aug 25 2020,22323
Wed Aug 26 2020,22391
Thu Aug 27 2020,22453
Fri Aug 28 2020,22466
Sat Aug 29 2020,22475
Sun Aug 30 2020,22549
Mon Aug 31 2020,22617
Tue Sep 01 2020,22661
Wed Sep 02 2020,22763
Thu Sep 03 2020,22842
Fri Sep 04 2020,22848
Sat Sep 05 2020,22996
Sun Sep 06 2020,23037
Mon Sep 07 2020,23072
Tue Sep 08 2020,23136
Wed Sep 09 2020,23179
Thu Sep 10 2020,23005
Fri Sep 11 2020,23057
Sat Sep 12 2020,23069
Sun Sep 13 2020,23055
Mon Sep 14 2020,23082
Tue Sep 15 2020,23030
Wed Sep 16 2020,23084
Thu Sep 17 2020,23075
Fri Sep 18 2020,23091
Sat Sep 19 2020,23066
Sun Sep 20 2020,23138
Mon Sep 21 2020,23133
Tue Sep 22 2020,23101
Wed Sep 23 2020,23127
Thu Sep 24 2020,23149
Fri Sep 25 2020,23236
Sat Sep 26 2020,23267
Sun Sep 27 2020,23289
Mon Sep 28 2020,23337
Tue Sep 29 2020,23353
Wed Sep 30 2020,23448
Thu Oct 01 2020,23417
Fri Oct 02 2020,23410
Sat Oct 03 2020,23576
Sun Oct 04 2020,23516
Mon Oct 05 2020,23606
Tue Oct 06 2020,23637
Wed Oct 07 2020,23640
Thu Oct 08 2020,23666
Fri Oct 09 2020,23675
Sat Oct 10 2020,23742
Sun Oct 11 2020,23715
Mon Oct 12 2020,23743
Tue Oct 13 2020,23757
Wed Oct 14 2020,23785
Thu Oct 15 2020,23815
Fri Oct 16 2020,23877
Sat Oct 17 2020,23902
Sun Oct 18 2020,23907
Mon Oct 19 2020,23897
Tue Oct 20 2020,23889
Wed Oct 21 2020,23982
Thu Oct 22 2020,24008
Fri Oct 23 2020,23928
Sat Oct 24 2020,24004
Sun Oct 25 2020,23994
Mon Oct 26 2020,24050
Tue Oct 27 2020,23988
Wed Oct 28 2020,24023
Thu Oct 29 2020,24039
Fri Oct 30 2020,24047
Sat Oct 31 2020,24088
Sun Nov 01 2020,24090
Mon Nov 02 2020,24048
Tue Nov 03 2020,24067
Wed Nov 04 2020,24093
Thu Nov 05 2020,24215
Fri Nov 06 2020,24241
Sat Nov 07 2020,24162
Sun Nov 08 2020,24169
Mon Nov 09 2020,24128
Tue Nov 10 2020,24148
Wed Nov 11 2020,24220
Thu Nov 12 2020,24214
Fri Nov 13 2020,24171
Sat Nov 14 2020,24206
Sun Nov 15 2020,24198
Mon Nov 16 2020,24146
Tue Nov 17 2020,24091
Wed Nov 18 2020,24058
Thu Nov 19 2020,24117
Fri Nov 20 2020,24247
Sat Nov 21 2020,24350
Sun Nov 22 2020,24335
Mon Nov 23 2020,24332
Tue Nov 24 2020,24294
Wed Nov 25 2020,24224
Thu Nov 26 2020,24296
Fri Nov 27 2020,24317
Sat Nov 28 2020,24355
Sun Nov 29 2020,24358
Mon Nov 30 2020,24410
Tue Dec 01 2020,24430
Wed Dec 02 2020,24428
Thu Dec 03 2020,24468
Fri Dec 04 2020,24455
Sat Dec 05 2020,24451
Sun Dec 06 2020,24432
Mon Dec 07 2020,24536
Tue Dec 08 2020,24560
Wed Dec 09 2020,24548
Thu Dec 10 2020,24582
Fri Dec 11 2020,24686
Sat Dec 12 2020,24678
Sun Dec 13 2020,24768
Mon Dec 14 2020,24768
Tue Dec 15 2020,24755
Wed Dec 16 2020,24734
Thu Dec 17 2020,24813
Fri Dec 18 2020,24836
Sat Dec 19 2020,24891
Sun Dec 20 2020,24913
Mon Dec 21 2020,24923
Tue Dec 22 2020,24939
Wed Dec 23 2020,24963
Thu Dec 24 2020,24965
Fri Dec 25 2020,24961
Sat Dec 26 2020,24945
Sun Dec 27 2020,24967
Mon Dec 28 2020,24924
Tue Dec 29 2020,24924
Wed Dec 30 2020,25067
Thu Dec 31 2020,25128
Fri Jan 01 2021,25128
Sat Jan 02 2021,25137
Sun Jan 03 2021,25148
Mon Jan 04 2021,25127
Tue Jan 05 2021,25124
Wed Jan 06 2021,25101
Thu Jan 07 2021,25144
Fri Jan 08 2021,25139
Sat Jan 09 2021,25153
Sun Jan 10 2021,25190
Mon Jan 11 2021,25190
Tue Jan 12 2021,25203
Wed Jan 13 2021,25228
Thu Jan 14 2021,25224
Fri Jan 15 2021,25229
Sat Jan 16 2021,25241
Sun Jan 17 2021,25266
Mon Jan 18 2021,25233
Tue Jan 19 2021,25233
Wed Jan 20 2021,25216
Thu Jan 21 2021,25275
Fri Jan 22 2021,25281
Sat Jan 23 2021,25310
Sun Jan 24 2021,25287
Mon Jan 25 2021,25299
Tue Jan 26 2021,25305
Wed Jan 27 2021,25348
Thu Jan 28 2021,25373
Fri Jan 29 2021,25432
Sat Jan 30 2021,25441
Sun Jan 31 2021,25432
Mon Feb 01 2021,25495
Tue Feb 02 2021,25461
Wed Feb 03 2021,25480
Thu Feb 04 2021,25488
Fri Feb 05 2021,25520
Sat Feb 06 2021,25541
Sun Feb 07 2021,25567
Mon Feb 08 2021,25572
Tue Feb 09 2021,25555
Wed Feb 10 2021,25560
Thu Feb 11 2021,25579
Fri Feb 12 2021,25580
Sat Feb 13 2021,25647
Sun Feb 14 2021,25660
Mon Feb 15 2021,25689
Tue Feb 16 2021,25690
Wed Feb 17 2021,25728
Thu Feb 18 2021,25758
Fri Feb 19 2021,25764
Sat Feb 20 2021,25782
Sun Feb 21 2021,25819
Mon Feb 22 2021,25813
Tue Feb 23 2021,25853
Wed Feb 24 2021,25890
Thu Feb 25 2021,25909
Fri Feb 26 2021,25951
Sat Feb 27 2021,25971
Sun Feb 28 2021,25975
Mon Mar 01 2021,25981
Tue Mar 02 2021,25983
Wed Mar 03 2021,25992
Thu Mar 04 2021,26027
Fri Mar 05 2021,26025
Sat Mar 06 2021,26052
Sun Mar 07 2021,26082
Mon Mar 08 2021,26099
Tue Mar 09 2021,26125
Wed Mar 10 2021,26144
Thu Mar 11 2021,26178
Fri Mar 12 2021,26233
Sat Mar 13 2021,26225
Sun Mar 14 2021,26245
Mon Mar 15 2021,26253
Tue Mar 16 2021,26269
Wed Mar 17 2021,26253
Thu Mar 18 2021,26307
Fri Mar 19 2021,26309
Sat Mar 20 2021,26308
Sun Mar 21 2021,26341
Mon Mar 22 2021,26327
Tue Mar 23 2021,26355
Wed Mar 24 2021,26398
Thu Mar 25 2021,26389
Fri Mar 26 2021,26394
Sat Mar 27 2021,26409
Sun Mar 28 2021,26385
Mon Mar 29 2021,26414
Tue Mar 30 2021,26411
Wed Mar 31 2021,26411
Thu Apr 01 2021,26435
Fri Apr 02 2021,26419
Sat Apr 03 2021,26421
Sun Apr 04 2021,26394
Mon Apr 05 2021,26391
Tue Apr 06 2021,26431
Wed Apr 07 2021,26436
Thu Apr 08 2021,26482
Fri Apr 09 2021,26551
Sat Apr 10 2021,26597
Sun Apr 11 2021,26613
Mon Apr 12 2021,26665
Tue Apr 13 2021,26692
Wed Apr 14 2021,26760
Thu Apr 15 2021,26745
Fri Apr 16 2021,26782
Sat Apr 17 2021,26817
Sun Apr 18 2021,26841
Mon Apr 19 2021,26876
Tue Apr 20 2021,26863
Wed Apr 21 2021,26975
Thu Apr 22 2021,27017
Fri Apr 23 2021,27056
Sat Apr 24 2021,27084
Sun Apr 25 2021,27116
Mon Apr 26 2021,27158
Tue Apr 27 2021,27187
Wed Apr 28 2021,27263
Thu Apr 29 2021,27330
Fri Apr 30 2021,27386
Sat May 01 2021,27452
Sun May 02 2021,27474
Mon May 03 2021,27474
Tue May 04 2021,27596
Wed May 05 2021,27641
Thu May 06 2021,27658
Fri May 07 2021,27724
Sat May 08 2021,27817
Sun May 09 2021,27879
Mon May 10 2021,27859
Tue May 11 2021,27911
Wed May 12 2021,27921
Thu May 13 2021,27989
Fri May 14 2021,28051
Sat May 15 2021,28158
Sun May 16 2021,28168
Mon May 17 2021,28257
Tue May 18 2021,28282
Wed May 19 2021,28295
Thu May 20 2021,28353
Fri May 21 2021,28391
Sat May 22 2021,28401
Sun May 23 2021,28422
Mon May 24 2021,28441
Tue May 25 2021,28489
Wed May 26 2021,28552
Thu May 27 2021,28625
Fri May 28 2021,28668
Sat May 29 2021,28696
Sun May 30 2021,28734
Mon May 31 2021,28764
Tue Jun 01 2021,28782
Wed Jun 02 2021,28800
Thu Jun 03 2021,28786
Fri Jun 04 2021,28825
Sat Jun 05 2021,28802
Sun Jun 06 2021,28837
Mon Jun 07 2021,28840
Tue Jun 08 2021,28837
Wed Jun 09 2021,28874
Thu Jun 10 2021,28896
Fri Jun 11 2021,28938
Sat Jun 12 2021,28921
Sun Jun 13 2021,28935
Mon Jun 14 2021,29008
Tue Jun 15 2021,29055
Wed Jun 16 2021,29067
Thu Jun 17 2021,29072
Fri Jun 18 2021,29119
Sat Jun 19 2021,29126
Sun Jun 20 2021,29074
Mon Jun 21 2021,29088
Tue Jun 22 2021,29108
Wed Jun 23 2021,29105
Thu Jun 24 2021,29115
Fri Jun 25 2021,29100
Sat Jun 26 2021,29097
Sun Jun 27 2021,29100
Mon Jun 28 2021,29107
Tue Jun 29 2021,29102
Wed Jun 30 2021,29088
Thu Jul 01 2021,29082
Fri Jul 02 2021,29080
Sat Jul 03 2021,29091
Sun Jul 04 2021,29141
Mon Jul 05 2021,29175
Tue Jul 06 2021,29190
Wed Jul 07 2021,29215
Thu Jul 08 2021,29210
Fri Jul 09 2021,29230
Sat Jul 10 2021,29220
Sun Jul 11 2021,29195
Mon Jul 12 2021,29157
Tue Jul 13 2021,29186
Wed Jul 14 2021,29178
Thu Jul 15 2021,29152
Fri Jul 16 2021,29171
Sat Jul 17 2021,29159
Sun Jul 18 2021,29135
Mon Jul 19 2021,29114
Tue Jul 20 2021,29124
Wed Jul 21 2021,29147
Thu Jul 22 2021,29136
Fri Jul 23 2021,29142
Sat Jul 24 2021,29158
Sun Jul 25 2021,29190
Mon Jul 26 2021,29182
Tue Jul 27 2021,29216
Wed Jul 28 2021,29212
Thu Jul 29 2021,29238
Fri Jul 30 2021,29226
Sat Jul 31 2021,29256
Sun Aug 01 2021,29272
Mon Aug 02 2021,29282
Tue Aug 03 2021,29289
Wed Aug 04 2021,29289
Thu Aug 05 2021,29271
Fri Aug 06 2021,29287
Sat Aug 07 2021,29303
Sun Aug 08 2021,29300
Mon Aug 09 2021,29289
Tue Aug 10 2021,29304
Wed Aug 11 2021,29347
Thu Aug 12 2021,29339
Fri Aug 13 2021,29383
Sat Aug 14 2021,29430
Sun Aug 15 2021,29428
Mon Aug 16 2021,29425
Tue Aug 17 2021,29485
Wed Aug 18 2021,29508
Thu Aug 19 2021,29530
Fri Aug 20 2021,29529
Sat Aug 21 2021,29585
Sun Aug 22 2021,29599
Mon Aug 23 2021,29573
Tue Aug 24 2021,29554
Wed Aug 25 2021,29536
Thu Aug 26 2021,29566
Fri Aug 27 2021,29572
Sat Aug 28 2021,29569
Sun Aug 29 2021,29527
Mon Aug 30 2021,29556
Tue Aug 31 2021,29554
Wed Sep 01 2021,29586
Thu Sep 02 2021,29605
Fri Sep 03 2021,29619
Sat Sep 04 2021,29636
Sun Sep 05 2021,29611
Mon Sep 06 2021,29670
Tue Sep 07 2021,29671
Wed Sep 08 2021,29708
Thu Sep 09 2021,29756
Fri Sep 10 2021,29804
Sat Sep 11 2021,29809
Sun Sep 12 2021,29812
Mon Sep 13 2021,29851
Tue Sep 14 2021,29877
Wed Sep 15 2021,29909
Thu Sep 16 2021,29912
Fri Sep 17 2021,29911
Sat Sep 18 2021,29906
Sun Sep 19 2021,29914
Mon Sep 20 2021,29919
Tue Sep 21 2021,29946
Wed Sep 22 2021,29988
Thu Sep 23 2021,29989
Fri Sep 24 2021,30040
Sat Sep 25 2021,30059
Sun Sep 26 2021,30084
Mon Sep 27 2021,30106
Tue Sep 28 2021,30133
Wed Sep 29 2021,30123
Thu Sep 30 2021,30168
Fri Oct 01 2021,30229
Sat Oct 02 2021,30244
Sun Oct 03 2021,30245
Mon Oct 04 2021,30251
Tue Oct 05 2021,30290
Wed Oct 06 2021,30331
Thu Oct 07 2021,30361
Fri Oct 08 2021,30391
Sat Oct 09 2021,30390
Sun Oct 10 2021,30386
Mon Oct 11 2021,30399
Tue Oct 12 2021,30369
Wed Oct 13 2021,30353
Thu Oct 14 2021,30374
Fri Oct 15 2021,30359
Sat Oct 16 2021,30374
Sun Oct 17 2021,30410
Mon Oct 18 2021,30448
Tue Oct 19 2021,30455
Wed Oct 20 2021,30491
Thu Oct 21 2021,30516
Fri Oct 22 2021,30551
Sat Oct 23 2021,30584
Sun Oct 24 2021,30590
Mon Oct 25 2021,30639
Tue Oct 26 2021,30681
Wed Oct 27 2021,30667
Thu Oct 28 2021,30736
Fri Oct 29 2021,30789
Sat Oct 30 2021,30812
Sun Oct 31 2021,30804
Mon Nov 01 2021,30803
Tue Nov 02 2021,30840
Wed Nov 03 2021,30871
Thu Nov 04 2021,30850
Fri Nov 05 2021,30871
Sat Nov 06 2021,30903
Sun Nov 07 2021,30899
Mon Nov 08 2021,30913
Tue Nov 09 2021,30930
Wed Nov 10 2021,30937
Thu Nov 11 2021,30974
Fri Nov 12 2021,31048
Sat Nov 13 2021,31088
Sun Nov 14 2021,31128
Mon Nov 15 2021,31150
Tue Nov 16 2021,31179
Wed Nov 17 2021,31198
Thu Nov 18 2021,31196
Fri Nov 19 2021,31288
Sat Nov 20 2021,31319
Sun Nov 21 2021,31348
Mon Nov 22 2021,31378
Tue Nov 23 2021,31395
Wed Nov 24 2021,31425
Thu Nov 25 2021,31404
Fri Nov 26 2021,31432
Sat Nov 27 2021,31450
Sun Nov 28 2021,31483
Mon Nov 29 2021,31475
Tue Nov 30 2021,31481
Wed Dec 01 2021,31545
Thu Dec 02 2021,31531
Fri Dec 03 2021,31551
Sat Dec 04 2021,31557
Sun Dec 05 2021,31597
Mon Dec 06 2021,31626
Tue Dec 07 2021,31663
Wed Dec 08 2021,31666
Thu Dec 09 2021,31720
Fri Dec 10 2021,31728
Sat Dec 11 2021,31747
Sun Dec 12 2021,31765
Mon Dec 13 2021,31785
Tue Dec 14 2021,31810
Wed Dec 15 2021,31857
Thu Dec 16 2021,31836
Fri Dec 17 2021,31846
Sat Dec 18 2021,31900
Sun Dec 19 2021,31894
Mon Dec 20 2021,31972
Tue Dec 21 2021,31990
Wed Dec 22 2021,32020
Thu Dec 23 2021,32034
Fri Dec 24 2021,32080
Sat Dec 25 2021,32113
Sun Dec 26 2021,32129
Mon Dec 27 2021,32168
Tue Dec 28 2021,32196
Wed Dec 29 2021,32264
Thu Dec 30 2021,32311
Fri Dec 31 2021,32384
Sat Jan 01 2022,32384
Sun Jan 02 2022,32482
Mon Jan 03 2022,32526
Tue Jan 04 2022,32576
Wed Jan 05 2022,32597
Thu Jan 06 2022,32669
Fri Jan 07 2022,32810
Sat Jan 08 2022,32880
Sun Jan 09 2022,32947
Mon Jan 10 2022,33008
Tue Jan 11 2022,33102
Wed Jan 12 2022,33203
Thu Jan 13 2022,33268
Fri Jan 14 2022,33384
Sat Jan 15 2022,33411
Sun Jan 16 2022,33457
Mon Jan 17 2022,33518
Tue Jan 18 2022,33576
Wed Jan 19 2022,33669
Thu Jan 20 2022,33782
Fri Jan 21 2022,33927
Sat Jan 22 2022,33990
Sun Jan 23 2022,34046
Mon Jan 24 2022,34107
Tue Jan 25 2022,34232
Wed Jan 26 2022,34305
Thu Jan 27 2022,34379
Fri Jan 28 2022,34418
Sat Jan 29 2022,34581
Sun Jan 30 2022,34652
Mon Jan 31 2022,34731
Tue Feb 01 2022,34824
Wed Feb 02 2022,34896
Thu Feb 03 2022,35007
Fri Feb 04 2022,35134
Sat Feb 05 2022,35233
Sun Feb 06 2022,35347
Mon Feb 07 2022,35468
Tue Feb 08 2022,35602
Wed Feb 09 2022,35743
Thu Feb 10 2022,35906
Fri Feb 11 2022,36022
Sat Feb 12 2022,36194
Sun Feb 13 2022,36387
Mon Feb 14 2022,36491
Tue Feb 15 2022,36660
Wed Feb 16 2022,36833
Thu Feb 17 2022,36913
Fri Feb 18 2022,37108
Sat Feb 19 2022,37199
Sun Feb 20 2022,37295
Mon Feb 21 2022,37338
Tue Feb 22 2022,37446
Wed Feb 23 2022,37501
Thu Feb 24 2022,37645
Fri Feb 25 2022,37727
Sat Feb 26 2022,37800
Sun Feb 27 2022,37849
Mon Feb 28 2022,37966
Tue Mar 01 2022,37962
Wed Mar 02 2022,37959
Thu Mar 03 2022,37928
Fri Mar 04 2022,37981
Sat Mar 05 2022,37971
Sun Mar 06 2022,37992
Mon Mar 07 2022,38092
Tue Mar 08 2022,38116
Wed Mar 09 2022,38141
Thu Mar 10 2022,38145
Fri Mar 11 2022,38178
Sat Mar 12 2022,38112
Sun Mar 13 2022,38108
Mon Mar 14 2022,38035
Tue Mar 15 2022,37984
Wed Mar 16 2022,37915
Thu Mar 17 2022,37938
Fri Mar 18 2022,37909
Sat Mar 19 2022,37904
Sun Mar 20 2022,37844
Mon Mar 21 2022,37801
Tue Mar 22 2022,37713
Wed Mar 23 2022,37690
Thu Mar 24 2022,37810
Fri Mar 25 2022,37797
Sat Mar 26 2022,37757
Sun Mar 27 2022,37641
Mon Mar 28 2022,37567
Tue Mar 29 2022,37568
Wed Mar 30 2022,37502
Thu Mar 31 2022,37470
Fri Apr 01 2022,37338
Sat Apr 02 2022,37437
Sun Apr 03 2022,37402
Mon Apr 04 2022,37412
Tue Apr 05 2022,37356
Wed Apr 06 2022,37329
Thu Apr 07 2022,37327
Fri Apr 08 2022,37281
Sat Apr 09 2022,37257
Sun Apr 10 2022,37158
Mon Apr 11 2022,37204
Tue Apr 12 2022,37184
Wed Apr 13 2022,37132
Thu Apr 14 2022,37083
Fri Apr 15 2022,37073
Sat Apr 16 2022,36988
Sun Apr 17 2022,36965
Mon Apr 18 2022,36984
Tue Apr 19 2022,36983
Wed Apr 20 2022,36901
Thu Apr 21 2022,36889
Fri Apr 22 2022,36858
Sat Apr 23 2022,36775
Sun Apr 24 2022,36675
Mon Apr 25 2022,36630
Tue Apr 26 2022,36598
Wed Apr 27 2022,36576
Thu Apr 28 2022,36496
Fri Apr 29 2022,36416
Sat Apr 30 2022,36374
Sun May 01 2022,36285
Mon May 02 2022,36232
Tue May 03 2022,36201
Wed May 04 2022,36082
Thu May 05 2022,36037
Fri May 06 2022,36055
Sat May 07 2022,35977
Sun May 08 2022,35925
Mon May 09 2022,35828
Tue May 10 2022,35819
Wed May 11 2022,35698
Thu May 12 2022,35611
Fri May 13 2022,35599
Sat May 14 2022,35536
Sun May 15 2022,35473
Mon May 16 2022,35386
Tue May 17 2022,35327
Wed May 18 2022,35252
Thu May 19 2022,35144
Fri May 20 2022,35092
Sat May 21 2022,35005
Sun May 22 2022,34973
Mon May 23 2022,34906
Tue May 24 2022,34842
Wed May 25 2022,34746
Thu May 26 2022,34726
Fri May 27 2022,34650
Sat May 28 2022,34573
Sun May 29 2022,34519
Mon May 30 2022,34479
Tue May 31 2022,34471
Wed Jun 01 2022,34364
Thu Jun 02 2022,34317
Fri Jun 03 2022,34325
Sat Jun 04 2022,34289
Sun Jun 05 2022,34210
Mon Jun 06 2022,34161
Tue Jun 07 2022,34086
Wed Jun 08 2022,34059
Thu Jun 09 2022,33988
Fri Jun 10 2022,33948
Sat Jun 11 2022,33867
Sun Jun 12 2022,33777
Mon Jun 13 2022,33736
Tue Jun 14 2022,33672
Wed Jun 15 2022,33594
Thu Jun 16 2022,33499
Fri Jun 17 2022,33414
Sat Jun 18 2022,33369
Sun Jun 19 2022,33281
Mon Jun 20 2022,33246
Tue Jun 21 2022,33163
Wed Jun 22 2022,33092
Thu Jun 23 2022,33105
Fri Jun 24 2022,33013
Sat Jun 25 2022,32962
Sun Jun 26 2022,32974
Mon Jun 27 2022,32968
Tue Jun 28 2022,32941
Wed Jun 29 2022,32878
Thu Jun 30 2022,32836
Fri Jul 01 2022,32781
Sat Jul 02 2022,32642
Sun Jul 03 2022,32587
Mon Jul 04 2022,32573
Tue Jul 05 2022,32529
Wed Jul 06 2022,32498
Thu Jul 07 2022,32423
Fri Jul 08 2022,32410
Sat Jul 09 2022,32349
Sun Jul 10 2022,32312
Mon Jul 11 2022,32280
Tue Jul 12 2022,32238
Wed Jul 13 2022,32204
Thu Jul 14 2022,32172
Fri Jul 15 2022,32125
Sat Jul 16 2022,32103
Sun Jul 17 2022,32103
Mon Jul 18 2022,32095
Tue Jul 19 2022,32077
Wed Jul 20 2022,32028
Thu Jul 21 2022,31999
Fri Jul 22 2022,31927
Sat Jul 23 2022,31875
Sun Jul 24 2022,31860
Mon Jul 25 2022,31817
Tue Jul 26 2022,31785
Wed Jul 27 2022,31714
Thu Jul 28 2022,31660
Fri Jul 29 2022,31609
Sat Jul 30 2022,31565
Sun Jul 31 2022,31507
Mon Aug 01 2022,31511
Tue Aug 02 2022,31491
Wed Aug 03 2022,31474
Thu Aug 04 2022,31472
Fri Aug 05 2022,31397
Sat Aug 06 2022,31345
Sun Aug 07 2022,31317
Mon Aug 08 2022,31344
Tue Aug 09 2022,31342
Wed Aug 10 2022,31322
Thu Aug 11 2022,31328
Fri Aug 12 2022,31270
Sat Aug 13 2022,31230
Sun Aug 14 2022,31164
Mon Aug 15 2022,31087
Tue Aug 16 2022,30960
Wed Aug 17 2022,30947
Thu Aug 18 2022,30976
Fri Aug 19 2022,30978
Sat Aug 20 2022,30947
Sun Aug 21 2022,30924
Mon Aug 22 2022,30909
Tue Aug 23 2022,30866
Wed Aug 24 2022,30787
Thu Aug 25 2022,30722
Fri Aug 26 2022,30698
Sat Aug 27 2022,30636
Sun Aug 28 2022,30618
Mon Aug 29 2022,30597
Tue Aug 30 2022,30569
Wed Aug 31 2022,30580
Thu Sep 01 2022,30571
Fri Sep 02 2022,30580
Sat Sep 03 2022,30544
Sun Sep 04 2022,30528
Mon Sep 05 2022,30538
Tue Sep 06 2022,30512
Wed Sep 07 2022,30475
Thu Sep 08 2022,30486
Fri Sep 09 2022,30461
Sat Sep 10 2022,30483
Sun Sep 11 2022,30443
Mon Sep 12 2022,30388
Tue Sep 13 2022,30368
Wed Sep 14 2022,30392
Thu Sep 15 2022,30404
Fri Sep 16 2022,30413
Sat Sep 17 2022,30384
Sun Sep 18 2022,30369
Mon Sep 19 2022,30366
Tue Sep 20 2022,30331
Wed Sep 21 2022,30347
Thu Sep 22 2022,30334
Fri Sep 23 2022,30323
Sat Sep 24 2022,30313
Sun Sep 25 2022,30285
Mon Sep 26 2022,30263
Tue Sep 27 2022,30262
Wed Sep 28 2022,30236
Thu Sep 29 2022,30235
Fri Sep 30 2022,30228
Sat Oct 01 2022,30180
Sun Oct 02 2022,30118
Mon Oct 03 2022,30135
Tue Oct 04 2022,30106
Wed Oct 05 2022,30084
Thu Oct 06 2022,30046
Fri Oct 07 2022,30044
Sat Oct 08 2022,29986
Sun Oct 09 2022,29949
Mon Oct 10 2022,29879
Tue Oct 11 2022,29810
Wed Oct 12 2022,29769
Thu Oct 13 2022,29721
Fri Oct 14 2022,29685
Sat Oct 15 2022,29617
Sun Oct 16 2022,29537
Mon Oct 17 2022,29534
Tue Oct 18 2022,29522
Wed Oct 19 2022,29536
Thu Oct 20 2022,29499
Fri Oct 21 2022,29462
Sat Oct 22 2022,29442
Sun Oct 23 2022,29426
Mon Oct 24 2022,29372
Tue Oct 25 2022,29357
Wed Oct 26 2022,29306
Thu Oct 27 2022,29248
Fri Oct 28 2022,29224
Sat Oct 29 2022,29172
Sun Oct 30 2022,29139
Mon Oct 31 2022,29101
Tue Nov 01 2022,29090
Wed Nov 02 2022,29085
Thu Nov 03 2022,29083
Fri Nov 04 2022,29041
Sat Nov 05 2022,29000
Sun Nov 06 2022,28985
Mon Nov 07 2022,28959
Tue Nov 08 2022,28973
Wed Nov 09 2022,28997
Thu Nov 10 2022,29038
Fri Nov 11 2022,29019
Sat Nov 12 2022,28984
Sun Nov 13 2022,28961
Mon Nov 14 2022,28952
Tue Nov 15 2022,28991
Wed Nov 16 2022,28943
Thu Nov 17 2022,28910
Fri Nov 18 2022,28937
Sat Nov 19 2022,28906
Sun Nov 20 2022,28896
Mon Nov 21 2022,28886
Tue Nov 22 2022,28896
Wed Nov 23 2022,28884
Thu Nov 24 2022,28917
Fri Nov 25 2022,28938
Sat Nov 26 2022,28979
Sun Nov 27 2022,28955
Mon Nov 28 2022,28916
Tue Nov 29 2022,28936
Wed Nov 30 2022,28922
Thu Dec 01 2022,28894
Fri Dec 02 2022,28885
Sat Dec 03 2022,28912
Sun Dec 04 2022,28927
Mon Dec 05 2022,28944
Tue Dec 06 2022,28939
Wed Dec 07 2022,28905
Thu Dec 08 2022,28922
Fri Dec 09 2022,28928
Sat Dec 10 2022,28924
Sun Dec 11 2022,28903
Mon Dec 12 2022,28888
Tue Dec 13 2022,28850
Wed Dec 14 2022,28882
Thu Dec 15 2022,28894
Fri Dec 16 2022,28871
Sat Dec 17 2022,28894
Sun Dec 18 2022,28887
Mon Dec 19 2022,28867
Tue Dec 20 2022,28854
Wed Dec 21 2022,28841
Thu Dec 22 2022,28833
Fri Dec 23 2022,28805
Sat Dec 24 2022,28815
Sun Dec 25 2022,28819
Mon Dec 26 2022,28795
Tue Dec 27 2022,28741
Wed Dec 28 2022,28710
Thu Dec 29 2022,28698
Fri Dec 30 2022,28736
Sat Dec 31 2022,28731
Sun Jan 01 2023,28731
Mon Jan 02 2023,28750
Tue Jan 03 2023,28748
Wed Jan 04 2023,28709
Thu Jan 05 2023,28639
Fri Jan 06 2023,28624
Sat Jan 07 2023,28595
Sun Jan 08 2023,28556
Mon Jan 09 2023,28553
Tue Jan 10 2023,28581
Wed Jan 11 2023,28590
Thu Jan 12 2023,28628
Fri Jan 13 2023,28610
Sat Jan 14 2023,28607
Sun Jan 15 2023,28645
Mon Jan 16 2023,28618
Tue Jan 17 2023,28565
Wed Jan 18 2023,28535
Thu Jan 19 2023,28543
Fri Jan 20 2023,28571
Sat Jan 21 2023,28582
Sun Jan 22 2023,28537
Mon Jan 23 2023,28505
Tue Jan 24 2023,28503
Wed Jan 25 2023,28488
Thu Jan 26 2023,28491
Fri Jan 27 2023,28506
Sat Jan 28 2023,28449
Sun Jan 29 2023,28470
Mon Jan 30 2023,28500
Tue Jan 31 2023,28480
Wed Feb 01 2023,28434
Thu Feb 02 2023,28474
Fri Feb 03 2023,28499
Sat Feb 04 2023,28527
Sun Feb 05 2023,28526
Mon Feb 06 2023,28522
Tue Feb 07 2023,28575
Wed Feb 08 2023,28584
Thu Feb 09 2023,28596
Fri Feb 10 2023,28607
Sat Feb 11 2023,28587
Sun Feb 12 2023,28580
Mon Feb 13 2023,28587
Tue Feb 14 2023,28573
Wed Feb 15 2023,28637
Thu Feb 16 2023,28627
Fri Feb 17 2023,28650
Sat Feb 18 2023,28637
Sun Feb 19 2023,28612
Mon Feb 20 2023,28591
Tue Feb 21 2023,28550
Wed Feb 22 2023,28543
Thu Feb 23 2023,28581
Fri Feb 24 2023,28580
Sat Feb 25 2023,28550
Sun Feb 26 2023,28502
Mon Feb 27 2023,28495
Tue Feb 28 2023,28555
Wed Mar 01 2023,28555
Thu Mar 02 2023,28521
Fri Mar 03 2023,28586
Sat Mar 04 2023,28525
Sun Mar 05 2023,28513
Mon Mar 06 2023,28490
Tue Mar 07 2023,28526
Wed Mar 08 2023,28470
Thu Mar 09 2023,28444
Fri Mar 10 2023,28400
Sat Mar 11 2023,28354
Sun Mar 12 2023,28379
Mon Mar 13 2023,28402
Tue Mar 14 2023,28379
Wed Mar 15 2023,28383
Thu Mar 16 2023,28386
Fri Mar 17 2023,28364
Sat Mar 18 2023,28387
Sun Mar 19 2023,28382
Mon Mar 20 2023,28358
Tue Mar 21 2023,28394
Wed Mar 22 2023,28406
Thu Mar 23 2023,28388
Fri Mar 24 2023,28402
Sat Mar 25 2023,28389
Sun Mar 26 2023,28437
Mon Mar 27 2023,28422
Tue Mar 28 2023,28514
Wed Mar 29 2023,28542
Thu Mar 30 2023,28589
Fri Mar 31 2023,28624
Sat Apr 01 2023,28635
Sun Apr 02 2023,28645
Mon Apr 03 2023,28674
Tue Apr 04 2023,28702
Wed Apr 05 2023,28712
Thu Apr 06 2023,28753
Fri Apr 07 2023,28774
Sat Apr 08 2023,28779
Sun Apr 09 2023,28807
Mon Apr 10 2023,28842
Tue Apr 11 2023,28832
Wed Apr 12 2023,28824
Thu Apr 13 2023,28839
Fri Apr 14 2023,28868
Sat Apr 15 2023,28909
Sun Apr 16 2023,28970
Mon Apr 17 2023,28974
Tue Apr 18 2023,28995
Wed Apr 19 2023,29005
Thu Apr 20 2023,29017
Fri Apr 21 2023,29029
Sat Apr 22 2023,29006
Sun Apr 23 2023,29060
Mon Apr 24 2023,29061
Tue Apr 25 2023,29017
Wed Apr 26 2023,29029
Thu Apr 27 2023,28825
Fri Apr 28 2023,28832
Sat Apr 29 2023,28838
Sun Apr 30 2023,28820
Mon May 01 2023,28773
Tue May 02 2023,28821
Wed May 03 2023,28817
Thu May 04 2023,28801
Fri May 05 2023,28791
Sat May 06 2023,28773
Sun May 07 2023,28764
Mon May 08 2023,28739
Tue May 09 2023,28719
Wed May 10 2023,28683
Thu May 11 2023,28603
Fri May 12 2023,28581
Sat May 13 2023,28566
Sun May 14 2023,28577
Mon May 15 2023,28573
Tue May 16 2023,28558
Wed May 17 2023,28553
Thu May 18 2023,28503
Fri May 19 2023,28457
Sat May 20 2023,28423
Sun May 21 2023,28389
Mon May 22 2023,28315
Tue May 23 2023,28298
Wed May 24 2023,28261
Thu May 25 2023,28266
Fri May 26 2023,28287
Sat May 27 2023,28262
Sun May 28 2023,28245
Mon May 29 2023,28239
Tue May 30 2023,28227
Wed May 31 2023,28151
Thu Jun 01 2023,28180
Fri Jun 02 2023,28173
Sat Jun 03 2023,28189
Sun Jun 04 2023,28190
Mon Jun 05 2023,28160
Tue Jun 06 2023,28103
Wed Jun 07 2023,28116
Thu Jun 08 2023,28145
Fri Jun 09 2023,28103
Sat Jun 10 2023,28093
Sun Jun 11 2023,28072
Mon Jun 12 2023,28044
Tue Jun 13 2023,28094
Wed Jun 14 2023,28073
Thu Jun 15 2023,28111
Fri Jun 16 2023,28092
Sat Jun 17 2023,28072
Sun Jun 18 2023,28026
Mon Jun 19 2023,28036
Tue Jun 20 2023,28042
Wed Jun 21 2023,28099
Thu Jun 22 2023,28098
Fri Jun 23 2023,28037
Sat Jun 24 2023,27995
Sun Jun 25 2023,27958
Mon Jun 26 2023,27986
Tue Jun 27 2023,28020
Wed Jun 28 2023,28030
Thu Jun 29 2023,28046
Fri Jun 30 2023,28058
Sat Jul 01 2023,28069
Sun Jul 02 2023,28028
Mon Jul 03 2023,28021
Tue Jul 04 2023,28021
Wed Jul 05 2023,28063
Thu Jul 06 2023,28064
Fri Jul 07 2023,28049
Sat Jul 08 2023,28015
Sun Jul 09 2023,28042
Mon Jul 10 2023,28049
Tue Jul 11 2023,28036
Wed Jul 12 2023,28014
Thu Jul 13 2023,27997
Fri Jul 14 2023,28003
Sat Jul 15 2023,27969
Sun Jul 16 2023,27944
Mon Jul 17 2023,27944
Tue Jul 18 2023,27889
Wed Jul 19 2023,27891
Thu Jul 20 2023,27895
Fri Jul 21 2023,27814
Sat Jul 22 2023,27793
Sun Jul 23 2023,27820
Mon Jul 24 2023,27831
Tue Jul 25 2023,27844
Wed Jul 26 2023,27839
Thu Jul 27 2023,27855
Fri Jul 28 2023,27872
Sat Jul 29 2023,27877
Sun Jul 30 2023,27848
Mon Jul 31 2023,27824
Tue Aug 01 2023,27870
Wed Aug 02 2023,27823
Thu Aug 03 2023,27863
Fri Aug 04 2023,27804
Sat Aug 05 2023,27770
Sun Aug 06 2023,27771
Mon Aug 07 2023,27759
Tue Aug 08 2023,27741
Wed Aug 09 2023,27686
Thu Aug 10 2023,27690
Fri Aug 11 2023,27711
Sat Aug 12 2023,27648
Sun Aug 13 2023,27598
Mon Aug 14 2023,27586
Tue Aug 15 2023,27599
Wed Aug 16 2023,27546
Thu Aug 17 2023,27518
Fri Aug 18 2023,27532
Sat Aug 19 2023,27509
Sun Aug 20 2023,27474
Mon Aug 21 2023,27446
Tue Aug 22 2023,27456
Wed Aug 23 2023,27412
Thu Aug 24 2023,27405
Fri Aug 25 2023,27427
Sat Aug 26 2023,27357
Sun Aug 27 2023,27308
Mon Aug 28 2023,27276
Tue Aug 29 2023,27264
Wed Aug 30 2023,27213
Thu Aug 31 2023,27166
Fri Sep 01 2023,27157
Sat Sep 02 2023,27174
Sun Sep 03 2023,27141
Mon Sep 04 2023,27148
Tue Sep 05 2023,27128
Wed Sep 06 2023,27131
Thu Sep 07 2023,27125
Fri Sep 08 2023,27130
Sat Sep 09 2023,27109
Sun Sep 10 2023,27101
Mon Sep 11 2023,27061
Tue Sep 12 2023,27076
Wed Sep 13 2023,27050
Thu Sep 14 2023,26999
Fri Sep 15 2023,26989
Sat Sep 16 2023,27000
Sun Sep 17 2023,26991
Mon Sep 18 2023,26963
Tue Sep 19 2023,26941
Wed Sep 20 2023,26972
Thu Sep 21 2023,26946
Fri Sep 22 2023,26921
Sat Sep 23 2023,26938
Sun Sep 24 2023,26882
Mon Sep 25 2023,26873
Tue Sep 26 2023,26842
Wed Sep 27 2023,26854
Thu Sep 28 2023,26835
Fri Sep 29 2023,26794
Sat Sep 30 2023,26822
Sun Oct 01 2023,26841
Mon Oct 02 2023,26836
Tue Oct 03 2023,26821
Wed Oct 04 2023,26816
Thu Oct 05 2023,26793
Fri Oct 06 2023,26777
Sat Oct 07 2023,26753
Sun Oct 08 2023,26799
Mon Oct 09 2023,26838
Tue Oct 10 2023,26797
Wed Oct 11 2023,26765
Thu Oct 12 2023,26793
Fri Oct 13 2023,26791
Sat Oct 14 2023,26804
Sun Oct 15 2023,26775
Mon Oct 16 2023,26755
Tue Oct 17 2023,26744
Wed Oct 18 2023,26742
Thu Oct 19 2023,26720
Fri Oct 20 2023,26675
Sat Oct 21 2023,26597
Sun Oct 22 2023,26571
Mon Oct 23 2023,26579
Tue Oct 24 2023,26631
Wed Oct 25 2023,26615
Thu Oct 26 2023,26634
Fri Oct 27 2023,26633
Sat Oct 28 2023,26663
Sun Oct 29 2023,26658
Mon Oct 30 2023,26646
Tue Oct 31 2023,26658
Wed Nov 01 2023,26666
Thu Nov 02 2023,26667
Fri Nov 03 2023,26664
Sat Nov 04 2023,26632
Sun Nov 05 2023,26647
Mon Nov 06 2023,26685
Tue Nov 07 2023,26686
Wed Nov 08 2023,26682
Thu Nov 09 2023,26662
Fri Nov 10 2023,26689
Sat Nov 11 2023,26635
Sun Nov 12 2023,26614
Mon Nov 13 2023,26609
Tue Nov 14 2023,26580
Wed Nov 15 2023,26569
Thu Nov 16 2023,26512
Fri Nov 17 2023,26522
Sat Nov 18 2023,26514
Sun Nov 19 2023,26473
Mon Nov 20 2023,26487
Tue Nov 21 2023,26531
Wed Nov 22 2023,26519
Thu Nov 23 2023,26488
Fri Nov 24 2023,26518
Sat Nov 25 2023,26527
Sun Nov 26 2023,26499
Mon Nov 27 2023,26490
Tue Nov 28 2023,26481
