date,Tudor Market Index (USD)
Sun Jan 01 2017,3949
Mon Jan 02 2017,3949
Tue Jan 03 2017,3949
Wed Jan 04 2017,3946
Thu Jan 05 2017,3946
Fri Jan 06 2017,3943
Sat Jan 07 2017,3943
Sun Jan 08 2017,3943
Mon Jan 09 2017,3940
Tue Jan 10 2017,3940
Wed Jan 11 2017,3941
Thu Jan 12 2017,3941
Fri Jan 13 2017,3941
Sat Jan 14 2017,3943
Sun Jan 15 2017,3943
Mon Jan 16 2017,3942
Tue Jan 17 2017,3941
Wed Jan 18 2017,3941
Thu Jan 19 2017,3941
Fri Jan 20 2017,3941
Sat Jan 21 2017,3941
Sun Jan 22 2017,3941
Mon Jan 23 2017,3941
Tue Jan 24 2017,3941
Wed Jan 25 2017,3937
Thu Jan 26 2017,3937
Fri Jan 27 2017,3937
Sat Jan 28 2017,3934
Sun Jan 29 2017,3934
Mon Jan 30 2017,3937
Tue Jan 31 2017,3937
Wed Feb 01 2017,3944
Thu Feb 02 2017,3946
Fri Feb 03 2017,3946
Sat Feb 04 2017,3946
Sun Feb 05 2017,3945
Mon Feb 06 2017,3945
Tue Feb 07 2017,3944
Wed Feb 08 2017,3944
Thu Feb 09 2017,3938
Fri Feb 10 2017,3939
Sat Feb 11 2017,3939
Sun Feb 12 2017,3937
Mon Feb 13 2017,3937
Tue Feb 14 2017,3937
Wed Feb 15 2017,3936
Thu Feb 16 2017,3933
Fri Feb 17 2017,3932
Sat Feb 18 2017,3932
Sun Feb 19 2017,3931
Mon Feb 20 2017,3933
Tue Feb 21 2017,3933
Wed Feb 22 2017,3930
Thu Feb 23 2017,3933
Fri Feb 24 2017,3935
Sat Feb 25 2017,3935
Sun Feb 26 2017,3935
Mon Feb 27 2017,3932
Tue Feb 28 2017,3932
Wed Mar 01 2017,3932
Thu Mar 02 2017,3932
Fri Mar 03 2017,3919
Sat Mar 04 2017,3926
Sun Mar 05 2017,3926
Mon Mar 06 2017,3926
Tue Mar 07 2017,3926
Wed Mar 08 2017,3926
Thu Mar 09 2017,3941
Fri Mar 10 2017,3941
Sat Mar 11 2017,3935
Sun Mar 12 2017,3935
Mon Mar 13 2017,3933
Tue Mar 14 2017,3930
Wed Mar 15 2017,3930
Thu Mar 16 2017,3934
Fri Mar 17 2017,3934
Sat Mar 18 2017,3934
Sun Mar 19 2017,3934
Mon Mar 20 2017,3936
Tue Mar 21 2017,3936
Wed Mar 22 2017,3934
Thu Mar 23 2017,3934
Fri Mar 24 2017,3928
Sat Mar 25 2017,3928
Sun Mar 26 2017,3916
Mon Mar 27 2017,3914
Tue Mar 28 2017,3913
Wed Mar 29 2017,3913
Thu Mar 30 2017,3913
Fri Mar 31 2017,3913
Sat Apr 01 2017,3913
Sun Apr 02 2017,3913
Mon Apr 03 2017,3913
Tue Apr 04 2017,3911
Wed Apr 05 2017,3909
Thu Apr 06 2017,3909
Fri Apr 07 2017,3906
Sat Apr 08 2017,3906
Sun Apr 09 2017,3906
Mon Apr 10 2017,3906
Tue Apr 11 2017,3905
Wed Apr 12 2017,3907
Thu Apr 13 2017,3900
Fri Apr 14 2017,3900
Sat Apr 15 2017,3900
Sun Apr 16 2017,3900
Mon Apr 17 2017,3900
Tue Apr 18 2017,3902
Wed Apr 19 2017,3900
Thu Apr 20 2017,3900
Fri Apr 21 2017,3895
Sat Apr 22 2017,3895
Sun Apr 23 2017,3875
Mon Apr 24 2017,3874
Tue Apr 25 2017,3874
Wed Apr 26 2017,3874
Thu Apr 27 2017,3874
Fri Apr 28 2017,3873
Sat Apr 29 2017,3873
Sun Apr 30 2017,3871
Mon May 01 2017,3870
Tue May 02 2017,3870
Wed May 03 2017,3856
Thu May 04 2017,3859
Fri May 05 2017,3859
Sat May 06 2017,3859
Sun May 07 2017,3859
Mon May 08 2017,3859
Tue May 09 2017,3859
Wed May 10 2017,3862
Thu May 11 2017,3860
Fri May 12 2017,3858
Sat May 13 2017,3858
Sun May 14 2017,3858
Mon May 15 2017,3868
Tue May 16 2017,3868
Wed May 17 2017,3868
Thu May 18 2017,3868
Fri May 19 2017,3869
Sat May 20 2017,3865
Sun May 21 2017,3865
Mon May 22 2017,3865
Tue May 23 2017,3862
Wed May 24 2017,3862
Thu May 25 2017,3861
Fri May 26 2017,3861
Sat May 27 2017,3861
Sun May 28 2017,3861
Mon May 29 2017,3861
Tue May 30 2017,3860
Wed May 31 2017,3860
Thu Jun 01 2017,3861
Fri Jun 02 2017,3861
Sat Jun 03 2017,3860
Sun Jun 04 2017,3860
Mon Jun 05 2017,3860
Tue Jun 06 2017,3860
Wed Jun 07 2017,3860
Thu Jun 08 2017,3860
Fri Jun 09 2017,3861
Sat Jun 10 2017,3858
Sun Jun 11 2017,3858
Mon Jun 12 2017,3858
Tue Jun 13 2017,3843
Wed Jun 14 2017,3857
Thu Jun 15 2017,3861
Fri Jun 16 2017,3861
Sat Jun 17 2017,3861
Sun Jun 18 2017,3861
Mon Jun 19 2017,3861
Tue Jun 20 2017,3861
Wed Jun 21 2017,3859
Thu Jun 22 2017,3856
Fri Jun 23 2017,3856
Sat Jun 24 2017,3853
Sun Jun 25 2017,3853
Mon Jun 26 2017,3853
Tue Jun 27 2017,3856
Wed Jun 28 2017,3856
Thu Jun 29 2017,3856
Fri Jun 30 2017,3856
Sat Jul 01 2017,3856
Sun Jul 02 2017,3858
Mon Jul 03 2017,3859
Tue Jul 04 2017,3852
Wed Jul 05 2017,3851
Thu Jul 06 2017,3851
Fri Jul 07 2017,3851
Sat Jul 08 2017,3851
Sun Jul 09 2017,3851
Mon Jul 10 2017,3851
Tue Jul 11 2017,3842
Wed Jul 12 2017,3842
Thu Jul 13 2017,3842
Fri Jul 14 2017,3842
Sat Jul 15 2017,3842
Sun Jul 16 2017,3842
Mon Jul 17 2017,3842
Tue Jul 18 2017,3842
Wed Jul 19 2017,3838
Thu Jul 20 2017,3837
Fri Jul 21 2017,3842
Sat Jul 22 2017,3842
Sun Jul 23 2017,3842
Mon Jul 24 2017,3842
Tue Jul 25 2017,3842
Wed Jul 26 2017,3842
Thu Jul 27 2017,3841
Fri Jul 28 2017,3841
Sat Jul 29 2017,3841
Sun Jul 30 2017,3863
Mon Jul 31 2017,3860
Tue Aug 01 2017,3860
Wed Aug 02 2017,3860
Thu Aug 03 2017,3860
Fri Aug 04 2017,3860
Sat Aug 05 2017,3860
Sun Aug 06 2017,3860
Mon Aug 07 2017,3863
Tue Aug 08 2017,3863
Wed Aug 09 2017,3875
Thu Aug 10 2017,3875
Fri Aug 11 2017,3875
Sat Aug 12 2017,3873
Sun Aug 13 2017,3873
Mon Aug 14 2017,3848
Tue Aug 15 2017,3847
Wed Aug 16 2017,3847
Thu Aug 17 2017,3847
Fri Aug 18 2017,3846
Sat Aug 19 2017,3846
Sun Aug 20 2017,3844
Mon Aug 21 2017,3844
Tue Aug 22 2017,3861
Wed Aug 23 2017,3861
Thu Aug 24 2017,3861
Fri Aug 25 2017,3861
Sat Aug 26 2017,3861
Sun Aug 27 2017,3859
Mon Aug 28 2017,3859
Tue Aug 29 2017,3859
Wed Aug 30 2017,3859
Thu Aug 31 2017,3859
Fri Sep 01 2017,3859
Sat Sep 02 2017,3859
Sun Sep 03 2017,3856
Mon Sep 04 2017,3856
Tue Sep 05 2017,3856
Wed Sep 06 2017,3856
Thu Sep 07 2017,3856
Fri Sep 08 2017,3856
Sat Sep 09 2017,3856
Sun Sep 10 2017,3856
Mon Sep 11 2017,3856
Tue Sep 12 2017,3855
Wed Sep 13 2017,3855
Thu Sep 14 2017,3855
Fri Sep 15 2017,3855
Sat Sep 16 2017,3855
Sun Sep 17 2017,3854
Mon Sep 18 2017,3854
Tue Sep 19 2017,3851
Wed Sep 20 2017,3851
Thu Sep 21 2017,3850
Fri Sep 22 2017,3850
Sat Sep 23 2017,3850
Sun Sep 24 2017,3850
Mon Sep 25 2017,3850
Tue Sep 26 2017,3848
Wed Sep 27 2017,3853
Thu Sep 28 2017,3860
Fri Sep 29 2017,3859
Sat Sep 30 2017,3859
Sun Oct 01 2017,3860
Mon Oct 02 2017,3859
Tue Oct 03 2017,3859
Wed Oct 04 2017,3863
Thu Oct 05 2017,3863
Fri Oct 06 2017,3863
Sat Oct 07 2017,3860
Sun Oct 08 2017,3860
Mon Oct 09 2017,3854
Tue Oct 10 2017,3854
Wed Oct 11 2017,3854
Thu Oct 12 2017,3854
Fri Oct 13 2017,3855
Sat Oct 14 2017,3857
Sun Oct 15 2017,3857
Mon Oct 16 2017,3856
Tue Oct 17 2017,3855
Wed Oct 18 2017,3857
Thu Oct 19 2017,3852
Fri Oct 20 2017,3860
Sat Oct 21 2017,3860
Sun Oct 22 2017,3860
Mon Oct 23 2017,3861
Tue Oct 24 2017,3861
Wed Oct 25 2017,3861
Thu Oct 26 2017,3859
Fri Oct 27 2017,3859
Sat Oct 28 2017,3851
Sun Oct 29 2017,3851
Mon Oct 30 2017,3851
Tue Oct 31 2017,3851
Wed Nov 01 2017,3851
Thu Nov 02 2017,3851
Fri Nov 03 2017,3851
Sat Nov 04 2017,3851
Sun Nov 05 2017,3851
Mon Nov 06 2017,3851
Tue Nov 07 2017,3851
Wed Nov 08 2017,3851
Thu Nov 09 2017,3851
Fri Nov 10 2017,3851
Sat Nov 11 2017,3850
Sun Nov 12 2017,3865
Mon Nov 13 2017,3865
Tue Nov 14 2017,3865
Wed Nov 15 2017,3865
Thu Nov 16 2017,3865
Fri Nov 17 2017,3865
Sat Nov 18 2017,3865
Sun Nov 19 2017,3865
Mon Nov 20 2017,3865
Tue Nov 21 2017,3865
Wed Nov 22 2017,3860
Thu Nov 23 2017,3860
Fri Nov 24 2017,3860
Sat Nov 25 2017,3862
Sun Nov 26 2017,3862
Mon Nov 27 2017,3860
Tue Nov 28 2017,3862
Wed Nov 29 2017,3862
Thu Nov 30 2017,3862
Fri Dec 01 2017,3862
Sat Dec 02 2017,3863
Sun Dec 03 2017,3863
Mon Dec 04 2017,3863
Tue Dec 05 2017,3859
Wed Dec 06 2017,3859
Thu Dec 07 2017,3861
Fri Dec 08 2017,3861
Sat Dec 09 2017,3862
Sun Dec 10 2017,3860
Mon Dec 11 2017,3860
Tue Dec 12 2017,3860
Wed Dec 13 2017,3860
Thu Dec 14 2017,3860
Fri Dec 15 2017,3859
Sat Dec 16 2017,3859
Sun Dec 17 2017,3862
Mon Dec 18 2017,3862
Tue Dec 19 2017,3863
Wed Dec 20 2017,3863
Thu Dec 21 2017,3863
Fri Dec 22 2017,3863
Sat Dec 23 2017,3861
Sun Dec 24 2017,3862
Mon Dec 25 2017,3862
Tue Dec 26 2017,3862
Wed Dec 27 2017,3862
Thu Dec 28 2017,3859
Fri Dec 29 2017,3859
Sat Dec 30 2017,3859
Sun Dec 31 2017,3866
Mon Jan 01 2018,3866
Tue Jan 02 2018,3866
Wed Jan 03 2018,3876
Thu Jan 04 2018,3872
Fri Jan 05 2018,3872
Sat Jan 06 2018,3872
Sun Jan 07 2018,3872
Mon Jan 08 2018,3872
Tue Jan 09 2018,3871
Wed Jan 10 2018,3871
Thu Jan 11 2018,3871
Fri Jan 12 2018,3872
Sat Jan 13 2018,3873
Sun Jan 14 2018,3872
Mon Jan 15 2018,3872
Tue Jan 16 2018,3874
Wed Jan 17 2018,3874
Thu Jan 18 2018,3868
Fri Jan 19 2018,3868
Sat Jan 20 2018,3867
Sun Jan 21 2018,3869
Mon Jan 22 2018,3869
Tue Jan 23 2018,3869
Wed Jan 24 2018,3865
Thu Jan 25 2018,3866
Fri Jan 26 2018,3866
Sat Jan 27 2018,3866
Sun Jan 28 2018,3866
Mon Jan 29 2018,3866
Tue Jan 30 2018,3864
Wed Jan 31 2018,3864
Thu Feb 01 2018,3864
Fri Feb 02 2018,3864
Sat Feb 03 2018,3864
Sun Feb 04 2018,3864
Mon Feb 05 2018,3864
Tue Feb 06 2018,3864
Wed Feb 07 2018,3865
Thu Feb 08 2018,3867
Fri Feb 09 2018,3866
Sat Feb 10 2018,3865
Sun Feb 11 2018,3865
Mon Feb 12 2018,3864
Tue Feb 13 2018,3865
Wed Feb 14 2018,3864
Thu Feb 15 2018,3864
Fri Feb 16 2018,3864
Sat Feb 17 2018,3866
Sun Feb 18 2018,3866
Mon Feb 19 2018,3866
Tue Feb 20 2018,3869
Wed Feb 21 2018,3876
Thu Feb 22 2018,3876
Fri Feb 23 2018,3876
Sat Feb 24 2018,3877
Sun Feb 25 2018,3876
Mon Feb 26 2018,3876
Tue Feb 27 2018,3876
Wed Feb 28 2018,3879
Thu Mar 01 2018,3886
Fri Mar 02 2018,3885
Sat Mar 03 2018,3897
Sun Mar 04 2018,3911
Mon Mar 05 2018,3910
Tue Mar 06 2018,3910
Wed Mar 07 2018,3910
Thu Mar 08 2018,3911
Fri Mar 09 2018,3911
Sat Mar 10 2018,3913
Sun Mar 11 2018,3913
Mon Mar 12 2018,3915
Tue Mar 13 2018,3915
Wed Mar 14 2018,3928
Thu Mar 15 2018,3928
Fri Mar 16 2018,3926
Sat Mar 17 2018,3929
Sun Mar 18 2018,3929
Mon Mar 19 2018,3929
Tue Mar 20 2018,3935
Wed Mar 21 2018,3933
Thu Mar 22 2018,3929
Fri Mar 23 2018,3932
Sat Mar 24 2018,3932
Sun Mar 25 2018,3930
Mon Mar 26 2018,3930
Tue Mar 27 2018,3930
Wed Mar 28 2018,3930
Thu Mar 29 2018,3929
Fri Mar 30 2018,3929
Sat Mar 31 2018,3929
Sun Apr 01 2018,3934
Mon Apr 02 2018,3934
Tue Apr 03 2018,3930
Wed Apr 04 2018,3934
Thu Apr 05 2018,3934
Fri Apr 06 2018,3940
Sat Apr 07 2018,3940
Sun Apr 08 2018,3940
Mon Apr 09 2018,3940
Tue Apr 10 2018,3936
Wed Apr 11 2018,3931
Thu Apr 12 2018,3930
Fri Apr 13 2018,3930
Sat Apr 14 2018,3933
Sun Apr 15 2018,3932
Mon Apr 16 2018,3938
Tue Apr 17 2018,3937
Wed Apr 18 2018,3937
Thu Apr 19 2018,3937
Fri Apr 20 2018,3935
Sat Apr 21 2018,3934
Sun Apr 22 2018,3934
Mon Apr 23 2018,3944
Tue Apr 24 2018,3944
Wed Apr 25 2018,3966
Thu Apr 26 2018,3964
Fri Apr 27 2018,3964
Sat Apr 28 2018,3965
Sun Apr 29 2018,3965
Mon Apr 30 2018,3990
Tue May 01 2018,3991
Wed May 02 2018,3991
Thu May 03 2018,3998
Fri May 04 2018,3998
Sat May 05 2018,4003
Sun May 06 2018,4004
Mon May 07 2018,4004
Tue May 08 2018,4004
Wed May 09 2018,4002
Thu May 10 2018,4006
Fri May 11 2018,4006
Sat May 12 2018,4006
Sun May 13 2018,4006
Mon May 14 2018,4005
Tue May 15 2018,4006
Wed May 16 2018,4005
Thu May 17 2018,4005
Fri May 18 2018,4005
Sat May 19 2018,4005
Sun May 20 2018,4009
Mon May 21 2018,4009
Tue May 22 2018,4009
Wed May 23 2018,4016
Thu May 24 2018,4021
Fri May 25 2018,4021
Sat May 26 2018,4025
Sun May 27 2018,4025
Mon May 28 2018,4025
Tue May 29 2018,4030
Wed May 30 2018,4030
Thu May 31 2018,4030
Fri Jun 01 2018,4031
Sat Jun 02 2018,4031
Sun Jun 03 2018,4031
Mon Jun 04 2018,4034
Tue Jun 05 2018,4034
Wed Jun 06 2018,4034
Thu Jun 07 2018,4051
Fri Jun 08 2018,4051
Sat Jun 09 2018,4052
Sun Jun 10 2018,4051
Mon Jun 11 2018,4049
Tue Jun 12 2018,4049
Wed Jun 13 2018,4049
Thu Jun 14 2018,4050
Fri Jun 15 2018,4051
Sat Jun 16 2018,4055
Sun Jun 17 2018,4055
Mon Jun 18 2018,4056
Tue Jun 19 2018,4048
Wed Jun 20 2018,4048
Thu Jun 21 2018,4059
Fri Jun 22 2018,4062
Sat Jun 23 2018,4062
Sun Jun 24 2018,4062
Mon Jun 25 2018,4062
Tue Jun 26 2018,4062
Wed Jun 27 2018,4062
Thu Jun 28 2018,4062
Fri Jun 29 2018,4065
Sat Jun 30 2018,4065
Sun Jul 01 2018,4065
Mon Jul 02 2018,4068
Tue Jul 03 2018,4068
Wed Jul 04 2018,4068
Thu Jul 05 2018,4067
Fri Jul 06 2018,4068
Sat Jul 07 2018,4068
Sun Jul 08 2018,4068
Mon Jul 09 2018,4071
Tue Jul 10 2018,4071
Wed Jul 11 2018,4071
Thu Jul 12 2018,4078
Fri Jul 13 2018,4078
Sat Jul 14 2018,4085
Sun Jul 15 2018,4085
Mon Jul 16 2018,4084
Tue Jul 17 2018,4085
Wed Jul 18 2018,4091
Thu Jul 19 2018,4091
Fri Jul 20 2018,4091
Sat Jul 21 2018,4091
Sun Jul 22 2018,4091
Mon Jul 23 2018,4091
Tue Jul 24 2018,4093
Wed Jul 25 2018,4093
Thu Jul 26 2018,4096
Fri Jul 27 2018,4096
Sat Jul 28 2018,4096
Sun Jul 29 2018,4096
Mon Jul 30 2018,4095
Tue Jul 31 2018,4095
Wed Aug 01 2018,4096
Thu Aug 02 2018,4104
Fri Aug 03 2018,4103
Sat Aug 04 2018,4104
Sun Aug 05 2018,4105
Mon Aug 06 2018,4109
Tue Aug 07 2018,4106
Wed Aug 08 2018,4108
Thu Aug 09 2018,4113
Fri Aug 10 2018,4113
Sat Aug 11 2018,4110
Sun Aug 12 2018,4110
Mon Aug 13 2018,4110
Tue Aug 14 2018,4119
Wed Aug 15 2018,4120
Thu Aug 16 2018,4121
Fri Aug 17 2018,4121
Sat Aug 18 2018,4121
Sun Aug 19 2018,4124
Mon Aug 20 2018,4124
Tue Aug 21 2018,4124
Wed Aug 22 2018,4124
Thu Aug 23 2018,4125
Fri Aug 24 2018,4125
Sat Aug 25 2018,4124
Sun Aug 26 2018,4123
Mon Aug 27 2018,4119
Tue Aug 28 2018,4124
Wed Aug 29 2018,4128
Thu Aug 30 2018,4129
Fri Aug 31 2018,4129
Sat Sep 01 2018,4129
Sun Sep 02 2018,4129
Mon Sep 03 2018,4129
Tue Sep 04 2018,4129
Wed Sep 05 2018,4129
Thu Sep 06 2018,4134
Fri Sep 07 2018,4140
Sat Sep 08 2018,4139
Sun Sep 09 2018,4139
Mon Sep 10 2018,4139
Tue Sep 11 2018,4141
Wed Sep 12 2018,4146
Thu Sep 13 2018,4146
Fri Sep 14 2018,4146
Sat Sep 15 2018,4150
Sun Sep 16 2018,4149
Mon Sep 17 2018,4149
Tue Sep 18 2018,4149
Wed Sep 19 2018,4149
Thu Sep 20 2018,4149
Fri Sep 21 2018,4155
Sat Sep 22 2018,4154
Sun Sep 23 2018,4158
Mon Sep 24 2018,4158
Tue Sep 25 2018,4158
Wed Sep 26 2018,4157
Thu Sep 27 2018,4162
Fri Sep 28 2018,4163
Sat Sep 29 2018,4169
Sun Sep 30 2018,4169
Mon Oct 01 2018,4169
Tue Oct 02 2018,4169
Wed Oct 03 2018,4174
Thu Oct 04 2018,4203
Fri Oct 05 2018,4204
Sat Oct 06 2018,4204
Sun Oct 07 2018,4204
Mon Oct 08 2018,4198
Tue Oct 09 2018,4201
Wed Oct 10 2018,4202
Thu Oct 11 2018,4202
Fri Oct 12 2018,4204
Sat Oct 13 2018,4205
Sun Oct 14 2018,4205
Mon Oct 15 2018,4205
Tue Oct 16 2018,4205
Wed Oct 17 2018,4205
Thu Oct 18 2018,4202
Fri Oct 19 2018,4202
Sat Oct 20 2018,4202
Sun Oct 21 2018,4201
Mon Oct 22 2018,4201
Tue Oct 23 2018,4204
Wed Oct 24 2018,4204
Thu Oct 25 2018,4204
Fri Oct 26 2018,4202
Sat Oct 27 2018,4202
Sun Oct 28 2018,4202
Mon Oct 29 2018,4202
Tue Oct 30 2018,4204
Wed Oct 31 2018,4203
Thu Nov 01 2018,4203
Fri Nov 02 2018,4212
Sat Nov 03 2018,4212
Sun Nov 04 2018,4210
Mon Nov 05 2018,4211
Tue Nov 06 2018,4215
Wed Nov 07 2018,4215
Thu Nov 08 2018,4215
Fri Nov 09 2018,4215
Sat Nov 10 2018,4215
Sun Nov 11 2018,4215
Mon Nov 12 2018,4215
Tue Nov 13 2018,4215
Wed Nov 14 2018,4218
Thu Nov 15 2018,4218
Fri Nov 16 2018,4218
Sat Nov 17 2018,4217
Sun Nov 18 2018,4225
Mon Nov 19 2018,4225
Tue Nov 20 2018,4222
Wed Nov 21 2018,4215
Thu Nov 22 2018,4215
Fri Nov 23 2018,4215
Sat Nov 24 2018,4218
Sun Nov 25 2018,4217
Mon Nov 26 2018,4223
Tue Nov 27 2018,4223
Wed Nov 28 2018,4223
Thu Nov 29 2018,4226
Fri Nov 30 2018,4226
Sat Dec 01 2018,4226
Sun Dec 02 2018,4226
Mon Dec 03 2018,4226
Tue Dec 04 2018,4226
Wed Dec 05 2018,4225
Thu Dec 06 2018,4226
Fri Dec 07 2018,4226
Sat Dec 08 2018,4226
Sun Dec 09 2018,4226
Mon Dec 10 2018,4227
Tue Dec 11 2018,4228
Wed Dec 12 2018,4225
Thu Dec 13 2018,4226
Fri Dec 14 2018,4226
Sat Dec 15 2018,4224
Sun Dec 16 2018,4224
Mon Dec 17 2018,4224
Tue Dec 18 2018,4224
Wed Dec 19 2018,4223
Thu Dec 20 2018,4223
Fri Dec 21 2018,4223
Sat Dec 22 2018,4223
Sun Dec 23 2018,4223
Mon Dec 24 2018,4223
Tue Dec 25 2018,4222
Wed Dec 26 2018,4224
Thu Dec 27 2018,4223
Fri Dec 28 2018,4223
Sat Dec 29 2018,4222
Sun Dec 30 2018,4222
Mon Dec 31 2018,4227
Tue Jan 01 2019,4227
Wed Jan 02 2019,4229
Thu Jan 03 2019,4226
Fri Jan 04 2019,4223
Sat Jan 05 2019,4225
Sun Jan 06 2019,4225
Mon Jan 07 2019,4226
Tue Jan 08 2019,4226
Wed Jan 09 2019,4224
Thu Jan 10 2019,4224
Fri Jan 11 2019,4220
Sat Jan 12 2019,4220
Sun Jan 13 2019,4220
Mon Jan 14 2019,4222
Tue Jan 15 2019,4219
Wed Jan 16 2019,4219
Thu Jan 17 2019,4218
Fri Jan 18 2019,4218
Sat Jan 19 2019,4230
Sun Jan 20 2019,4236
Mon Jan 21 2019,4236
Tue Jan 22 2019,4241
Wed Jan 23 2019,4240
Thu Jan 24 2019,4243
Fri Jan 25 2019,4242
Sat Jan 26 2019,4242
Sun Jan 27 2019,4241
Mon Jan 28 2019,4241
Tue Jan 29 2019,4246
Wed Jan 30 2019,4245
Thu Jan 31 2019,4266
Fri Feb 01 2019,4268
Sat Feb 02 2019,4267
Sun Feb 03 2019,4264
Mon Feb 04 2019,4264
Tue Feb 05 2019,4264
Wed Feb 06 2019,4262
Thu Feb 07 2019,4265
Fri Feb 08 2019,4266
Sat Feb 09 2019,4266
Sun Feb 10 2019,4268
Mon Feb 11 2019,4270
Tue Feb 12 2019,4268
Wed Feb 13 2019,4271
Thu Feb 14 2019,4271
Fri Feb 15 2019,4271
Sat Feb 16 2019,4270
Sun Feb 17 2019,4270
Mon Feb 18 2019,4270
Tue Feb 19 2019,4270
Wed Feb 20 2019,4269
Thu Feb 21 2019,4269
Fri Feb 22 2019,4267
Sat Feb 23 2019,4262
Sun Feb 24 2019,4272
Mon Feb 25 2019,4271
Tue Feb 26 2019,4270
Wed Feb 27 2019,4272
Thu Feb 28 2019,4272
Fri Mar 01 2019,4272
Sat Mar 02 2019,4272
Sun Mar 03 2019,4272
Mon Mar 04 2019,4273
Tue Mar 05 2019,4273
Wed Mar 06 2019,4273
Thu Mar 07 2019,4272
Fri Mar 08 2019,4260
Sat Mar 09 2019,4260
Sun Mar 10 2019,4259
Mon Mar 11 2019,4260
Tue Mar 12 2019,4260
Wed Mar 13 2019,4271
Thu Mar 14 2019,4273
Fri Mar 15 2019,4286
Sat Mar 16 2019,4290
Sun Mar 17 2019,4292
Mon Mar 18 2019,4292
Tue Mar 19 2019,4292
Wed Mar 20 2019,4290
Thu Mar 21 2019,4288
Fri Mar 22 2019,4290
Sat Mar 23 2019,4294
Sun Mar 24 2019,4297
Mon Mar 25 2019,4297
Tue Mar 26 2019,4301
Wed Mar 27 2019,4330
Thu Mar 28 2019,4335
Fri Mar 29 2019,4335
Sat Mar 30 2019,4334
Sun Mar 31 2019,4333
Mon Apr 01 2019,4334
Tue Apr 02 2019,4330
Wed Apr 03 2019,4335
Thu Apr 04 2019,4333
Fri Apr 05 2019,4332
Sat Apr 06 2019,4333
Sun Apr 07 2019,4330
Mon Apr 08 2019,4329
Tue Apr 09 2019,4329
Wed Apr 10 2019,4329
Thu Apr 11 2019,4330
Fri Apr 12 2019,4332
Sat Apr 13 2019,4351
Sun Apr 14 2019,4351
Mon Apr 15 2019,4351
Tue Apr 16 2019,4353
Wed Apr 17 2019,4354
Thu Apr 18 2019,4356
Fri Apr 19 2019,4354
Sat Apr 20 2019,4354
Sun Apr 21 2019,4362
Mon Apr 22 2019,4360
Tue Apr 23 2019,4359
Wed Apr 24 2019,4362
Thu Apr 25 2019,4362
Fri Apr 26 2019,4362
Sat Apr 27 2019,4358
Sun Apr 28 2019,4357
Mon Apr 29 2019,4359
Tue Apr 30 2019,4360
Wed May 01 2019,4359
Thu May 02 2019,4361
Fri May 03 2019,4366
Sat May 04 2019,4366
Sun May 05 2019,4365
Mon May 06 2019,4361
Tue May 07 2019,4365
Wed May 08 2019,4367
Thu May 09 2019,4370
Fri May 10 2019,4373
Sat May 11 2019,4373
Sun May 12 2019,4370
Mon May 13 2019,4369
Tue May 14 2019,4370
Wed May 15 2019,4367
Thu May 16 2019,4363
Fri May 17 2019,4364
Sat May 18 2019,4359
Sun May 19 2019,4360
Mon May 20 2019,4354
Tue May 21 2019,4352
Wed May 22 2019,4344
Thu May 23 2019,4353
Fri May 24 2019,4353
Sat May 25 2019,4353
Sun May 26 2019,4352
Mon May 27 2019,4365
Tue May 28 2019,4365
Wed May 29 2019,4361
Thu May 30 2019,4357
Fri May 31 2019,4348
Sat Jun 01 2019,4350
Sun Jun 02 2019,4349
Mon Jun 03 2019,4349
Tue Jun 04 2019,4346
Wed Jun 05 2019,4347
Thu Jun 06 2019,4345
Fri Jun 07 2019,4341
Sat Jun 08 2019,4342
Sun Jun 09 2019,4339
Mon Jun 10 2019,4339
Tue Jun 11 2019,4340
Wed Jun 12 2019,4335
Thu Jun 13 2019,4330
Fri Jun 14 2019,4320
Sat Jun 15 2019,4321
Sun Jun 16 2019,4321
Mon Jun 17 2019,4313
Tue Jun 18 2019,4311
Wed Jun 19 2019,4305
Thu Jun 20 2019,4307
Fri Jun 21 2019,4307
Sat Jun 22 2019,4307
Sun Jun 23 2019,4308
Mon Jun 24 2019,4299
Tue Jun 25 2019,4312
Wed Jun 26 2019,4321
Thu Jun 27 2019,4321
Fri Jun 28 2019,4318
Sat Jun 29 2019,4322
Sun Jun 30 2019,4318
Mon Jul 01 2019,4319
Tue Jul 02 2019,4324
Wed Jul 03 2019,4318
Thu Jul 04 2019,4318
Fri Jul 05 2019,4317
Sat Jul 06 2019,4316
Sun Jul 07 2019,4314
Mon Jul 08 2019,4316
Tue Jul 09 2019,4313
Wed Jul 10 2019,4320
Thu Jul 11 2019,4324
Fri Jul 12 2019,4324
Sat Jul 13 2019,4329
Sun Jul 14 2019,4329
Mon Jul 15 2019,4330
Tue Jul 16 2019,4337
Wed Jul 17 2019,4335
Thu Jul 18 2019,4330
Fri Jul 19 2019,4331
Sat Jul 20 2019,4333
Sun Jul 21 2019,4328
Mon Jul 22 2019,4336
Tue Jul 23 2019,4330
Wed Jul 24 2019,4334
Thu Jul 25 2019,4330
Fri Jul 26 2019,4330
Sat Jul 27 2019,4330
Sun Jul 28 2019,4327
Mon Jul 29 2019,4323
Tue Jul 30 2019,4325
Wed Jul 31 2019,4328
Thu Aug 01 2019,4328
Fri Aug 02 2019,4327
Sat Aug 03 2019,4335
Sun Aug 04 2019,4333
Mon Aug 05 2019,4334
Tue Aug 06 2019,4339
Wed Aug 07 2019,4337
Thu Aug 08 2019,4337
Fri Aug 09 2019,4332
Sat Aug 10 2019,4326
Sun Aug 11 2019,4324
Mon Aug 12 2019,4326
Tue Aug 13 2019,4328
Wed Aug 14 2019,4329
Thu Aug 15 2019,4331
Fri Aug 16 2019,4325
Sat Aug 17 2019,4330
Sun Aug 18 2019,4320
Mon Aug 19 2019,4324
Tue Aug 20 2019,4327
Wed Aug 21 2019,4322
Thu Aug 22 2019,4315
Fri Aug 23 2019,4316
Sat Aug 24 2019,4315
Sun Aug 25 2019,4317
Mon Aug 26 2019,4314
Tue Aug 27 2019,4313
Wed Aug 28 2019,4318
Thu Aug 29 2019,4327
Fri Aug 30 2019,4329
Sat Aug 31 2019,4328
Sun Sep 01 2019,4332
Mon Sep 02 2019,4335
Tue Sep 03 2019,4334
Wed Sep 04 2019,4331
Thu Sep 05 2019,4331
Fri Sep 06 2019,4332
Sat Sep 07 2019,4341
Sun Sep 08 2019,4338
Mon Sep 09 2019,4335
Tue Sep 10 2019,4331
Wed Sep 11 2019,4332
Thu Sep 12 2019,4331
Fri Sep 13 2019,4332
Sat Sep 14 2019,4331
Sun Sep 15 2019,4326
Mon Sep 16 2019,4320
Tue Sep 17 2019,4304
Wed Sep 18 2019,4301
Thu Sep 19 2019,4295
Fri Sep 20 2019,4295
Sat Sep 21 2019,4282
Sun Sep 22 2019,4294
Mon Sep 23 2019,4297
Tue Sep 24 2019,4295
Wed Sep 25 2019,4295
Thu Sep 26 2019,4299
Fri Sep 27 2019,4273
Sat Sep 28 2019,4275
Sun Sep 29 2019,4284
Mon Sep 30 2019,4293
Tue Oct 01 2019,4293
Wed Oct 02 2019,4284
Thu Oct 03 2019,4285
Fri Oct 04 2019,4285
Sat Oct 05 2019,4291
Sun Oct 06 2019,4283
Mon Oct 07 2019,4284
Tue Oct 08 2019,4286
Wed Oct 09 2019,4295
Thu Oct 10 2019,4295
Fri Oct 11 2019,4293
Sat Oct 12 2019,4308
Sun Oct 13 2019,4315
Mon Oct 14 2019,4318
Tue Oct 15 2019,4317
Wed Oct 16 2019,4317
Thu Oct 17 2019,4314
Fri Oct 18 2019,4299
Sat Oct 19 2019,4302
Sun Oct 20 2019,4305
Mon Oct 21 2019,4307
Tue Oct 22 2019,4307
Wed Oct 23 2019,4311
Thu Oct 24 2019,4310
Fri Oct 25 2019,4308
Sat Oct 26 2019,4300
Sun Oct 27 2019,4299
Mon Oct 28 2019,4306
Tue Oct 29 2019,4310
Wed Oct 30 2019,4314
Thu Oct 31 2019,4308
Fri Nov 01 2019,4311
Sat Nov 02 2019,4310
Sun Nov 03 2019,4310
Mon Nov 04 2019,4309
Tue Nov 05 2019,4306
Wed Nov 06 2019,4302
Thu Nov 07 2019,4309
Fri Nov 08 2019,4315
Sat Nov 09 2019,4315
Sun Nov 10 2019,4311
Mon Nov 11 2019,4311
Tue Nov 12 2019,4307
Wed Nov 13 2019,4303
Thu Nov 14 2019,4303
Fri Nov 15 2019,4301
Sat Nov 16 2019,4306
Sun Nov 17 2019,4298
Mon Nov 18 2019,4300
Tue Nov 19 2019,4303
Wed Nov 20 2019,4301
Thu Nov 21 2019,4300
Fri Nov 22 2019,4296
Sat Nov 23 2019,4293
Sun Nov 24 2019,4293
Mon Nov 25 2019,4291
Tue Nov 26 2019,4289
Wed Nov 27 2019,4287
Thu Nov 28 2019,4284
Fri Nov 29 2019,4295
Sat Nov 30 2019,4298
Sun Dec 01 2019,4300
Mon Dec 02 2019,4297
Tue Dec 03 2019,4294
Wed Dec 04 2019,4269
Thu Dec 05 2019,4270
Fri Dec 06 2019,4271
Sat Dec 07 2019,4256
Sun Dec 08 2019,4255
Mon Dec 09 2019,4245
Tue Dec 10 2019,4245
Wed Dec 11 2019,4243
Thu Dec 12 2019,4240
Fri Dec 13 2019,4240
Sat Dec 14 2019,4242
Sun Dec 15 2019,4238
Mon Dec 16 2019,4237
Tue Dec 17 2019,4237
Wed Dec 18 2019,4232
Thu Dec 19 2019,4229
Fri Dec 20 2019,4228
Sat Dec 21 2019,4233
Sun Dec 22 2019,4233
Mon Dec 23 2019,4239
Tue Dec 24 2019,4242
Wed Dec 25 2019,4241
Thu Dec 26 2019,4238
Fri Dec 27 2019,4239
Sat Dec 28 2019,4243
Sun Dec 29 2019,4239
Mon Dec 30 2019,4236
Tue Dec 31 2019,4236
Wed Jan 01 2020,4236
Thu Jan 02 2020,4236
Fri Jan 03 2020,4242
Sat Jan 04 2020,4238
Sun Jan 05 2020,4240
Mon Jan 06 2020,4241
Tue Jan 07 2020,4221
Wed Jan 08 2020,4227
Thu Jan 09 2020,4228
Fri Jan 10 2020,4230
Sat Jan 11 2020,4230
Sun Jan 12 2020,4231
Mon Jan 13 2020,4233
Tue Jan 14 2020,4230
Wed Jan 15 2020,4233
Thu Jan 16 2020,4230
Fri Jan 17 2020,4230
Sat Jan 18 2020,4229
Sun Jan 19 2020,4232
Mon Jan 20 2020,4226
Tue Jan 21 2020,4224
Wed Jan 22 2020,4222
Thu Jan 23 2020,4222
Fri Jan 24 2020,4222
Sat Jan 25 2020,4228
Sun Jan 26 2020,4218
Mon Jan 27 2020,4224
Tue Jan 28 2020,4230
Wed Jan 29 2020,4235
Thu Jan 30 2020,4236
Fri Jan 31 2020,4233
Sat Feb 01 2020,4234
Sun Feb 02 2020,4236
Mon Feb 03 2020,4238
Tue Feb 04 2020,4250
Wed Feb 05 2020,4253
Thu Feb 06 2020,4255
Fri Feb 07 2020,4255
Sat Feb 08 2020,4257
Sun Feb 09 2020,4274
Mon Feb 10 2020,4275
Tue Feb 11 2020,4272
Wed Feb 12 2020,4272
Thu Feb 13 2020,4271
Fri Feb 14 2020,4272
Sat Feb 15 2020,4268
Sun Feb 16 2020,4271
Mon Feb 17 2020,4254
Tue Feb 18 2020,4258
Wed Feb 19 2020,4255
Thu Feb 20 2020,4258
Fri Feb 21 2020,4247
Sat Feb 22 2020,4244
Sun Feb 23 2020,4244
Mon Feb 24 2020,4244
Tue Feb 25 2020,4247
Wed Feb 26 2020,4242
Thu Feb 27 2020,4254
Fri Feb 28 2020,4250
Sat Feb 29 2020,4244
Sun Mar 01 2020,4246
Mon Mar 02 2020,4237
Tue Mar 03 2020,4242
Wed Mar 04 2020,4241
Thu Mar 05 2020,4240
Fri Mar 06 2020,4241
Sat Mar 07 2020,4231
Sun Mar 08 2020,4233
Mon Mar 09 2020,4224
Tue Mar 10 2020,4226
Wed Mar 11 2020,4227
Thu Mar 12 2020,4238
Fri Mar 13 2020,4245
Sat Mar 14 2020,4246
Sun Mar 15 2020,4228
Mon Mar 16 2020,4231
Tue Mar 17 2020,4264
Wed Mar 18 2020,4263
Thu Mar 19 2020,4266
Fri Mar 20 2020,4265
Sat Mar 21 2020,4264
Sun Mar 22 2020,4264
Mon Mar 23 2020,4265
Tue Mar 24 2020,4262
Wed Mar 25 2020,4264
Thu Mar 26 2020,4255
Fri Mar 27 2020,4255
Sat Mar 28 2020,4254
Sun Mar 29 2020,4251
Mon Mar 30 2020,4254
Tue Mar 31 2020,4251
Wed Apr 01 2020,4254
Thu Apr 02 2020,4249
Fri Apr 03 2020,4246
Sat Apr 04 2020,4245
Sun Apr 05 2020,4248
Mon Apr 06 2020,4251
Tue Apr 07 2020,4247
Wed Apr 08 2020,4247
Thu Apr 09 2020,4248
Fri Apr 10 2020,4260
Sat Apr 11 2020,4261
Sun Apr 12 2020,4255
Mon Apr 13 2020,4257
Tue Apr 14 2020,4258
Wed Apr 15 2020,4258
Thu Apr 16 2020,4252
Fri Apr 17 2020,4251
Sat Apr 18 2020,4244
Sun Apr 19 2020,4230
Mon Apr 20 2020,4220
Tue Apr 21 2020,4219
Wed Apr 22 2020,4224
Thu Apr 23 2020,4229
Fri Apr 24 2020,4228
Sat Apr 25 2020,4225
Sun Apr 26 2020,4239
Mon Apr 27 2020,4241
Tue Apr 28 2020,4239
Wed Apr 29 2020,4239
Thu Apr 30 2020,4223
Fri May 01 2020,4220
Sat May 02 2020,4223
Sun May 03 2020,4227
Mon May 04 2020,4234
Tue May 05 2020,4234
Wed May 06 2020,4223
Thu May 07 2020,4225
Fri May 08 2020,4224
Sat May 09 2020,4226
Sun May 10 2020,4241
Mon May 11 2020,4244
Tue May 12 2020,4249
Wed May 13 2020,4247
Thu May 14 2020,4248
Fri May 15 2020,4255
Sat May 16 2020,4247
Sun May 17 2020,4250
Mon May 18 2020,4273
Tue May 19 2020,4286
Wed May 20 2020,4291
Thu May 21 2020,4295
Fri May 22 2020,4299
Sat May 23 2020,4299
Sun May 24 2020,4278
Mon May 25 2020,4290
Tue May 26 2020,4291
Wed May 27 2020,4291
Thu May 28 2020,4290
Fri May 29 2020,4298
Sat May 30 2020,4296
Sun May 31 2020,4295
Mon Jun 01 2020,4295
Tue Jun 02 2020,4298
Wed Jun 03 2020,4296
Thu Jun 04 2020,4302
Fri Jun 05 2020,4300
Sat Jun 06 2020,4305
Sun Jun 07 2020,4306
Mon Jun 08 2020,4309
Tue Jun 09 2020,4309
Wed Jun 10 2020,4317
Thu Jun 11 2020,4308
Fri Jun 12 2020,4308
Sat Jun 13 2020,4308
Sun Jun 14 2020,4308
Mon Jun 15 2020,4313
Tue Jun 16 2020,4313
Wed Jun 17 2020,4315
Thu Jun 18 2020,4315
Fri Jun 19 2020,4320
Sat Jun 20 2020,4330
Sun Jun 21 2020,4317
Mon Jun 22 2020,4316
Tue Jun 23 2020,4311
Wed Jun 24 2020,4311
Thu Jun 25 2020,4311
Fri Jun 26 2020,4306
Sat Jun 27 2020,4307
Sun Jun 28 2020,4311
Mon Jun 29 2020,4315
Tue Jun 30 2020,4320
Wed Jul 01 2020,4322
Thu Jul 02 2020,4314
Fri Jul 03 2020,4302
Sat Jul 04 2020,4302
Sun Jul 05 2020,4301
Mon Jul 06 2020,4303
Tue Jul 07 2020,4300
Wed Jul 08 2020,4303
Thu Jul 09 2020,4307
Fri Jul 10 2020,4310
Sat Jul 11 2020,4310
Sun Jul 12 2020,4327
Mon Jul 13 2020,4325
Tue Jul 14 2020,4310
Wed Jul 15 2020,4314
Thu Jul 16 2020,4300
Fri Jul 17 2020,4299
Sat Jul 18 2020,4297
Sun Jul 19 2020,4305
Mon Jul 20 2020,4287
Tue Jul 21 2020,4287
Wed Jul 22 2020,4294
Thu Jul 23 2020,4298
Fri Jul 24 2020,4291
Sat Jul 25 2020,4289
Sun Jul 26 2020,4323
Mon Jul 27 2020,4321
Tue Jul 28 2020,4324
Wed Jul 29 2020,4329
Thu Jul 30 2020,4328
Fri Jul 31 2020,4329
Sat Aug 01 2020,4327
Sun Aug 02 2020,4318
Mon Aug 03 2020,4295
Tue Aug 04 2020,4296
Wed Aug 05 2020,4299
Thu Aug 06 2020,4301
Fri Aug 07 2020,4298
Sat Aug 08 2020,4299
Sun Aug 09 2020,4299
Mon Aug 10 2020,4303
Tue Aug 11 2020,4305
Wed Aug 12 2020,4307
Thu Aug 13 2020,4315
Fri Aug 14 2020,4312
Sat Aug 15 2020,4310
Sun Aug 16 2020,4314
Mon Aug 17 2020,4321
Tue Aug 18 2020,4322
Wed Aug 19 2020,4328
Thu Aug 20 2020,4324
Fri Aug 21 2020,4327
Sat Aug 22 2020,4335
Sun Aug 23 2020,4334
Mon Aug 24 2020,4336
Tue Aug 25 2020,4339
Wed Aug 26 2020,4353
Thu Aug 27 2020,4357
Fri Aug 28 2020,4359
Sat Aug 29 2020,4366
Sun Aug 30 2020,4363
Mon Aug 31 2020,4352
Tue Sep 01 2020,4346
Wed Sep 02 2020,4343
Thu Sep 03 2020,4341
Fri Sep 04 2020,4342
Sat Sep 05 2020,4343
Sun Sep 06 2020,4345
Mon Sep 07 2020,4347
Tue Sep 08 2020,4344
Wed Sep 09 2020,4345
Thu Sep 10 2020,4348
Fri Sep 11 2020,4351
Sat Sep 12 2020,4349
Sun Sep 13 2020,4349
Mon Sep 14 2020,4355
Tue Sep 15 2020,4354
Wed Sep 16 2020,4355
Thu Sep 17 2020,4357
Fri Sep 18 2020,4365
Sat Sep 19 2020,4365
Sun Sep 20 2020,4365
Mon Sep 21 2020,4371
Tue Sep 22 2020,4366
Wed Sep 23 2020,4364
Thu Sep 24 2020,4361
Fri Sep 25 2020,4365
Sat Sep 26 2020,4360
Sun Sep 27 2020,4366
Mon Sep 28 2020,4366
Tue Sep 29 2020,4369
Wed Sep 30 2020,4368
Thu Oct 01 2020,4348
Fri Oct 02 2020,4344
Sat Oct 03 2020,4353
Sun Oct 04 2020,4373
Mon Oct 05 2020,4376
Tue Oct 06 2020,4325
Wed Oct 07 2020,4328
Thu Oct 08 2020,4318
Fri Oct 09 2020,4326
Sat Oct 10 2020,4314
Sun Oct 11 2020,4311
Mon Oct 12 2020,4351
Tue Oct 13 2020,4353
Wed Oct 14 2020,4361
Thu Oct 15 2020,4368
Fri Oct 16 2020,4373
Sat Oct 17 2020,4374
Sun Oct 18 2020,4381
Mon Oct 19 2020,4388
Tue Oct 20 2020,4386
Wed Oct 21 2020,4377
Thu Oct 22 2020,4375
Fri Oct 23 2020,4389
Sat Oct 24 2020,4360
Sun Oct 25 2020,4369
Mon Oct 26 2020,4371
Tue Oct 27 2020,4348
Wed Oct 28 2020,4378
Thu Oct 29 2020,4366
Fri Oct 30 2020,4379
Sat Oct 31 2020,4388
Sun Nov 01 2020,4387
Mon Nov 02 2020,4393
Tue Nov 03 2020,4392
Wed Nov 04 2020,4395
Thu Nov 05 2020,4401
Fri Nov 06 2020,4403
Sat Nov 07 2020,4400
Sun Nov 08 2020,4411
Mon Nov 09 2020,4436
Tue Nov 10 2020,4434
Wed Nov 11 2020,4438
Thu Nov 12 2020,4439
Fri Nov 13 2020,4476
Sat Nov 14 2020,4474
Sun Nov 15 2020,4476
Mon Nov 16 2020,4476
Tue Nov 17 2020,4466
Wed Nov 18 2020,4448
Thu Nov 19 2020,4450
Fri Nov 20 2020,4453
Sat Nov 21 2020,4460
Sun Nov 22 2020,4453
Mon Nov 23 2020,4445
Tue Nov 24 2020,4448
Wed Nov 25 2020,4445
Thu Nov 26 2020,4440
Fri Nov 27 2020,4438
Sat Nov 28 2020,4401
Sun Nov 29 2020,4392
Mon Nov 30 2020,4399
Tue Dec 01 2020,4397
Wed Dec 02 2020,4392
Thu Dec 03 2020,4391
Fri Dec 04 2020,4392
Sat Dec 05 2020,4394
Sun Dec 06 2020,4395
Mon Dec 07 2020,4416
Tue Dec 08 2020,4408
Wed Dec 09 2020,4408
Thu Dec 10 2020,4410
Fri Dec 11 2020,4392
Sat Dec 12 2020,4403
Sun Dec 13 2020,4401
Mon Dec 14 2020,4406
Tue Dec 15 2020,4404
Wed Dec 16 2020,4421
Thu Dec 17 2020,4423
Fri Dec 18 2020,4419
Sat Dec 19 2020,4422
Sun Dec 20 2020,4441
Mon Dec 21 2020,4430
Tue Dec 22 2020,4456
Wed Dec 23 2020,4457
Thu Dec 24 2020,4462
Fri Dec 25 2020,4459
Sat Dec 26 2020,4461
Sun Dec 27 2020,4462
Mon Dec 28 2020,4476
Tue Dec 29 2020,4491
Wed Dec 30 2020,4487
Thu Dec 31 2020,4490
Fri Jan 01 2021,4490
Sat Jan 02 2021,4493
Sun Jan 03 2021,4489
Mon Jan 04 2021,4493
Tue Jan 05 2021,4501
Wed Jan 06 2021,4494
Thu Jan 07 2021,4494
Fri Jan 08 2021,4496
Sat Jan 09 2021,4491
Sun Jan 10 2021,4494
Mon Jan 11 2021,4490
Tue Jan 12 2021,4486
Wed Jan 13 2021,4494
Thu Jan 14 2021,4490
Fri Jan 15 2021,4503
Sat Jan 16 2021,4513
Sun Jan 17 2021,4512
Mon Jan 18 2021,4508
Tue Jan 19 2021,4502
Wed Jan 20 2021,4497
Thu Jan 21 2021,4494
Fri Jan 22 2021,4492
Sat Jan 23 2021,4508
Sun Jan 24 2021,4508
Mon Jan 25 2021,4512
Tue Jan 26 2021,4526
Wed Jan 27 2021,4536
Thu Jan 28 2021,4539
Fri Jan 29 2021,4548
Sat Jan 30 2021,4544
Sun Jan 31 2021,4546
Mon Feb 01 2021,4532
Tue Feb 02 2021,4534
Wed Feb 03 2021,4537
Thu Feb 04 2021,4542
Fri Feb 05 2021,4541
Sat Feb 06 2021,4529
Sun Feb 07 2021,4529
Mon Feb 08 2021,4527
Tue Feb 09 2021,4536
Wed Feb 10 2021,4546
Thu Feb 11 2021,4544
Fri Feb 12 2021,4528
Sat Feb 13 2021,4525
Sun Feb 14 2021,4532
Mon Feb 15 2021,4524
Tue Feb 16 2021,4529
Wed Feb 17 2021,4538
Thu Feb 18 2021,4543
Fri Feb 19 2021,4542
Sat Feb 20 2021,4533
Sun Feb 21 2021,4525
Mon Feb 22 2021,4531
Tue Feb 23 2021,4555
Wed Feb 24 2021,4544
Thu Feb 25 2021,4538
Fri Feb 26 2021,4533
Sat Feb 27 2021,4542
Sun Feb 28 2021,4527
Mon Mar 01 2021,4537
Tue Mar 02 2021,4538
Wed Mar 03 2021,4536
Thu Mar 04 2021,4538
Fri Mar 05 2021,4549
Sat Mar 06 2021,4558
Sun Mar 07 2021,4558
Mon Mar 08 2021,4564
Tue Mar 09 2021,4559
Wed Mar 10 2021,4559
Thu Mar 11 2021,4563
Fri Mar 12 2021,4548
Sat Mar 13 2021,4549
Sun Mar 14 2021,4555
Mon Mar 15 2021,4571
Tue Mar 16 2021,4574
Wed Mar 17 2021,4573
Thu Mar 18 2021,4559
Fri Mar 19 2021,4549
Sat Mar 20 2021,4546
Sun Mar 21 2021,4535
Mon Mar 22 2021,4540
Tue Mar 23 2021,4533
Wed Mar 24 2021,4551
Thu Mar 25 2021,4563
Fri Mar 26 2021,4565
Sat Mar 27 2021,4568
Sun Mar 28 2021,4559
Mon Mar 29 2021,4569
Tue Mar 30 2021,4550
Wed Mar 31 2021,4554
Thu Apr 01 2021,4551
Fri Apr 02 2021,4553
Sat Apr 03 2021,4554
Sun Apr 04 2021,4552
Mon Apr 05 2021,4547
Tue Apr 06 2021,4544
Wed Apr 07 2021,4549
Thu Apr 08 2021,4561
Fri Apr 09 2021,4559
Sat Apr 10 2021,4555
Sun Apr 11 2021,4555
Mon Apr 12 2021,4553
Tue Apr 13 2021,4558
Wed Apr 14 2021,4553
Thu Apr 15 2021,4549
Fri Apr 16 2021,4555
Sat Apr 17 2021,4553
Sun Apr 18 2021,4548
Mon Apr 19 2021,4549
Tue Apr 20 2021,4559
Wed Apr 21 2021,4561
Thu Apr 22 2021,4558
Fri Apr 23 2021,4564
Sat Apr 24 2021,4571
Sun Apr 25 2021,4565
Mon Apr 26 2021,4573
Tue Apr 27 2021,4585
Wed Apr 28 2021,4588
Thu Apr 29 2021,4583
Fri Apr 30 2021,4603
Sat May 01 2021,4608
Sun May 02 2021,4611
Mon May 03 2021,4613
Tue May 04 2021,4604
Wed May 05 2021,4595
Thu May 06 2021,4598
Fri May 07 2021,4606
Sat May 08 2021,4616
Sun May 09 2021,4621
Mon May 10 2021,4609
Tue May 11 2021,4611
Wed May 12 2021,4607
Thu May 13 2021,4613
Fri May 14 2021,4639
Sat May 15 2021,4650
Sun May 16 2021,4664
Mon May 17 2021,4677
Tue May 18 2021,4669
Wed May 19 2021,4670
Thu May 20 2021,4676
Fri May 21 2021,4682
Sat May 22 2021,4685
Sun May 23 2021,4678
Mon May 24 2021,4669
Tue May 25 2021,4658
Wed May 26 2021,4657
Thu May 27 2021,4647
Fri May 28 2021,4653
Sat May 29 2021,4710
Sun May 30 2021,4706
Mon May 31 2021,4706
Tue Jun 01 2021,4709
Wed Jun 02 2021,4777
Thu Jun 03 2021,4789
Fri Jun 04 2021,4792
Sat Jun 05 2021,4782
Sun Jun 06 2021,4779
Mon Jun 07 2021,4788
Tue Jun 08 2021,4804
Wed Jun 09 2021,4804
Thu Jun 10 2021,4799
Fri Jun 11 2021,4809
Sat Jun 12 2021,4806
Sun Jun 13 2021,4803
Mon Jun 14 2021,4800
Tue Jun 15 2021,4807
Wed Jun 16 2021,4811
Thu Jun 17 2021,4811
Fri Jun 18 2021,4806
Sat Jun 19 2021,4807
Sun Jun 20 2021,4803
Mon Jun 21 2021,4800
Tue Jun 22 2021,4806
Wed Jun 23 2021,4810
Thu Jun 24 2021,4814
Fri Jun 25 2021,4797
Sat Jun 26 2021,4799
Sun Jun 27 2021,4802
Mon Jun 28 2021,4798
Tue Jun 29 2021,4791
Wed Jun 30 2021,4753
Thu Jul 01 2021,4761
Fri Jul 02 2021,4770
Sat Jul 03 2021,4770
Sun Jul 04 2021,4761
Mon Jul 05 2021,4760
Tue Jul 06 2021,4755
Wed Jul 07 2021,4759
Thu Jul 08 2021,4758
Fri Jul 09 2021,4751
Sat Jul 10 2021,4755
Sun Jul 11 2021,4758
Mon Jul 12 2021,4774
Tue Jul 13 2021,4773
Wed Jul 14 2021,4771
Thu Jul 15 2021,4766
Fri Jul 16 2021,4766
Sat Jul 17 2021,4752
Sun Jul 18 2021,4758
Mon Jul 19 2021,4755
Tue Jul 20 2021,4767
Wed Jul 21 2021,4757
Thu Jul 22 2021,4761
Fri Jul 23 2021,4750
Sat Jul 24 2021,4743
Sun Jul 25 2021,4741
Mon Jul 26 2021,4740
Tue Jul 27 2021,4732
Wed Jul 28 2021,4745
Thu Jul 29 2021,4721
Fri Jul 30 2021,4721
Sat Jul 31 2021,4720
Sun Aug 01 2021,4717
Mon Aug 02 2021,4715
Tue Aug 03 2021,4709
Wed Aug 04 2021,4692
Thu Aug 05 2021,4693
Fri Aug 06 2021,4707
Sat Aug 07 2021,4711
Sun Aug 08 2021,4713
Mon Aug 09 2021,4717
Tue Aug 10 2021,4712
Wed Aug 11 2021,4707
Thu Aug 12 2021,4707
Fri Aug 13 2021,4707
Sat Aug 14 2021,4708
Sun Aug 15 2021,4709
Mon Aug 16 2021,4702
Tue Aug 17 2021,4695
Wed Aug 18 2021,4688
Thu Aug 19 2021,4688
Fri Aug 20 2021,4648
Sat Aug 21 2021,4644
Sun Aug 22 2021,4644
Mon Aug 23 2021,4648
Tue Aug 24 2021,4656
Wed Aug 25 2021,4653
Thu Aug 26 2021,4675
Fri Aug 27 2021,4671
Sat Aug 28 2021,4671
Sun Aug 29 2021,4666
Mon Aug 30 2021,4673
Tue Aug 31 2021,4672
Wed Sep 01 2021,4673
Thu Sep 02 2021,4675
Fri Sep 03 2021,4672
Sat Sep 04 2021,4670
Sun Sep 05 2021,4672
Mon Sep 06 2021,4672
Tue Sep 07 2021,4677
Wed Sep 08 2021,4675
Thu Sep 09 2021,4675
Fri Sep 10 2021,4681
Sat Sep 11 2021,4685
Sun Sep 12 2021,4688
Mon Sep 13 2021,4686
Tue Sep 14 2021,4700
Wed Sep 15 2021,4702
Thu Sep 16 2021,4700
Fri Sep 17 2021,4699
Sat Sep 18 2021,4659
Sun Sep 19 2021,4659
Mon Sep 20 2021,4662
Tue Sep 21 2021,4678
Wed Sep 22 2021,4681
Thu Sep 23 2021,4685
Fri Sep 24 2021,4686
Sat Sep 25 2021,4682
Sun Sep 26 2021,4684
Mon Sep 27 2021,4682
Tue Sep 28 2021,4691
Wed Sep 29 2021,4689
Thu Sep 30 2021,4682
Fri Oct 01 2021,4682
Sat Oct 02 2021,4684
Sun Oct 03 2021,4684
Mon Oct 04 2021,4686
Tue Oct 05 2021,4688
Wed Oct 06 2021,4688
Thu Oct 07 2021,4688
Fri Oct 08 2021,4668
Sat Oct 09 2021,4665
Sun Oct 10 2021,4665
Mon Oct 11 2021,4660
Tue Oct 12 2021,4656
Wed Oct 13 2021,4647
Thu Oct 14 2021,4647
Fri Oct 15 2021,4654
Sat Oct 16 2021,4650
Sun Oct 17 2021,4649
Mon Oct 18 2021,4652
Tue Oct 19 2021,4656
Wed Oct 20 2021,4657
Thu Oct 21 2021,4663
Fri Oct 22 2021,4670
Sat Oct 23 2021,4671
Sun Oct 24 2021,4680
Mon Oct 25 2021,4678
Tue Oct 26 2021,4687
Wed Oct 27 2021,4682
Thu Oct 28 2021,4682
Fri Oct 29 2021,4696
Sat Oct 30 2021,4693
Sun Oct 31 2021,4689
Mon Nov 01 2021,4693
Tue Nov 02 2021,4684
Wed Nov 03 2021,4688
Thu Nov 04 2021,4686
Fri Nov 05 2021,4685
Sat Nov 06 2021,4682
Sun Nov 07 2021,4749
Mon Nov 08 2021,4746
Tue Nov 09 2021,4757
Wed Nov 10 2021,4754
Thu Nov 11 2021,4761
Fri Nov 12 2021,4762
Sat Nov 13 2021,4859
Sun Nov 14 2021,4855
Mon Nov 15 2021,4848
Tue Nov 16 2021,4848
Wed Nov 17 2021,4843
Thu Nov 18 2021,4829
Fri Nov 19 2021,4824
Sat Nov 20 2021,4824
Sun Nov 21 2021,4824
Mon Nov 22 2021,4825
Tue Nov 23 2021,4825
Wed Nov 24 2021,4824
Thu Nov 25 2021,4826
Fri Nov 26 2021,4835
Sat Nov 27 2021,4831
Sun Nov 28 2021,4829
Mon Nov 29 2021,4776
Tue Nov 30 2021,4850
Wed Dec 01 2021,4840
Thu Dec 02 2021,4838
Fri Dec 03 2021,4841
Sat Dec 04 2021,4839
Sun Dec 05 2021,4824
Mon Dec 06 2021,4818
Tue Dec 07 2021,4831
Wed Dec 08 2021,4831
Thu Dec 09 2021,4837
Fri Dec 10 2021,4842
Sat Dec 11 2021,4850
Sun Dec 12 2021,4850
Mon Dec 13 2021,4844
Tue Dec 14 2021,4835
Wed Dec 15 2021,4835
Thu Dec 16 2021,4826
Fri Dec 17 2021,4785
Sat Dec 18 2021,4807
Sun Dec 19 2021,4812
Mon Dec 20 2021,4814
Tue Dec 21 2021,4825
Wed Dec 22 2021,4827
Thu Dec 23 2021,4820
Fri Dec 24 2021,4815
Sat Dec 25 2021,4815
Sun Dec 26 2021,4816
Mon Dec 27 2021,4785
Tue Dec 28 2021,4786
Wed Dec 29 2021,4787
Thu Dec 30 2021,4787
Fri Dec 31 2021,4787
Sat Jan 01 2022,4787
Sun Jan 02 2022,4787
Mon Jan 03 2022,4792
Tue Jan 04 2022,4796
Wed Jan 05 2022,4791
Thu Jan 06 2022,4791
Fri Jan 07 2022,4790
Sat Jan 08 2022,4788
Sun Jan 09 2022,4786
Mon Jan 10 2022,4796
Tue Jan 11 2022,4803
Wed Jan 12 2022,4802
Thu Jan 13 2022,4792
Fri Jan 14 2022,4794
Sat Jan 15 2022,4797
Sun Jan 16 2022,4802
Mon Jan 17 2022,4797
Tue Jan 18 2022,4794
Wed Jan 19 2022,4800
Thu Jan 20 2022,4805
Fri Jan 21 2022,4806
Sat Jan 22 2022,4811
Sun Jan 23 2022,4808
Mon Jan 24 2022,4809
Tue Jan 25 2022,4807
Wed Jan 26 2022,4801
Thu Jan 27 2022,4807
Fri Jan 28 2022,4808
Sat Jan 29 2022,4807
Sun Jan 30 2022,4814
Mon Jan 31 2022,4822
Tue Feb 01 2022,4822
Wed Feb 02 2022,4816
Thu Feb 03 2022,4817
Fri Feb 04 2022,4829
Sat Feb 05 2022,4829
Sun Feb 06 2022,4826
Mon Feb 07 2022,4824
Tue Feb 08 2022,4823
Wed Feb 09 2022,4825
Thu Feb 10 2022,4820
Fri Feb 11 2022,4815
Sat Feb 12 2022,4812
Sun Feb 13 2022,4807
Mon Feb 14 2022,4817
Tue Feb 15 2022,4819
Wed Feb 16 2022,4819
Thu Feb 17 2022,4825
Fri Feb 18 2022,4829
Sat Feb 19 2022,4831
Sun Feb 20 2022,4829
Mon Feb 21 2022,4836
Tue Feb 22 2022,4838
Wed Feb 23 2022,4840
Thu Feb 24 2022,4837
Fri Feb 25 2022,4831
Sat Feb 26 2022,4840
Sun Feb 27 2022,4842
Mon Feb 28 2022,4844
Tue Mar 01 2022,4840
Wed Mar 02 2022,4818
Thu Mar 03 2022,4822
Fri Mar 04 2022,4806
Sat Mar 05 2022,4806
Sun Mar 06 2022,4795
Mon Mar 07 2022,4796
Tue Mar 08 2022,4803
Wed Mar 09 2022,4801
Thu Mar 10 2022,4802
Fri Mar 11 2022,4800
Sat Mar 12 2022,4807
Sun Mar 13 2022,4808
Mon Mar 14 2022,4812
Tue Mar 15 2022,4816
Wed Mar 16 2022,4812
Thu Mar 17 2022,4816
Fri Mar 18 2022,4815
Sat Mar 19 2022,4810
Sun Mar 20 2022,4818
Mon Mar 21 2022,4806
Tue Mar 22 2022,4808
Wed Mar 23 2022,4809
Thu Mar 24 2022,4808
Fri Mar 25 2022,4799
Sat Mar 26 2022,4789
Sun Mar 27 2022,4788
Mon Mar 28 2022,4778
Tue Mar 29 2022,4770
Wed Mar 30 2022,4762
Thu Mar 31 2022,4758
Fri Apr 01 2022,4763
Sat Apr 02 2022,4762
Sun Apr 03 2022,4757
Mon Apr 04 2022,4751
Tue Apr 05 2022,4759
Wed Apr 06 2022,4767
Thu Apr 07 2022,4770
Fri Apr 08 2022,4768
Sat Apr 09 2022,4758
Sun Apr 10 2022,4755
Mon Apr 11 2022,4750
Tue Apr 12 2022,4742
Wed Apr 13 2022,4743
Thu Apr 14 2022,4741
Fri Apr 15 2022,4736
Sat Apr 16 2022,4731
Sun Apr 17 2022,4718
Mon Apr 18 2022,4708
Tue Apr 19 2022,4709
Wed Apr 20 2022,4702
Thu Apr 21 2022,4696
Fri Apr 22 2022,4698
Sat Apr 23 2022,4697
Sun Apr 24 2022,4699
Mon Apr 25 2022,4701
Tue Apr 26 2022,4689
Wed Apr 27 2022,4710
Thu Apr 28 2022,4694
Fri Apr 29 2022,4690
Sat Apr 30 2022,4688
Sun May 01 2022,4710
Mon May 02 2022,4709
Tue May 03 2022,4704
Wed May 04 2022,4700
Thu May 05 2022,4698
Fri May 06 2022,4679
Sat May 07 2022,4676
Sun May 08 2022,4678
Mon May 09 2022,4671
Tue May 10 2022,4677
Wed May 11 2022,4676
Thu May 12 2022,4678
Fri May 13 2022,4667
Sat May 14 2022,4666
Sun May 15 2022,4674
Mon May 16 2022,4670
Tue May 17 2022,4656
Wed May 18 2022,4652
Thu May 19 2022,4655
Fri May 20 2022,4652
Sat May 21 2022,4654
Sun May 22 2022,4650
Mon May 23 2022,4654
Tue May 24 2022,4658
Wed May 25 2022,4653
Thu May 26 2022,4650
Fri May 27 2022,4638
Sat May 28 2022,4628
Sun May 29 2022,4631
Mon May 30 2022,4632
Tue May 31 2022,4623
Wed Jun 01 2022,4626
Thu Jun 02 2022,4636
Fri Jun 03 2022,4616
Sat Jun 04 2022,4605
Sun Jun 05 2022,4615
Mon Jun 06 2022,4605
Tue Jun 07 2022,4604
Wed Jun 08 2022,4604
Thu Jun 09 2022,4614
Fri Jun 10 2022,4609
Sat Jun 11 2022,4607
Sun Jun 12 2022,4610
Mon Jun 13 2022,4612
Tue Jun 14 2022,4601
Wed Jun 15 2022,4601
Thu Jun 16 2022,4602
Fri Jun 17 2022,4599
Sat Jun 18 2022,4592
Sun Jun 19 2022,4580
Mon Jun 20 2022,4572
Tue Jun 21 2022,4568
Wed Jun 22 2022,4556
Thu Jun 23 2022,4557
Fri Jun 24 2022,4544
Sat Jun 25 2022,4533
Sun Jun 26 2022,4535
Mon Jun 27 2022,4521
Tue Jun 28 2022,4503
Wed Jun 29 2022,4504
Thu Jun 30 2022,4490
Fri Jul 01 2022,4497
Sat Jul 02 2022,4496
Sun Jul 03 2022,4495
Mon Jul 04 2022,4497
Tue Jul 05 2022,4488
Wed Jul 06 2022,4491
Thu Jul 07 2022,4498
Fri Jul 08 2022,4485
Sat Jul 09 2022,4485
Sun Jul 10 2022,4488
Mon Jul 11 2022,4480
Tue Jul 12 2022,4478
Wed Jul 13 2022,4468
Thu Jul 14 2022,4471
Fri Jul 15 2022,4461
Sat Jul 16 2022,4459
Sun Jul 17 2022,4456
Mon Jul 18 2022,4451
Tue Jul 19 2022,4443
Wed Jul 20 2022,4433
Thu Jul 21 2022,4430
Fri Jul 22 2022,4428
Sat Jul 23 2022,4416
Sun Jul 24 2022,4411
Mon Jul 25 2022,4404
Tue Jul 26 2022,4407
Wed Jul 27 2022,4410
Thu Jul 28 2022,4409
Fri Jul 29 2022,4411
Sat Jul 30 2022,4402
Sun Jul 31 2022,4400
Mon Aug 01 2022,4398
Tue Aug 02 2022,4392
Wed Aug 03 2022,4386
Thu Aug 04 2022,4391
Fri Aug 05 2022,4390
Sat Aug 06 2022,4393
Sun Aug 07 2022,4397
Mon Aug 08 2022,4393
Tue Aug 09 2022,4395
Wed Aug 10 2022,4391
Thu Aug 11 2022,4391
Fri Aug 12 2022,4390
Sat Aug 13 2022,4392
Sun Aug 14 2022,4387
Mon Aug 15 2022,4383
Tue Aug 16 2022,4387
Wed Aug 17 2022,4378
Thu Aug 18 2022,4377
Fri Aug 19 2022,4371
Sat Aug 20 2022,4375
Sun Aug 21 2022,4359
Mon Aug 22 2022,4356
Tue Aug 23 2022,4340
Wed Aug 24 2022,4342
Thu Aug 25 2022,4342
Fri Aug 26 2022,4350
Sat Aug 27 2022,4351
Sun Aug 28 2022,4344
Mon Aug 29 2022,4345
Tue Aug 30 2022,4338
Wed Aug 31 2022,4339
Thu Sep 01 2022,4335
Fri Sep 02 2022,4332
Sat Sep 03 2022,4333
Sun Sep 04 2022,4341
Mon Sep 05 2022,4342
Tue Sep 06 2022,4343
Wed Sep 07 2022,4342
Thu Sep 08 2022,4341
Fri Sep 09 2022,4341
Sat Sep 10 2022,4338
Sun Sep 11 2022,4339
Mon Sep 12 2022,4334
Tue Sep 13 2022,4331
Wed Sep 14 2022,4326
Thu Sep 15 2022,4319
Fri Sep 16 2022,4321
Sat Sep 17 2022,4324
Sun Sep 18 2022,4316
Mon Sep 19 2022,4312
Tue Sep 20 2022,4305
Wed Sep 21 2022,4301
Thu Sep 22 2022,4297
Fri Sep 23 2022,4297
Sat Sep 24 2022,4301
Sun Sep 25 2022,4305
Mon Sep 26 2022,4292
Tue Sep 27 2022,4280
Wed Sep 28 2022,4275
Thu Sep 29 2022,4275
Fri Sep 30 2022,4281
Sat Oct 01 2022,4278
Sun Oct 02 2022,4275
Mon Oct 03 2022,4273
Tue Oct 04 2022,4245
Wed Oct 05 2022,4244
Thu Oct 06 2022,4256
Fri Oct 07 2022,4239
Sat Oct 08 2022,4231
Sun Oct 09 2022,4232
Mon Oct 10 2022,4223
Tue Oct 11 2022,4226
Wed Oct 12 2022,4227
Thu Oct 13 2022,4225
Fri Oct 14 2022,4224
Sat Oct 15 2022,4221
Sun Oct 16 2022,4231
Mon Oct 17 2022,4215
Tue Oct 18 2022,4209
Wed Oct 19 2022,4213
Thu Oct 20 2022,4202
Fri Oct 21 2022,4193
Sat Oct 22 2022,4199
Sun Oct 23 2022,4203
Mon Oct 24 2022,4205
Tue Oct 25 2022,4195
Wed Oct 26 2022,4185
Thu Oct 27 2022,4187
Fri Oct 28 2022,4199
Sat Oct 29 2022,4199
Sun Oct 30 2022,4175
Mon Oct 31 2022,4173
Tue Nov 01 2022,4171
Wed Nov 02 2022,4172
Thu Nov 03 2022,4177
Fri Nov 04 2022,4176
Sat Nov 05 2022,4170
Sun Nov 06 2022,4167
Mon Nov 07 2022,4162
Tue Nov 08 2022,4165
Wed Nov 09 2022,4168
Thu Nov 10 2022,4176
Fri Nov 11 2022,4174
Sat Nov 12 2022,4189
Sun Nov 13 2022,4185
Mon Nov 14 2022,4170
Tue Nov 15 2022,4179
Wed Nov 16 2022,4183
Thu Nov 17 2022,4184
Fri Nov 18 2022,4191
Sat Nov 19 2022,4179
Sun Nov 20 2022,4181
Mon Nov 21 2022,4180
Tue Nov 22 2022,4190
Wed Nov 23 2022,4191
Thu Nov 24 2022,4190
Fri Nov 25 2022,4195
Sat Nov 26 2022,4208
Sun Nov 27 2022,4208
Mon Nov 28 2022,4198
Tue Nov 29 2022,4212
Wed Nov 30 2022,4210
Thu Dec 01 2022,4223
Fri Dec 02 2022,4233
Sat Dec 03 2022,4232
Sun Dec 04 2022,4237
Mon Dec 05 2022,4234
Tue Dec 06 2022,4229
Wed Dec 07 2022,4239
Thu Dec 08 2022,4230
Fri Dec 09 2022,4223
Sat Dec 10 2022,4227
Sun Dec 11 2022,4238
Mon Dec 12 2022,4231
Tue Dec 13 2022,4234
Wed Dec 14 2022,4231
Thu Dec 15 2022,4227
Fri Dec 16 2022,4211
Sat Dec 17 2022,4215
Sun Dec 18 2022,4215
Mon Dec 19 2022,4218
Tue Dec 20 2022,4211
Wed Dec 21 2022,4210
Thu Dec 22 2022,4212
Fri Dec 23 2022,4211
Sat Dec 24 2022,4206
Sun Dec 25 2022,4197
Mon Dec 26 2022,4196
Tue Dec 27 2022,4188
Wed Dec 28 2022,4195
Thu Dec 29 2022,4193
Fri Dec 30 2022,4203
Sat Dec 31 2022,4198
Sun Jan 01 2023,4198
Mon Jan 02 2023,4192
Tue Jan 03 2023,4193
Wed Jan 04 2023,4199
Thu Jan 05 2023,4205
Fri Jan 06 2023,4204
Sat Jan 07 2023,4209
Sun Jan 08 2023,4235
Mon Jan 09 2023,4234
Tue Jan 10 2023,4235
Wed Jan 11 2023,4229
Thu Jan 12 2023,4231
Fri Jan 13 2023,4251
Sat Jan 14 2023,4253
Sun Jan 15 2023,4255
Mon Jan 16 2023,4255
Tue Jan 17 2023,4249
Wed Jan 18 2023,4250
Thu Jan 19 2023,4251
Fri Jan 20 2023,4250
Sat Jan 21 2023,4250
Sun Jan 22 2023,4258
Mon Jan 23 2023,4263
Tue Jan 24 2023,4259
Wed Jan 25 2023,4261
Thu Jan 26 2023,4260
Fri Jan 27 2023,4264
Sat Jan 28 2023,4266
Sun Jan 29 2023,4256
Mon Jan 30 2023,4252
Tue Jan 31 2023,4251
Wed Feb 01 2023,4252
Thu Feb 02 2023,4267
Fri Feb 03 2023,4266
Sat Feb 04 2023,4264
Sun Feb 05 2023,4270
Mon Feb 06 2023,4269
Tue Feb 07 2023,4267
Wed Feb 08 2023,4263
Thu Feb 09 2023,4264
Fri Feb 10 2023,4264
Sat Feb 11 2023,4272
Sun Feb 12 2023,4265
Mon Feb 13 2023,4263
Tue Feb 14 2023,4257
Wed Feb 15 2023,4250
Thu Feb 16 2023,4249
Fri Feb 17 2023,4253
Sat Feb 18 2023,4247
Sun Feb 19 2023,4250
Mon Feb 20 2023,4247
Tue Feb 21 2023,4242
Wed Feb 22 2023,4241
Thu Feb 23 2023,4241
Fri Feb 24 2023,4242
Sat Feb 25 2023,4243
Sun Feb 26 2023,4245
Mon Feb 27 2023,4248
Tue Feb 28 2023,4234
Wed Mar 01 2023,4224
Thu Mar 02 2023,4222
Fri Mar 03 2023,4223
Sat Mar 04 2023,4212
Sun Mar 05 2023,4214
Mon Mar 06 2023,4213
Tue Mar 07 2023,4218
Wed Mar 08 2023,4220
Thu Mar 09 2023,4211
Fri Mar 10 2023,4209
Sat Mar 11 2023,4212
Sun Mar 12 2023,4201
Mon Mar 13 2023,4199
Tue Mar 14 2023,4197
Wed Mar 15 2023,4193
Thu Mar 16 2023,4191
Fri Mar 17 2023,4178
Sat Mar 18 2023,4171
Sun Mar 19 2023,4173
Mon Mar 20 2023,4178
Tue Mar 21 2023,4173
Wed Mar 22 2023,4177
Thu Mar 23 2023,4190
Fri Mar 24 2023,4191
Sat Mar 25 2023,4198
Sun Mar 26 2023,4198
Mon Mar 27 2023,4200
Tue Mar 28 2023,4207
Wed Mar 29 2023,4206
Thu Mar 30 2023,4210
Fri Mar 31 2023,4206
Sat Apr 01 2023,4215
Sun Apr 02 2023,4218
Mon Apr 03 2023,4218
Tue Apr 04 2023,4209
Wed Apr 05 2023,4216
Thu Apr 06 2023,4209
Fri Apr 07 2023,4208
Sat Apr 08 2023,4213
Sun Apr 09 2023,4212
Mon Apr 10 2023,4216
Tue Apr 11 2023,4220
Wed Apr 12 2023,4225
Thu Apr 13 2023,4228
Fri Apr 14 2023,4227
Sat Apr 15 2023,4224
Sun Apr 16 2023,4227
Mon Apr 17 2023,4227
Tue Apr 18 2023,4224
Wed Apr 19 2023,4228
Thu Apr 20 2023,4230
Fri Apr 21 2023,4240
Sat Apr 22 2023,4235
Sun Apr 23 2023,4239
Mon Apr 24 2023,4243
Tue Apr 25 2023,4243
Wed Apr 26 2023,4246
Thu Apr 27 2023,4240
Fri Apr 28 2023,4236
Sat Apr 29 2023,4235
Sun Apr 30 2023,4233
Mon May 01 2023,4221
Tue May 02 2023,4225
Wed May 03 2023,4223
Thu May 04 2023,4216
Fri May 05 2023,4214
Sat May 06 2023,4212
Sun May 07 2023,4208
Mon May 08 2023,4212
Tue May 09 2023,4218
Wed May 10 2023,4217
Thu May 11 2023,4214
Fri May 12 2023,4215
Sat May 13 2023,4210
Sun May 14 2023,4214
Mon May 15 2023,4212
Tue May 16 2023,4201
Wed May 17 2023,4193
Thu May 18 2023,4199
Fri May 19 2023,4208
Sat May 20 2023,4209
Sun May 21 2023,4207
Mon May 22 2023,4213
Tue May 23 2023,4212
Wed May 24 2023,4210
Thu May 25 2023,4208
Fri May 26 2023,4208
Sat May 27 2023,4206
Sun May 28 2023,4206
Mon May 29 2023,4208
Tue May 30 2023,4209
Wed May 31 2023,4203
Thu Jun 01 2023,4208
Fri Jun 02 2023,4209
Sat Jun 03 2023,4215
Sun Jun 04 2023,4204
Mon Jun 05 2023,4216
Tue Jun 06 2023,4216
Wed Jun 07 2023,4209
Thu Jun 08 2023,4209
Fri Jun 09 2023,4208
Sat Jun 10 2023,4213
Sun Jun 11 2023,4212
Mon Jun 12 2023,4212
Tue Jun 13 2023,4213
Wed Jun 14 2023,4211
Thu Jun 15 2023,4208
Fri Jun 16 2023,4203
Sat Jun 17 2023,4203
Sun Jun 18 2023,4202
Mon Jun 19 2023,4199
Tue Jun 20 2023,4204
Wed Jun 21 2023,4192
Thu Jun 22 2023,4196
Fri Jun 23 2023,4191
Sat Jun 24 2023,4195
Sun Jun 25 2023,4197
Mon Jun 26 2023,4195
Tue Jun 27 2023,4184
Wed Jun 28 2023,4174
Thu Jun 29 2023,4181
Fri Jun 30 2023,4180
Sat Jul 01 2023,4177
Sun Jul 02 2023,4170
Mon Jul 03 2023,4166
Tue Jul 04 2023,4161
Wed Jul 05 2023,4157
Thu Jul 06 2023,4155
Fri Jul 07 2023,4152
Sat Jul 08 2023,4148
Sun Jul 09 2023,4144
Mon Jul 10 2023,4146
Tue Jul 11 2023,4139
Wed Jul 12 2023,4149
Thu Jul 13 2023,4157
Fri Jul 14 2023,4157
Sat Jul 15 2023,4152
Sun Jul 16 2023,4150
Mon Jul 17 2023,4152
Tue Jul 18 2023,4159
Wed Jul 19 2023,4156
Thu Jul 20 2023,4149
Fri Jul 21 2023,4138
Sat Jul 22 2023,4137
Sun Jul 23 2023,4133
Mon Jul 24 2023,4132
Tue Jul 25 2023,4126
Wed Jul 26 2023,4132
Thu Jul 27 2023,4137
Fri Jul 28 2023,4144
Sat Jul 29 2023,4146
Sun Jul 30 2023,4156
Mon Jul 31 2023,4149
Tue Aug 01 2023,4142
Wed Aug 02 2023,4129
Thu Aug 03 2023,4139
Fri Aug 04 2023,4135
Sat Aug 05 2023,4134
Sun Aug 06 2023,4140
Mon Aug 07 2023,4136
Tue Aug 08 2023,4133
Wed Aug 09 2023,4126
Thu Aug 10 2023,4120
Fri Aug 11 2023,4107
Sat Aug 12 2023,4108
Sun Aug 13 2023,4105
Mon Aug 14 2023,4103
Tue Aug 15 2023,4099
Wed Aug 16 2023,4093
Thu Aug 17 2023,4095
Fri Aug 18 2023,4082
Sat Aug 19 2023,4082
Sun Aug 20 2023,4080
Mon Aug 21 2023,4075
Tue Aug 22 2023,4072
Wed Aug 23 2023,4069
Thu Aug 24 2023,4061
Fri Aug 25 2023,4061
Sat Aug 26 2023,4061
Sun Aug 27 2023,4062
Mon Aug 28 2023,4051
Tue Aug 29 2023,4042
Wed Aug 30 2023,4035
Thu Aug 31 2023,4034
Fri Sep 01 2023,4035
Sat Sep 02 2023,4039
Sun Sep 03 2023,4039
Mon Sep 04 2023,4036
Tue Sep 05 2023,4036
Wed Sep 06 2023,4034
Thu Sep 07 2023,4034
Fri Sep 08 2023,4032
Sat Sep 09 2023,4028
Sun Sep 10 2023,4024
Mon Sep 11 2023,4024
Tue Sep 12 2023,4007
Wed Sep 13 2023,4022
Thu Sep 14 2023,4024
Fri Sep 15 2023,4022
Sat Sep 16 2023,4010
Sun Sep 17 2023,4013
Mon Sep 18 2023,4022
Tue Sep 19 2023,4022
Wed Sep 20 2023,4025
Thu Sep 21 2023,4035
Fri Sep 22 2023,4041
Sat Sep 23 2023,4035
Sun Sep 24 2023,4020
Mon Sep 25 2023,4020
Tue Sep 26 2023,4021
Wed Sep 27 2023,4021
Thu Sep 28 2023,4017
Fri Sep 29 2023,4008
Sat Sep 30 2023,4000
Sun Oct 01 2023,3992
Mon Oct 02 2023,3990
Tue Oct 03 2023,3995
Wed Oct 04 2023,3989
Thu Oct 05 2023,3985
Fri Oct 06 2023,3976
Sat Oct 07 2023,3972
Sun Oct 08 2023,3966
Mon Oct 09 2023,3973
Tue Oct 10 2023,3970
Wed Oct 11 2023,3971
Thu Oct 12 2023,3969
Fri Oct 13 2023,3977
Sat Oct 14 2023,3972
Sun Oct 15 2023,3971
Mon Oct 16 2023,3971
Tue Oct 17 2023,3962
Wed Oct 18 2023,3955
Thu Oct 19 2023,3952
Fri Oct 20 2023,3959
Sat Oct 21 2023,3949
Sun Oct 22 2023,3946
Mon Oct 23 2023,3952
Tue Oct 24 2023,3973
Wed Oct 25 2023,3973
Thu Oct 26 2023,3966
Fri Oct 27 2023,3972
Sat Oct 28 2023,3958
Sun Oct 29 2023,3953
Mon Oct 30 2023,3948
Tue Oct 31 2023,3942
Wed Nov 01 2023,3943
Thu Nov 02 2023,3943
Fri Nov 03 2023,3949
Sat Nov 04 2023,3945
Sun Nov 05 2023,3938
Mon Nov 06 2023,3932
Tue Nov 07 2023,3939
Wed Nov 08 2023,3938
Thu Nov 09 2023,3934
Fri Nov 10 2023,3933
Sat Nov 11 2023,3928
Sun Nov 12 2023,3926
Mon Nov 13 2023,3933
Tue Nov 14 2023,3930
Wed Nov 15 2023,3924
Thu Nov 16 2023,3923
Fri Nov 17 2023,3920
Sat Nov 18 2023,3920
Sun Nov 19 2023,3927
Mon Nov 20 2023,3929
Tue Nov 21 2023,3931
Wed Nov 22 2023,3938
Thu Nov 23 2023,3936
Fri Nov 24 2023,3929
Sat Nov 25 2023,3930
Sun Nov 26 2023,3923
Mon Nov 27 2023,3915
Tue Nov 28 2023,3916
