Date,Close
1971-01-04,120.529999
1971-01-11,120.440002
1971-01-18,120.309998
1971-01-25,120.239998
1971-02-01,120.260002
1971-02-08,120.290001
1971-02-15,120.18
1971-02-22,120.260002
1971-03-01,120.169998
1971-03-08,120.18
1971-03-15,120.18
1971-03-22,120.169998
1971-03-29,120.18
1971-04-05,120.220001
1971-04-12,120.230003
1971-04-19,120.269997
1971-04-26,120.190002
1971-05-03,119.440002
1971-05-10,119.339996
1971-05-17,118.910004
1971-05-24,119.43
1971-05-31,119.269997
1971-06-07,119.239998
1971-06-14,119.290001
1971-06-21,119.209999
1971-06-28,119.160004
1971-07-05,119.169998
1971-07-12,118.919998
1971-07-19,118.760002
1971-07-26,118.760002
1971-08-02,118.580002
1971-08-09,117.839996
1971-08-16,117.839996
1971-08-23,117.839996
1971-08-30,116.379997
1971-09-06,116.32
1971-09-13,115.910004
1971-09-20,114.959999
1971-09-27,114.809998
1971-10-04,114.699997
1971-10-11,114.82
1971-10-18,114.599998
1971-10-25,114.650002
1971-11-01,114.57
1971-11-08,114.589996
1971-11-15,114.370003
1971-11-22,113.93
1971-11-29,113.25
1971-12-06,112.940002
1971-12-13,112.379997
1971-12-20,111.290001
1971-12-27,111.209999
1972-01-03,111.040001
1972-01-10,110.029999
1972-01-17,110.040001
1972-01-24,109.650002
1972-01-31,109.349998
1972-02-07,108.900002
1972-02-14,108.599998
1972-02-21,108.769997
1972-02-28,108.580002
1972-03-06,107.900002
1972-03-13,109.190002
1972-03-20,108.650002
1972-03-27,108.400002
1972-04-03,108.459999
1972-04-10,108.540001
1972-04-17,108.650002
1972-04-24,108.620003
1972-05-01,108.519997
1972-05-08,108.370003
1972-05-15,108.379997
1972-05-22,108.290001
1972-05-29,108.110001
1972-06-05,108.050003
1972-06-12,108.199997
1972-06-19,108.220001
1972-06-26,108.510002
1972-07-03,108.580002
1972-07-10,108.480003
1972-07-17,108.720001
1972-07-24,108.760002
1972-07-31,108.760002
1972-08-07,108.809998
1972-08-14,108.959999
1972-08-21,108.989998
1972-08-28,108.980003
1972-09-04,108.949997
1972-09-11,109
1972-09-18,109.089996
1972-09-25,109.389999
1972-10-02,109.25
1972-10-09,109.480003
1972-10-16,109.540001
1972-10-23,109.900002
1972-10-30,109.779999
1972-11-06,109.889999
1972-11-13,109.910004
1972-11-20,109.900002
1972-11-27,109.870003
1972-12-04,110.040001
1972-12-11,110.07
1972-12-18,110.059998
1972-12-25,110.139999
1973-01-01,110.260002
1973-01-08,110.160004
1973-01-15,110.309998
1973-01-22,109.669998
1973-01-29,109.050003
1973-02-05,108.410004
1973-02-12,102.330002
1973-02-19,100.800003
1973-02-26,98.720001
1973-03-05,99.220001
1973-03-12,100.370003
1973-03-19,100.690002
1973-03-26,101.169998
1973-04-02,101.160004
1973-04-09,101.160004
1973-04-16,101.290001
1973-04-23,101.470001
1973-04-30,101.449997
1973-05-07,101.110001
1973-05-14,99.540001
1973-05-21,99.360001
1973-05-28,97.559998
1973-06-04,97.32
1973-06-11,96.949997
1973-06-18,96.07
1973-06-25,93.879997
1973-07-02,90.540001
1973-07-09,93.629997
1973-07-16,92.459999
1973-07-23,92.489998
1973-07-30,93.239998
1973-08-06,94.709999
1973-08-13,96.220001
1973-08-20,95.82
1973-08-27,95.769997
1973-09-03,95.279999
1973-09-10,95.709999
1973-09-17,94.769997
1973-09-24,94.790001
1973-10-01,94.839996
1973-10-08,94.349998
1973-10-15,94.25
1973-10-22,94.639999
1973-10-29,95.489998
1973-11-05,97.970001
1973-11-12,98.93
1973-11-19,100.900002
1973-11-26,100.349998
1973-12-03,101.019997
1973-12-10,101.269997
1973-12-17,101.720001
1973-12-24,102.400002
1973-12-31,104.349998
1974-01-07,106.029999
1974-01-14,107.260002
1974-01-21,108.620003
1974-01-28,106.209999
1974-02-04,105.910004
1974-02-11,104.730003
1974-02-18,102.190002
1974-02-25,103.690002
1974-03-04,102.690002
1974-03-11,102.190002
1974-03-18,100.540001
1974-03-25,99.510002
1974-04-01,100.099998
1974-04-08,100.589996
1974-04-15,99.919998
1974-04-22,99.019997
1974-04-29,98.800003
1974-05-06,97.470001
1974-05-13,98.190002
1974-05-20,98.699997
1974-05-27,99.769997
1974-06-03,99.269997
1974-06-10,99.980003
1974-06-17,100.510002
1974-06-24,100.160004
1974-07-01,100.239998
1974-07-08,100.370003
1974-07-15,100.199997
1974-07-22,100.120003
1974-07-29,100.629997
1974-08-05,101.330002
1974-08-12,102.32
1974-08-19,102.730003
1974-08-26,103.18
1974-09-02,103.379997
1974-09-09,103.099998
1974-09-16,102.760002
1974-09-23,102.459999
1974-09-30,101.940002
1974-10-07,101.910004
1974-10-14,101.419998
1974-10-21,101.160004
1974-10-28,101.080002
1974-11-04,100.889999
1974-11-11,100.379997
1974-11-18,100.010002
1974-11-25,99.57
1974-12-02,99.470001
1974-12-09,98.889999
1974-12-16,98.290001
1974-12-23,97.629997
1974-12-30,97.169998
1975-01-06,96.860001
1975-01-13,96.82
1975-01-20,95.07
1975-01-27,95.610001
1975-02-03,95.980003
1975-02-10,94.980003
1975-02-17,94.220001
1975-02-24,93
1975-03-03,94.089996
1975-03-10,93.989998
1975-03-17,93.860001
1975-03-24,94.870003
1975-03-31,95.360001
1975-04-07,95.629997
1975-04-14,95.540001
1975-04-21,95.620003
1975-04-28,95.440002
1975-05-05,94.93
1975-05-12,95.120003
1975-05-19,94.239998
1975-05-26,94.629997
1975-06-02,94.559998
1975-06-09,94.589996
1975-06-16,94.82
1975-06-23,95.580002
1975-06-30,96.730003
1975-07-07,97.739998
1975-07-14,99.339996
1975-07-21,100.07
1975-07-28,101.300003
1975-08-04,101.75
1975-08-11,101.68
1975-08-18,101.620003
1975-08-25,101.790001
1975-09-01,101.910004
1975-09-08,102.220001
1975-09-15,103.650002
1975-09-22,104.480003
1975-09-29,103.949997
1975-10-06,102.470001
1975-10-13,102.25
1975-10-20,101.839996
1975-10-27,101.610001
1975-11-03,101.940002
1975-11-10,102.709999
1975-11-17,102.940002
1975-11-24,103.529999
1975-12-01,103.550003
1975-12-08,103.75
1975-12-15,103.470001
1975-12-22,103.379997
1975-12-29,103.489998
1976-01-05,103.220001
1976-01-12,103.150002
1976-01-19,103.830002
1976-01-26,103.879997
1976-02-02,103.489998
1976-02-09,103.32
1976-02-16,103.68
1976-02-23,103.660004
1976-03-01,104.559998
1976-03-08,105.150002
1976-03-15,105.559998
1976-03-22,105.610001
1976-03-29,105.82
1976-04-05,106.139999
1976-04-12,106.080002
1976-04-19,106.5
1976-04-26,106.230003
1976-05-03,105.849998
1976-05-10,106.349998
1976-05-17,106.970001
1976-05-24,107.290001
1976-05-31,107.599998
1976-06-07,107.120003
1976-06-14,107.050003
1976-06-21,106.879997
1976-06-28,106.620003
1976-07-05,106.769997
1976-07-12,107.07
1976-07-19,107.199997
1976-07-26,106.559998
1976-08-02,106.709999
1976-08-09,106.699997
1976-08-16,106.349998
1976-08-23,106.169998
1976-08-30,106.010002
1976-09-06,105.870003
1976-09-13,105.449997
1976-09-20,105.650002
1976-09-27,105.82
1976-10-04,105.440002
1976-10-11,105.940002
1976-10-18,105.919998
1976-10-25,105.940002
1976-11-01,106.029999
1976-11-08,105.910004
1976-11-15,105.709999
1976-11-22,105.919998
1976-11-29,106.120003
1976-12-06,105.68
1976-12-13,105.389999
1976-12-20,104.910004
1976-12-27,104.559998
1977-01-03,104.720001
1977-01-10,105.360001
1977-01-17,105.459999
1977-01-24,106.010002
1977-01-31,105.779999
1977-02-07,105.389999
1977-02-14,105.220001
1977-02-21,105.290001
1977-02-28,105.239998
1977-03-07,105.449997
1977-03-14,105.260002
1977-03-21,105.080002
1977-03-28,104.93
1977-04-04,104.849998
1977-04-11,104.519997
1977-04-18,104.760002
1977-04-25,104.389999
1977-05-02,104.309998
1977-05-09,104.599998
1977-05-16,104.519997
1977-05-23,104.510002
1977-05-30,104.480003
1977-06-06,104.410004
1977-06-13,104.379997
1977-06-20,104.400002
1977-06-27,103.800003
1977-07-04,102.989998
1977-07-11,102.68
1977-07-18,102.019997
1977-07-25,102.860001
1977-08-01,102.660004
1977-08-08,103.510002
1977-08-15,103.489998
1977-08-22,103.110001
1977-08-29,103.769997
1977-09-05,103.809998
1977-09-12,103.910004
1977-09-19,103.809998
1977-09-26,103.209999
1977-10-03,102.599998
1977-10-10,102.040001
1977-10-17,102.110001
1977-10-24,101.57
1977-10-31,101.309998
1977-11-07,101.010002
1977-11-14,100.650002
1977-11-21,100.07
1977-11-28,99.949997
1977-12-05,99.43
1977-12-12,98.160004
1977-12-19,98.190002
1977-12-26,96.440002
1978-01-02,96.970001
1978-01-09,96.830002
1978-01-16,96.989998
1978-01-23,96.739998
1978-01-30,97.07
1978-02-06,96.959999
1978-02-13,95.779999
1978-02-20,95.940002
1978-02-27,94.760002
1978-03-06,96.099998
1978-03-13,94.790001
1978-03-20,94.790001
1978-03-27,93.839996
1978-04-03,93.669998
1978-04-10,94.160004
1978-04-17,95.809998
1978-04-24,95.620003
1978-05-01,95.540001
1978-05-08,96.459999
1978-05-15,96.900002
1978-05-22,96.580002
1978-05-29,95.25
1978-06-05,95.290001
1978-06-12,95.129997
1978-06-19,94.029999
1978-06-26,93.529999
1978-07-03,92.900002
1978-07-10,92.870003
1978-07-17,92.349998
1978-07-24,91.269997
1978-07-31,91.059998
1978-08-07,88.919998
1978-08-14,89.730003
1978-08-21,90.830002
1978-08-28,89.730003
1978-09-04,90.540001
1978-09-11,89.709999
1978-09-18,89.050003
1978-09-25,88.830002
1978-10-02,88.07
1978-10-09,86.870003
1978-10-16,85.459999
1978-10-23,83.440002
1978-10-30,87.949997
1978-11-06,87.900002
1978-11-13,89.970001
1978-11-20,90.019997
1978-11-27,90.629997
1978-12-04,89.68
1978-12-11,88.949997
1978-12-18,87.720001
1978-12-25,86.5
1979-01-01,87.489998
1979-01-08,88.040001
1979-01-15,87.620003
1979-01-22,88.129997
1979-01-29,89.25
1979-02-05,87.849998
1979-02-12,88.269997
1979-02-19,88.160004
1979-02-26,88.410004
1979-03-05,88.209999
1979-03-12,88.57
1979-03-19,88.449997
1979-03-26,88.529999
1979-04-02,89.209999
1979-04-09,89.629997
1979-04-16,89.830002
1979-04-23,89.849998
1979-04-30,90.010002
1979-05-07,90.029999
1979-05-14,90.709999
1979-05-21,90.830002
1979-05-28,90.82
1979-06-04,90.650002
1979-06-11,89.809998
1979-06-18,88.419998
1979-06-25,87.849998
1979-07-02,87.510002
1979-07-09,87.220001
1979-07-16,86.730003
1979-07-23,86.480003
1979-07-30,87.139999
1979-08-06,86.910004
1979-08-13,87.400002
1979-08-20,87.290001
1979-08-27,87.190002
1979-09-03,86.769997
1979-09-10,87.43
1979-09-17,86.220001
1979-09-24,85.449997
1979-10-01,86.18
1979-10-08,87.449997
1979-10-15,87.949997
1979-10-22,88.800003
1979-10-29,88.470001
1979-11-05,88.980003
1979-11-12,88.279999
1979-11-19,87.940002
1979-11-26,86.790001
1979-12-03,87.040001
1979-12-10,86.669998
1979-12-17,86.379997
1979-12-24,85.809998
1979-12-31,85.230003
1980-01-07,85.349998
1980-01-14,85.449997
1980-01-21,85.940002
1980-01-28,86.129997
1980-02-04,85.940002
1980-02-11,86.099998
1980-02-18,86.919998
1980-02-25,87.650002
1980-03-03,88.410004
1980-03-10,89.82
1980-03-17,91.260002
1980-03-24,92.830002
1980-03-31,94.669998
1980-04-07,91.260002
1980-04-14,90.5
1980-04-21,88.68
1980-04-28,88.900002
1980-05-05,88.010002
1980-05-12,87.239998
1980-05-19,85.779999
1980-05-26,85.93
1980-06-02,85.5
1980-06-09,84.75
1980-06-16,85.25
1980-06-23,85.129997
1980-06-30,84.889999
1980-07-07,84.220001
1980-07-14,84.610001
1980-07-21,84.540001
1980-07-28,86.489998
1980-08-04,85.93
1980-08-11,86
1980-08-18,86.860001
1980-08-25,85.849998
1980-09-01,85.410004
1980-09-08,85.080002
1980-09-15,85.550003
1980-09-22,85.800003
1980-09-29,85.800003
1980-10-06,85.589996
1980-10-13,86.519997
1980-10-20,87.339996
1980-10-27,88.379997
1980-11-03,90.120003
1980-11-10,88.849998
1980-11-17,89.559998
1980-11-24,90.010002
1980-12-01,90.839996
1980-12-08,92.279999
1980-12-15,91.150002
1980-12-22,90.07
1980-12-29,90.510002
1981-01-05,90.510002
1981-01-12,91.449997
1981-01-19,92.110001
1981-01-26,95.239998
1981-02-02,95.449997
1981-02-09,98.18
1981-02-16,94.949997
1981-02-23,97.059998
1981-03-02,97.269997
1981-03-09,96.309998
1981-03-16,94.830002
1981-03-23,97.129997
1981-03-30,97.419998
1981-04-06,98.379997
1981-04-13,99.860001
1981-04-20,99.309998
1981-04-27,100.279999
1981-05-04,102.050003
1981-05-11,104.43
1981-05-18,104.510002
1981-05-25,104.949997
1981-06-01,108.470001
1981-06-08,107.559998
1981-06-15,106.779999
1981-06-22,107.370003
1981-06-29,108.690002
1981-07-06,109.449997
1981-07-13,109.419998
1981-07-20,110.139999
1981-07-27,111.720001
1981-08-03,113.730003
1981-08-10,113.290001
1981-08-17,110.010002
1981-08-24,110.32
1981-08-31,109.349998
1981-09-07,109.580002
1981-09-14,105.589996
1981-09-21,107.620003
1981-09-28,106.790001
1981-10-05,103.860001
1981-10-12,105.980003
1981-10-19,107.260002
1981-10-26,106.129997
1981-11-02,105.040001
1981-11-09,104.480003
1981-11-16,105.080002
1981-11-23,103.279999
1981-11-30,103.800003
1981-12-07,105.800003
1981-12-14,106.239998
1981-12-21,105.949997
1981-12-28,104.690002
1982-01-04,105.480003
1982-01-11,107.57
1982-01-18,107.730003
1982-01-25,108.029999
1982-02-01,109.389999
1982-02-08,110.209999
1982-02-15,110.059998
1982-02-22,111.93
1982-03-01,110.279999
1982-03-08,112.07
1982-03-15,113.050003
1982-03-22,113.989998
1982-03-29,113.970001
1982-04-05,115.239998
1982-04-12,115.099998
1982-04-19,113.720001
1982-04-26,111.599998
1982-05-03,109.860001
1982-05-10,110.769997
1982-05-17,111.050003
1982-05-24,112.790001
1982-05-31,113.370003
1982-06-07,115.050003
1982-06-14,119.010002
1982-06-21,120.110001
1982-06-28,119.620003
1982-07-05,119.959999
1982-07-12,119.269997
1982-07-19,116.120003
1982-07-26,119.050003
1982-08-02,120.239998
1982-08-09,120.93
1982-08-16,118.349998
1982-08-23,119.120003
1982-08-30,119.550003
1982-09-06,121
1982-09-13,120.790001
1982-09-20,121.459999
1982-09-27,122.139999
1982-10-04,122.940002
1982-10-11,122.769997
1982-10-18,123.410004
1982-10-25,124.779999
1982-11-01,125.360001
1982-11-08,125.419998
1982-11-15,123.720001
1982-11-22,122.639999
1982-11-29,119.580002
1982-12-06,120.480003
1982-12-13,119.610001
1982-12-20,118.220001
1982-12-27,117.360001
1983-01-03,115.760002
1983-01-10,116.389999
1983-01-17,119.599998
1983-01-24,119.760002
1983-01-31,121.419998
1983-02-07,118.849998
1983-02-14,118.529999
1983-02-21,119.449997
1983-02-28,119.349998
1983-03-07,120.269997
1983-03-14,120.449997
1983-03-21,121.769997
1983-03-28,122.269997
1983-04-04,121.889999
1983-04-11,121.589996
1983-04-18,121.889999
1983-04-25,122.389999
1983-05-02,121.32
1983-05-09,121.150002
1983-05-16,122.5
1983-05-23,123.410004
1983-05-30,124.75
1983-06-06,125.389999
1983-06-13,125.660004
1983-06-20,124.269997
1983-06-27,124.980003
1983-07-04,126.150002
1983-07-11,127.050003
1983-07-18,126.68
1983-07-25,128.440002
1983-08-01,130.190002
1983-08-08,131.690002
1983-08-15,129.080002
1983-08-22,129.639999
1983-08-29,130.770004
1983-09-05,129.949997
1983-09-12,129.729996
1983-09-19,129.160004
1983-09-26,128.350006
1983-10-03,126.209999
1983-10-10,127.900002
1983-10-17,126.889999
1983-10-24,128.020004
1983-10-31,129.809998
1983-11-07,129.289993
1983-11-14,131.020004
1983-11-21,131.300003
1983-11-28,131.210007
1983-12-05,133.009995
1983-12-12,134.050003
1983-12-19,133.169998
1983-12-26,131.789993
1984-01-02,134.860001
1984-01-09,134.869995
1984-01-16,135.509995
1984-01-23,135.529999
1984-01-30,132.789993
1984-02-06,133.419998
1984-02-13,131.199997
1984-02-20,129.289993
1984-02-27,127.599998
1984-03-05,127.519997
1984-03-12,129.130005
1984-03-19,129.289993
1984-03-26,128.220001
1984-04-02,129.160004
1984-04-09,129.25
1984-04-16,130.479996
1984-04-23,132.110001
1984-04-30,132.669998
1984-05-07,134.779999
1984-05-14,135.059998
1984-05-21,133.619995
1984-05-28,132
1984-06-04,132.729996
1984-06-11,134.289993
1984-06-18,135.940002
1984-06-25,136.259995
1984-07-02,138.880005
1984-07-09,138.649994
1984-07-16,139.770004
1984-07-23,140.720001
1984-07-30,139.360001
1984-08-06,140.669998
1984-08-13,139.270004
1984-08-20,139.809998
1984-08-27,140.330002
1984-09-03,144.149994
1984-09-10,145.580002
1984-09-17,146.919998
1984-09-24,147.550003
1984-10-01,146.830002
1984-10-08,149.089996
1984-10-15,148.210007
1984-10-22,146.479996
1984-10-29,143.179993
1984-11-05,142.899994
1984-11-12,143.899994
1984-11-19,146.289993
1984-11-26,149.210007
1984-12-03,148.419998
1984-12-10,148.710007
1984-12-17,149.75
1984-12-24,150.910004
1984-12-31,152.110001
1985-01-07,152.410004
1985-01-14,153.470001
1985-01-21,153.009995
1985-01-28,153.470001
1985-02-04,156.509995
1985-02-11,156.970001
1985-02-18,162.039993
1985-02-25,161.039993
1985-03-04,163.179993
1985-03-11,161.690002
1985-03-18,155.119995
1985-03-25,149.179993
1985-04-01,152.970001
1985-04-08,148.229996
1985-04-15,144.830002
1985-04-22,151.009995
1985-04-29,154.130005
1985-05-06,150.639999
1985-05-13,148.380005
1985-05-20,149.279999
1985-05-27,147.860001
1985-06-03,148.539993
1985-06-10,147.570007
1985-06-17,147.589996
1985-06-24,146.119995
1985-07-01,145
1985-07-08,140.25
1985-07-15,140.559998
1985-07-22,139.289993
1985-07-29,138.570007
1985-08-05,139.199997
1985-08-12,136.270004
1985-08-19,135.990005
1985-08-26,138.199997
1985-09-02,143.050003
1985-09-09,141.940002
1985-09-16,139.770004
1985-09-23,131.550003
1985-09-30,130.369995
1985-10-07,131.289993
1985-10-14,130.509995
1985-10-21,130.990005
1985-10-28,128.690002
1985-11-04,129.399994
1985-11-11,129.190002
1985-11-18,126.540001
1985-11-25,124.989998
1985-12-02,125.690002
1985-12-09,126.129997
1985-12-16,125.849998
1985-12-23,124.300003
1985-12-30,124.5
1986-01-06,124.160004
1986-01-13,124.410004
1986-01-20,122.779999
1986-01-27,121.519997
1986-02-03,121.970001
1986-02-10,118.82
1986-02-17,117.220001
1986-02-24,115.080002
1986-03-03,114.970001
1986-03-10,115.220001
1986-03-17,114.169998
1986-03-24,117.68
1986-03-31,120.690002
1986-04-07,117.300003
1986-04-14,113.169998
1986-04-21,111.120003
1986-04-28,112.739998
1986-05-05,111.32
1986-05-12,112.870003
1986-05-19,115.459999
1986-05-26,117.510002
1986-06-02,113.410004
1986-06-09,112.580002
1986-06-16,114.720001
1986-06-23,112.169998
1986-06-30,111.080002
1986-07-07,112
1986-07-14,109.43
1986-07-21,110.610001
1986-07-28,108.059998
1986-08-04,107.629997
1986-08-11,107.260002
1986-08-18,106.769997
1986-08-25,106.43
1986-09-01,107.269997
1986-09-08,107.580002
1986-09-15,105.029999
1986-09-22,107.68
1986-09-29,106.150002
1986-10-06,105.580002
1986-10-13,105.290001
1986-10-20,108.120003
1986-10-27,109.269997
1986-11-03,108.959999
1986-11-10,106.980003
1986-11-17,107.989998
1986-11-24,105.919998
1986-12-01,107.230003
1986-12-08,107.379997
1986-12-15,106.900002
1986-12-22,105.480003
1986-12-29,103.610001
1987-01-05,103.730003
1987-01-12,100.330002
1987-01-19,99.32
1987-01-26,99.860001
1987-02-02,100.830002
1987-02-09,99.330002
1987-02-16,99.410004
1987-02-23,99.260002
1987-03-02,99.57
1987-03-09,99.68
1987-03-16,98.529999
1987-03-23,97.639999
1987-03-30,97.68
1987-04-06,96.879997
1987-04-13,96.949997
1987-04-20,95.82
1987-04-27,95.370003
1987-05-04,95.860001
1987-05-11,95.379997
1987-05-18,95.830002
1987-05-25,97.769997
1987-06-01,97.57
1987-06-08,97.199997
1987-06-15,98.150002
1987-06-22,98.18
1987-06-29,98.410004
1987-07-06,99.169998
1987-07-13,100.010002
1987-07-20,99.550003
1987-07-27,99.790001
1987-08-03,101.290001
1987-08-10,100.510002
1987-08-17,97.269997
1987-08-24,97.089996
1987-08-31,96.449997
1987-09-07,97.010002
1987-09-14,96.709999
1987-09-21,97.400002
1987-09-28,98.639999
1987-10-05,96.849998
1987-10-12,96.330002
1987-10-19,95.68
1987-10-26,93.650002
1987-11-02,91.089996
1987-11-09,91.730003
1987-11-16,91.260002
1987-11-23,90
1987-11-30,90.470001
1987-12-07,88.540001
1987-12-14,88.559998
1987-12-21,88.110001
1987-12-28,85.419998
1988-01-04,89
1988-01-11,90.75
1988-01-18,89.690002
1988-01-25,90.339996
1988-02-01,91.150002
1988-02-08,91.849998
1988-02-15,91.559998
1988-02-22,90.529999
1988-02-29,90.559998
1988-03-07,89.019997
1988-03-14,90.510002
1988-03-21,89.349998
1988-03-28,88.300003
1988-04-04,89.139999
1988-04-11,88.309998
1988-04-18,88.889999
1988-04-25,89.160004
1988-05-02,89.300003
1988-05-09,89.190002
1988-05-16,89.949997
1988-05-23,90.480003
1988-05-30,91.300003
1988-06-06,90.82
1988-06-13,92.050003
1988-06-20,94.919998
1988-06-27,95.889999
1988-07-04,96.360001
1988-07-11,98.129997
1988-07-18,95.279999
1988-07-25,97.529999
1988-08-01,98.220001
1988-08-08,97.93
1988-08-15,98.529999
1988-08-22,97.489998
1988-08-29,97.540001
1988-09-05,97.209999
1988-09-12,98.029999
1988-09-19,98.120003
1988-09-26,97.690002
1988-10-03,97.330002
1988-10-10,94.370003
1988-10-17,93.389999
1988-10-24,93.040001
1988-10-31,93.800003
1988-11-07,91.529999
1988-11-14,91.43
1988-11-21,90.120003
1988-11-28,90.059998
1988-12-05,90.839996
1988-12-12,92.089996
1988-12-19,92.660004
1988-12-26,92.5
1989-01-02,94.360001
1989-01-09,95.32
1989-01-16,95.089996
1989-01-23,96.190002
1989-01-30,96.739998
1989-02-06,96.379997
1989-02-13,94.900002
1989-02-20,94.660004
1989-02-27,95.779999
1989-03-06,96.489998
1989-03-13,97.309998
1989-03-20,96.989998
1989-03-27,98.139999
1989-04-03,97.519997
1989-04-10,96.93
1989-04-17,96.360001
1989-04-24,97.709999
1989-05-01,98.419998
1989-05-08,99.440002
1989-05-15,101.970001
1989-05-22,102.519997
1989-05-29,101.220001
1989-06-05,104.32
1989-06-12,103.330002
1989-06-19,100.93
1989-06-26,102.019997
1989-07-03,98.309998
1989-07-10,99.989998
1989-07-17,99.800003
1989-07-24,98.290001
1989-07-31,99.519997
1989-08-07,101.029999
1989-08-14,101.730003
1989-08-21,101.849998
1989-08-28,102.830002
1989-09-04,103.5
1989-09-11,102.290001
1989-09-18,101.910004
1989-09-25,98.470001
1989-10-02,99.480003
1989-10-09,99.769997
1989-10-16,98.580002
1989-10-23,97.629997
1989-10-30,98.330002
1989-11-06,98.980003
1989-11-13,98.379997
1989-11-20,97.139999
1989-11-27,96.57
1989-12-04,96.050003
1989-12-11,94.209999
1989-12-18,93.489998
1989-12-25,93.209999
1990-01-01,92.849998
1990-01-08,92.43
1990-01-15,93.690002
1990-01-22,92.519997
1990-01-29,92.440002
1990-02-05,91.980003
1990-02-12,92.18
1990-02-19,92.160004
1990-02-26,94.010002
1990-03-05,93.870003
1990-03-12,93.800003
1990-03-19,94.370003
1990-03-26,93.690002
1990-04-02,93.720001
1990-04-09,92.870003
1990-04-16,93.290001
1990-04-23,93.019997
1990-04-30,92.370003
1990-05-07,91.120003
1990-05-14,91.309998
1990-05-21,92.260002
1990-05-28,92.959999
1990-06-04,93.080002
1990-06-11,92.580002
1990-06-18,91.989998
1990-06-25,91.150002
1990-07-02,90.519997
1990-07-09,90.050003
1990-07-16,89.540001
1990-07-23,88.43
1990-07-30,87.550003
1990-08-06,87.580002
1990-08-13,85.57
1990-08-20,85.660004
1990-08-27,86.559998
1990-09-03,86.050003
1990-09-10,85.720001
1990-09-17,86.309998
1990-09-24,86
1990-10-01,84.279999
1990-10-08,83.160004
1990-10-15,82.300003
1990-10-22,82.879997
1990-10-29,82.260002
1990-11-05,82.120003
1990-11-12,81.589996
1990-11-19,81.870003
1990-11-26,82.93
1990-12-03,81.93
1990-12-10,82.559998
1990-12-17,84.699997
1990-12-24,83.260002
1990-12-31,83.360001
1991-01-07,84.290001
1991-01-14,82.769997
1991-01-21,82.730003
1991-01-28,81.639999
1991-02-04,80.839996
1991-02-11,81.919998
1991-02-18,83.129997
1991-02-25,84.839996
1991-03-04,86.309998
1991-03-11,87.900002
1991-03-18,89.470001
1991-03-25,92.019997
1991-04-01,90.629997
1991-04-08,90.360001
1991-04-15,92.709999
1991-04-22,93.459999
1991-04-29,93.440002
1991-05-06,92.379997
1991-05-13,92.949997
1991-05-20,91.739998
1991-05-27,93.129997
1991-06-03,94.559998
1991-06-10,95.790001
1991-06-17,95.809998
1991-06-24,96.059998
1991-07-01,96.709999
1991-07-08,95.059998
1991-07-15,93.480003
1991-07-22,93.519997
1991-07-29,93.360001
1991-08-05,92.860001
1991-08-12,94.379997
1991-08-19,93.589996
1991-08-26,93.489998
1991-09-02,92.110001
1991-09-09,90.779999
1991-09-16,90.779999
1991-09-23,90.120003
1991-09-30,90.059998
1991-10-07,90.5
1991-10-14,90.43
1991-10-21,91.129997
1991-10-28,88.699997
1991-11-04,88.910004
1991-11-11,87.860001
1991-11-18,86.629997
1991-11-25,88.190002
1991-12-02,85.75
1991-12-09,86.620003
1991-12-16,84.459999
1991-12-23,83.620003
1991-12-30,84.419998
1992-01-06,86.510002
1992-01-13,86.389999
1992-01-20,86.370003
1992-01-27,87.489998
1992-02-03,85.290001
1992-02-10,88.32
1992-02-17,89.650002
1992-02-24,88.989998
1992-03-02,90.480003
1992-03-09,90.839996
1992-03-16,90.940002
1992-03-23,89.519997
1992-03-30,89.080002
1992-04-06,89.25
1992-04-13,90.510002
1992-04-20,89.790001
1992-04-27,89.120003
1992-05-04,89.389999
1992-05-11,87.629997
1992-05-18,87.900002
1992-05-25,87.220001
1992-06-01,86.580002
1992-06-08,85.970001
1992-06-15,85.910004
1992-06-22,84.129997
1992-06-29,83.099998
1992-07-06,82.620003
1992-07-13,81.040001
1992-07-20,83.18
1992-07-27,81.910004
1992-08-03,81.650002
1992-08-10,81.660004
1992-08-17,80.160004
1992-08-24,79.169998
1992-08-31,78.82
1992-09-07,81.129997
1992-09-14,84.839996
1992-09-21,83.849998
1992-09-28,81.360001
1992-10-05,84.809998
1992-10-12,84.559998
1992-10-19,86.800003
1992-10-26,87.629997
1992-11-02,89.919998
1992-11-09,88.970001
1992-11-16,91.120003
1992-11-23,91.110001
1992-11-30,90.589996
1992-12-07,90.099998
1992-12-14,89.68
1992-12-21,91.139999
1992-12-28,92.360001
1993-01-04,93.449997
1993-01-11,93.040001
1993-01-18,91.410004
1993-01-25,92.459999
1993-02-01,94.400002
1993-02-08,94.25
1993-02-15,93.349998
1993-02-22,94.050003
1993-03-01,94.300003
1993-03-08,94.5
1993-03-15,92.889999
1993-03-22,92.93
1993-03-29,91.370003
1993-04-05,91.220001
1993-04-12,91.309998
1993-04-19,89.379997
1993-04-26,89.489998
1993-05-03,89.230003
1993-05-10,90.169998
1993-05-17,90.699997
1993-05-24,88.959999
1993-05-31,90.75
1993-06-07,90.440002
1993-06-14,92.93
1993-06-21,93.550003
1993-06-28,93.480003
1993-07-05,94.980003
1993-07-12,94.599998
1993-07-19,94.57
1993-07-26,95.370003
1993-08-02,94.139999
1993-08-09,95.129997
1993-08-16,93.379997
1993-08-23,93.300003
1993-08-30,92.080002
1993-09-06,90.800003
1993-09-13,91.400002
1993-09-20,92.650002
1993-09-27,92.690002
1993-10-04,91.650002
1993-10-11,92.519997
1993-10-18,94.440002
1993-10-25,95.080002
1993-11-01,94.879997
1993-11-08,94.5
1993-11-15,96.019997
1993-11-22,96.019997
1993-11-29,96.080002
1993-12-06,95.050003
1993-12-13,95.739998
1993-12-20,94.68
1993-12-27,96.839996
1994-01-03,96.080002
1994-01-10,96.68
1994-01-17,96.709999
1994-01-24,96.18
1994-01-31,96.75
1994-02-07,96.650002
1994-02-14,94.599998
1994-02-21,94.769997
1994-02-28,95.160004
1994-03-07,93.910004
1994-03-14,94.57
1994-03-21,93.5
1994-03-28,94.309998
1994-04-04,94.93
1994-04-11,94.900002
1994-04-18,93.910004
1994-04-25,92.120003
1994-05-02,92.709999
1994-05-09,93.300003
1994-05-16,92.239998
1994-05-23,92.32
1994-05-30,93.419998
1994-06-06,92.970001
1994-06-13,90.970001
1994-06-20,89.599998
1994-06-27,89.919998
1994-07-04,88.870003
1994-07-11,88.330002
1994-07-18,90.18
1994-07-25,89.870003
1994-08-01,89.629997
1994-08-08,88.940002
1994-08-15,88.029999
1994-08-22,89.589996
1994-08-29,88.559998
1994-09-05,87.919998
1994-09-12,87.57
1994-09-19,87.580002
1994-09-26,87.879997
1994-10-03,87.900002
1994-10-10,86.739998
1994-10-17,85.629997
1994-10-24,85.989998
1994-10-31,86.5
1994-11-07,87.089996
1994-11-14,88.360001
1994-11-21,88.75
1994-11-28,89.559998
1994-12-05,89.599998
1994-12-12,89.589996
1994-12-19,89.959999
1994-12-26,88.730003
1995-01-02,89.610001
1995-01-09,88.139999
1995-01-16,87.449997
1995-01-23,87.620003
1995-01-30,88.190002
1995-02-06,87.760002
1995-02-13,86.43
1995-02-20,85.830002
1995-02-27,84.370003
1995-03-06,84.230003
1995-03-13,83.290001
1995-03-20,83.870003
1995-03-27,81.900002
1995-04-03,81.440002
1995-04-10,81.739998
1995-04-17,81.379997
1995-04-24,81.800003
1995-05-01,81.300003
1995-05-08,84.040001
1995-05-15,84.239998
1995-05-22,81.099998
1995-05-29,82.529999
1995-06-05,82.18
1995-06-12,82.120003
1995-06-19,81.43
1995-06-26,81.580002
1995-07-03,81.860001
1995-07-10,81.910004
1995-07-17,81.800003
1995-07-24,81.410004
1995-07-31,82.080002
1995-08-07,84.089996
1995-08-14,85.959999
1995-08-21,85.709999
1995-08-28,85.470001
1995-09-04,86.010002
1995-09-11,86.970001
1995-09-18,84.269997
1995-09-25,84.290001
1995-10-02,84.279999
1995-10-09,84.419998
1995-10-16,83.510002
1995-10-23,83.779999
1995-10-30,84.120003
1995-11-06,83.839996
1995-11-13,83.769997
1995-11-20,83.980003
1995-11-27,85.160004
1995-12-04,85.239998
1995-12-11,85.129997
1995-12-18,84.699997
1995-12-25,84.760002
1996-01-01,85.059998
1996-01-08,85.059998
1996-01-15,86.75
1996-01-22,87.639999
1996-01-29,87.010002
1996-02-05,86.870003
1996-02-12,86.120003
1996-02-19,85.449997
1996-02-26,86.529999
1996-03-04,86.900002
1996-03-11,86.269997
1996-03-18,86.470001
1996-03-25,86.519997
1996-04-01,86.459999
1996-04-08,87.529999
1996-04-15,87.480003
1996-04-22,87.900002
1996-04-29,87.849998
1996-05-06,87.919998
1996-05-13,88.239998
1996-05-20,88.830002
1996-05-27,87.779999
1996-06-03,88.419998
1996-06-10,88.139999
1996-06-17,88.300003
1996-06-24,87.82
1996-07-01,88.120003
1996-07-08,88.07
1996-07-15,86.480003
1996-07-22,86.459999
1996-07-29,86.099998
1996-08-05,86.400002
1996-08-12,86.75
1996-08-19,86.209999
1996-08-26,86.360001
1996-09-02,86.849998
1996-09-09,87.709999
1996-09-16,87.57
1996-09-23,87.839996
1996-09-30,88.120003
1996-10-07,87.949997
1996-10-14,88.389999
1996-10-21,87.629997
1996-10-28,87.18
1996-11-04,86.629997
1996-11-11,86.699997
1996-11-18,86.559998
1996-11-25,87.919998
1996-12-02,88.480003
1996-12-09,88.720001
1996-12-16,88.669998
1996-12-23,88.760002
1996-12-30,89.300003
1997-01-06,89.779999
1997-01-13,90.860001
1997-01-20,92.120003
1997-01-27,93.040001
1997-02-03,93.68
1997-02-10,94.910004
1997-02-17,95.040001
1997-02-24,94.889999
1997-03-03,96.120003
1997-03-10,95.580002
1997-03-17,95.279999
1997-03-24,94.690002
1997-03-31,95.120003
1997-04-07,96.57
1997-04-14,96.290001
1997-04-21,97.040001
1997-04-28,97.040001
1997-05-05,94.900002
1997-05-12,94.260002
1997-05-19,94.239998
1997-05-26,94.849998
1997-06-02,95.519997
1997-06-09,95.790001
1997-06-16,95.300003
1997-06-23,95.550003
1997-06-30,95.739998
1997-07-07,96.32
1997-07-14,97.349998
1997-07-21,99.129997
1997-07-28,100.419998
1997-08-04,99.800003
1997-08-11,99.339996
1997-08-18,99.059998
1997-08-25,99
1997-09-01,98.779999
1997-09-08,97.730003
1997-09-15,97.870003
1997-09-22,97.25
1997-09-29,97.150002
1997-10-06,96.660004
1997-10-13,97.519997
1997-10-20,97.730003
1997-10-27,95.639999
1997-11-03,95.169998
1997-11-10,96.099998
1997-11-17,96.57
1997-11-24,97.790001
1997-12-01,98.879997
1997-12-08,98.730003
1997-12-15,98.440002
1997-12-22,98.540001
1997-12-29,100.099998
1998-01-05,100.93
1998-01-12,100.919998
1998-01-19,98.440002
1998-01-26,100.790001
1998-02-02,99.510002
1998-02-09,100.120003
1998-02-16,100.32
1998-02-23,99.82
1998-03-02,100.720001
1998-03-09,99.870003
1998-03-16,100.57
1998-03-23,100.309998
1998-03-30,101.800003
1998-04-06,100.349998
1998-04-13,99.919998
1998-04-20,99.379997
1998-04-27,99.220001
1998-05-04,99.050003
1998-05-11,99.919998
1998-05-18,99.080002
1998-05-25,100.449997
1998-06-01,100.139999
1998-06-08,101.889999
1998-06-15,100.120003
1998-06-22,101.589996
1998-06-29,101.980003
1998-07-06,102.089996
1998-07-13,100.580002
1998-07-20,100.699997
1998-07-27,101.199997
1998-08-03,101.489998
1998-08-10,102.43
1998-08-17,102.18
1998-08-24,100.129997
1998-08-31,98.199997
1998-09-07,96.5
1998-09-14,96.639999
1998-09-21,96.379997
1998-09-28,95.370003
1998-10-05,93.099998
1998-10-12,92.220001
1998-10-19,93.169998
1998-10-26,93.730003
1998-11-02,94.82
1998-11-09,95.739998
1998-11-16,95.809998
1998-11-23,96.830002
1998-11-30,94.910004
1998-12-07,93.480003
1998-12-14,94.040001
1998-12-21,94.889999
1998-12-28,94.169998
1999-01-04,94.349998
1999-01-11,94.720001
1999-01-18,94.660004
1999-01-25,96.080002
1999-02-01,96.220001
1999-02-08,96.309998
1999-02-15,98.269997
1999-02-22,98.68
1999-03-01,100.239998
1999-03-08,99.150002
1999-03-15,99.050003
1999-03-22,100.190002
1999-03-29,100.089996
1999-04-05,100.080002
1999-04-12,100.080002
1999-04-19,100.870003
1999-04-26,101
1999-05-03,99.989998
1999-05-10,100.93
1999-05-17,101.639999
1999-05-24,102.510002
1999-05-31,102.650002
1999-06-07,101
1999-06-14,102.370003
1999-06-21,102.279999
1999-06-28,103.489998
1999-07-05,104.440002
1999-07-12,104.080002
1999-07-19,101.550003
1999-07-26,99.75
1999-08-02,99.589996
1999-08-09,100.589996
1999-08-16,99.599998
1999-08-23,101.080002
1999-08-30,99.779999
1999-09-06,101.019997
1999-09-13,100.360001
1999-09-20,99.639999
1999-09-27,97.970001
1999-10-04,99.019997
1999-10-11,97.040001
1999-10-18,98.480003
1999-10-25,99.059998
1999-11-01,100.279999
1999-11-08,100.75
1999-11-15,100.889999
1999-11-22,101.360001
1999-11-29,102.510002
1999-12-06,101.660004
1999-12-13,102.18
1999-12-20,101.580002
1999-12-27,101.870003
2000-01-03,100.800003
2000-01-10,101.720001
2000-01-17,101.760002
2000-01-24,104.480003
2000-01-31,104.290001
2000-02-07,104.190002
2000-02-14,104.629997
2000-02-21,105.260002
2000-02-28,106
2000-03-06,105.709999
2000-03-13,105.199997
2000-03-20,104.769997
2000-03-27,105.440002
2000-04-03,105.970001
2000-04-10,105.75
2000-04-17,107.449997
2000-04-24,110.139999
2000-05-01,111.309998
2000-05-08,109.900002
2000-05-15,111.470001
2000-05-22,109.120003
2000-05-29,108.120003
2000-06-05,106.989998
2000-06-12,105.959999
2000-06-19,108.010002
2000-06-26,106.839996
2000-07-03,107.650002
2000-07-10,108.449997
2000-07-17,108.419998
2000-07-24,109.739998
2000-07-31,110.849998
2000-08-07,111.209999
2000-08-14,111.010002
2000-08-21,111.349998
2000-08-28,111.419998
2000-09-04,114.339996
2000-09-11,115.940002
2000-09-18,113.559998
2000-09-25,113.25
2000-10-02,114.849998
2000-10-09,115.860001
2000-10-16,117.160004
2000-10-23,117.389999
2000-10-30,114.970001
2000-11-06,115.790001
2000-11-13,117.309998
2000-11-20,118.480003
2000-11-27,114.730003
2000-12-04,114.050003
2000-12-11,112.900002
2000-12-18,110.82
2000-12-25,109.559998
2001-01-01,108.419998
2001-01-08,109.360001
2001-01-15,110.660004
2001-01-22,111.459999
2001-01-29,110.32
2001-02-05,111.519997
2001-02-12,112.260002
2001-02-19,112.029999
2001-02-26,111.169998
2001-03-05,111.440002
2001-03-12,115.32
2001-03-19,115.940002
2001-03-26,117.370003
2001-04-02,114.75
2001-04-09,115.540001
2001-04-16,114.32
2001-04-23,115.620003
2001-04-30,114.93
2001-05-07,116.839996
2001-05-14,116.410004
2001-05-21,118.18
2001-05-28,118.889999
2001-06-04,119.209999
2001-06-11,118.290001
2001-06-18,118.910004
2001-06-25,119.43
2001-07-02,119.900002
2001-07-09,119.330002
2001-07-16,117.209999
2001-07-23,116.940002
2001-07-30,116.139999
2001-08-06,115.290001
2001-08-13,112.989998
2001-08-20,113.330002
2001-08-27,113.419998
2001-09-03,114.050003
2001-09-10,114.57
2001-09-17,113.040001
2001-09-24,113.480003
2001-10-01,112.910004
2001-10-08,113.889999
2001-10-15,114.860001
2001-10-22,115.650002
2001-10-29,114.540001
2001-11-05,115.089996
2001-11-12,116.410004
2001-11-19,117.330002
2001-11-26,116.129997
2001-12-03,116.150002
2001-12-10,114.93
2001-12-17,116.980003
2001-12-24,117.260002
2001-12-31,116.330002
2002-01-07,116.639999
2002-01-14,117.510002
2002-01-21,119.849998
2002-01-28,119.790001
2002-02-04,118.980003
2002-02-11,118.599998
2002-02-18,118.480003
2002-02-25,119.400002
2002-03-04,117.989998
2002-03-11,117.220001
2002-03-18,118.050003
2002-03-25,118.620003
2002-04-01,117.690002
2002-04-08,117.739998
2002-04-15,116.290001
2002-04-22,115.040001
2002-04-29,113.589996
2002-05-06,113.949997
2002-05-13,113
2002-05-20,112.800003
2002-05-27,111.809998
2002-06-03,110.989998
2002-06-10,110.760002
2002-06-17,108.190002
2002-06-24,106.110001
2002-07-01,107.669998
2002-07-08,105.889999
2002-07-15,104.059998
2002-07-22,106.610001
2002-07-29,106.669998
2002-08-05,108.209999
2002-08-12,106.720001
2002-08-19,107.970001
2002-08-26,106.980003
2002-09-02,106.839996
2002-09-09,108.059998
2002-09-16,107.529999
2002-09-23,107.529999
2002-09-30,107.599998
2002-10-07,107.25
2002-10-14,108.519997
2002-10-21,107.919998
2002-10-28,106.080002
2002-11-04,104.5
2002-11-11,105.040001
2002-11-18,106.120003
2002-11-25,106.410004
2002-12-02,105.360001
2002-12-09,103.980003
2002-12-16,103.459999
2002-12-23,102.410004
2002-12-30,102.470001
2003-01-06,101.230003
2003-01-13,100.550003
2003-01-20,99.220001
2003-01-27,99.910004
2003-02-03,99.57
2003-02-10,100.040001
2003-02-17,100.089996
2003-02-24,99.709999
2003-03-03,98.040001
2003-03-10,99.989998
2003-03-17,101.919998
2003-03-24,99.959999
2003-03-31,100.449997
2003-04-07,100.18
2003-04-14,99.300003
2003-04-21,98.360001
2003-04-28,96.760002
2003-05-05,94.980003
2003-05-12,94.080002
2003-05-19,93.050003
2003-05-26,93.269997
2003-06-02,93.480003
2003-06-09,92.220001
2003-06-16,94.040001
2003-06-23,95.150002
2003-06-30,94.550003
2003-07-07,95.800003
2003-07-14,96.860001
2003-07-21,94.959999
2003-07-28,96.660004
2003-08-04,96.360001
2003-08-11,96.650002
2003-08-18,98.830002
2003-08-25,98.099998
2003-09-01,97.089996
2003-09-08,96.010002
2003-09-15,94.959999
2003-09-22,93.870003
2003-09-29,93.230003
2003-10-06,91.519997
2003-10-13,92.290001
2003-10-20,91.279999
2003-10-27,92.730003
2003-11-03,93.019997
2003-11-10,91.440002
2003-11-17,90.599998
2003-11-24,90.209999
2003-12-01,89.139999
2003-12-08,88.489998
2003-12-15,88.110001
2003-12-22,87.629997
2003-12-29,86.919998
2004-01-05,85.110001
2004-01-12,87.730003
2004-01-19,86.559998
2004-01-26,87.199997
2004-02-02,86.019997
2004-02-09,85.559998
2004-02-16,87.239998
2004-02-23,87.309998
2004-03-01,88.18
2004-03-08,89.120003
2004-03-15,88.160004
2004-03-22,88.889999
2004-03-29,88.510002
2004-04-05,89.019997
2004-04-12,89.940002
2004-04-19,91.080002
2004-04-26,90.480003
2004-05-03,91.129997
2004-05-10,91.660004
2004-05-17,90.489998
2004-05-24,88.949997
2004-05-31,88.540001
2004-06-07,90.010002
2004-06-14,89.080002
2004-06-21,88.879997
2004-06-28,87.970001
2004-07-05,87.419998
2004-07-12,87.139999
2004-07-19,89.260002
2004-07-26,89.959999
2004-08-02,88.360001
2004-08-09,87.900002
2004-08-16,88.120003
2004-08-23,89.769997
2004-08-30,89.629997
2004-09-06,88.389999
2004-09-13,88.910004
2004-09-20,88.400002
2004-09-27,87.629997
2004-10-04,87.449997
2004-10-11,87.089996
2004-10-18,85.870003
2004-10-25,84.910004
2004-11-01,84.010002
2004-11-08,83.690002
2004-11-15,83.309998
2004-11-22,81.779999
2004-11-29,80.980003
2004-12-06,82.550003
2004-12-13,82.160004
2004-12-20,81.220001
2004-12-27,80.849998
2005-01-03,83.610001
2005-01-10,83.059998
2005-01-17,83.260002
2005-01-24,83.480003
2005-01-31,84.389999
2005-02-07,84.57
2005-02-14,83.489998
2005-02-21,82.660004
2005-02-28,82.540001
2005-03-07,81.419998
2005-03-14,82.129997
2005-03-21,84.129997
2005-03-28,84.43
2005-04-04,84.470001
2005-04-11,84.559998
2005-04-18,83.5
2005-04-25,84.43
2005-05-02,84.610001
2005-05-09,86.099998
2005-05-16,86.629997
2005-05-23,86.419998
2005-05-30,88.040001
2005-06-06,88.690002
2005-06-13,87.730003
2005-06-20,88.779999
2005-06-27,90.129997
2005-07-04,90.25
2005-07-11,89.720001
2005-07-18,89.639999
2005-07-25,89.349998
2005-08-01,88.059998
2005-08-08,86.980003
2005-08-15,88.580002
2005-08-22,87.860001
2005-08-29,86.300003
2005-09-05,86.889999
2005-09-12,88.050003
2005-09-19,89.209999
2005-09-26,89.519997
2005-10-03,89.169998
2005-10-10,89.349998
2005-10-17,90.309998
2005-10-24,89.589996
2005-10-31,91.260002
2005-11-07,91.980003
2005-11-14,91.93
2005-11-21,92.040001
2005-11-28,91.949997
2005-12-05,91.25
2005-12-12,89.699997
2005-12-19,90.839996
2005-12-26,91.169998
2006-01-02,88.849998
2006-01-09,88.889999
2006-01-16,88.949997
2006-01-23,89.32
2006-01-30,89.889999
2006-02-06,90.550003
2006-02-13,90.639999
2006-02-20,90.610001
2006-02-27,89.660004
2006-03-06,90.849998
2006-03-13,88.919998
2006-03-20,90.07
2006-03-27,89.730003
2006-04-03,89.629997
2006-04-10,89.620003
2006-04-17,88.050003
2006-04-24,86.110001
2006-05-01,85.120003
2006-05-08,83.959999
2006-05-15,84.879997
2006-05-22,85.260002
2006-05-29,84.050003
2006-06-05,85.720001
2006-06-12,85.919998
2006-06-19,86.82
2006-06-26,85.220001
2006-07-03,84.980003
2006-07-10,86.089996
2006-07-17,85.93
2006-07-24,85.440002
2006-07-31,84.57
2006-08-07,85.519997
2006-08-14,85.089996
2006-08-21,85.379997
2006-08-28,84.940002
2006-09-04,85.949997
2006-09-11,85.989998
2006-09-18,85.199997
2006-09-25,85.970001
2006-10-02,86.440002
2006-10-09,87.120003
2006-10-16,86.269997
2006-10-23,85.559998
2006-10-30,85.709999
2006-11-06,85.050003
2006-11-13,85.370003
2006-11-20,83.709999
2006-11-27,82.480003
2006-12-04,83.330002
2006-12-11,84.059998
2006-12-18,83.940002
2006-12-25,83.720001
2007-01-01,84.629997
2007-01-08,85.029999
2007-01-15,84.860001
2007-01-22,85.279999
2007-01-29,84.959999
2007-02-05,84.870003
2007-02-12,84.089996
2007-02-19,84.07
2007-02-26,83.739998
2007-03-05,84.239998
2007-03-12,83.230003
2007-03-19,83.279999
2007-03-26,82.93
2007-04-02,82.989998
2007-04-09,82.129997
2007-04-16,81.639999
2007-04-23,81.529999
2007-04-30,81.739998
2007-05-07,82.120003
2007-05-14,82.199997
2007-05-21,82.330002
2007-05-28,82.32
2007-06-04,82.690002
2007-06-11,82.849998
2007-06-18,82.339996
2007-06-25,81.919998
2007-07-02,81.459999
2007-07-09,80.580002
2007-07-16,80.290001
2007-07-23,80.949997
2007-07-30,80.18
2007-08-06,80.68
2007-08-13,81.43
2007-08-20,80.669998
2007-08-27,80.790001
2007-09-03,79.959999
2007-09-10,79.620003
2007-09-17,78.599998
2007-09-24,77.720001
2007-10-01,78.309998
2007-10-08,78.220001
2007-10-15,77.410004
2007-10-22,77.029999
2007-10-29,76.339996
2007-11-05,75.400002
2007-11-12,75.830002
2007-11-19,75.050003
2007-11-26,76.150002
2007-12-03,76.290001
2007-12-10,77.440002
2007-12-17,77.720001
2007-12-24,76.220001
2007-12-31,75.790001
2008-01-07,75.980003
2008-01-14,76.379997
2008-01-21,75.970001
2008-01-28,75.449997
2008-02-04,76.669998
2008-02-11,76.099998
2008-02-18,75.519997
2008-02-25,73.709999
2008-03-03,73.029999
2008-03-10,71.660004
2008-03-17,72.75
2008-03-24,71.68
2008-03-31,72.019997
2008-04-07,71.809998
2008-04-14,72.010002
2008-04-21,72.790001
2008-04-28,73.5
2008-05-05,73.050003
2008-05-12,72.839996
2008-05-19,71.889999
2008-05-26,72.879997
2008-06-02,72.389999
2008-06-09,74.150002
2008-06-16,73.029999
2008-06-23,72.360001
2008-06-30,72.730003
2008-07-07,72.099998
2008-07-14,72.190002
2008-07-21,72.860001
2008-07-28,73.419998
2008-08-04,75.849998
2008-08-11,77.18
2008-08-18,76.809998
2008-08-25,77.379997
2008-09-01,78.93
2008-09-08,78.970001
2008-09-15,77.68
2008-09-22,76.949997
2008-09-29,80.309998
2008-10-06,83
2008-10-13,82.410004
2008-10-20,86.440002
2008-10-27,85.629997
2008-11-03,85.910004
2008-11-10,86.360001
2008-11-17,88.190002
2008-11-24,86.519997
2008-12-01,87.120003
2008-12-08,83.639999
2008-12-15,81.300003
2008-12-22,80.889999
2008-12-29,81.839996
2009-01-05,82.660004
2009-01-12,84.209999
2009-01-19,85.610001
2009-01-26,86
2009-02-02,85.349998
2009-02-09,86.040001
2009-02-16,86.489998
2009-02-23,88.010002
2009-03-02,88.510002
2009-03-09,87.43
2009-03-16,83.839996
2009-03-23,85.110001
2009-03-30,84.169998
2009-04-06,85.540001
2009-04-13,85.980003
2009-04-20,84.709999
2009-04-27,84.550003
2009-05-04,82.529999
2009-05-11,83.019997
2009-05-18,79.959999
2009-05-25,80.43
2009-06-01,80.669998
2009-06-08,80.139999
2009-06-15,80.260002
2009-06-22,79.879997
2009-06-29,80.379997
2009-07-06,80.230003
2009-07-13,79.349998
2009-07-20,78.75
2009-07-27,78.349998
2009-08-03,78.970001
2009-08-10,78.889999
2009-08-17,78.040001
2009-08-24,78.370003
2009-08-31,78.139999
2009-09-07,76.610001
2009-09-14,76.43
2009-09-21,76.809998
2009-09-28,77
2009-10-05,76.43
2009-10-12,75.599998
2009-10-19,75.470001
2009-10-26,76.300003
2009-11-02,75.82
2009-11-09,75.330002
2009-11-16,75.660004
2009-11-23,75
2009-11-30,75.910004
2009-12-07,76.57
2009-12-14,77.82
2009-12-21,77.839996
2009-12-28,77.860001
2010-01-04,77.470001
2010-01-11,77.32
2010-01-18,78.279999
2010-01-25,79.459999
2010-02-01,80.440002
2010-02-08,80.32
2010-02-15,80.639999
2010-02-22,80.360001
2010-03-01,80.43
2010-03-08,79.830002
2010-03-15,80.720001
2010-03-22,81.68
2010-03-29,81.290001
2010-04-05,81.089996
2010-04-12,80.82
2010-04-19,81.349998
2010-04-26,81.870003
2010-05-03,84.449997
2010-05-10,86.099998
2010-05-17,85.370003
2010-05-24,86.480003
2010-05-31,88.230003
2010-06-07,87.510002
2010-06-14,85.699997
2010-06-21,85.309998
2010-06-28,84.43
2010-07-05,83.949997
2010-07-12,82.489998
2010-07-19,82.459999
2010-07-26,81.540001
2010-08-02,80.410004
2010-08-09,82.949997
2010-08-16,83.059998
2010-08-23,82.919998
2010-08-30,83.099998
2010-09-06,82.699997
2010-09-13,81.400002
2010-09-20,79.389999
2010-09-27,78.089996
2010-10-04,77.32
2010-10-11,77.040001
2010-10-18,77.470001
2010-10-25,77.269997
2010-11-01,76.550003
2010-11-08,78.080002
2010-11-15,78.5
2010-11-22,80.360001
2010-11-29,79.379997
2010-12-06,80.07
2010-12-13,80.370003
2010-12-20,80.5
2010-12-27,79.029999
2011-01-03,81.010002
2011-01-10,79.160004
2011-01-17,78.209999
2011-01-24,78.129997
2011-01-31,78.040001
2011-02-07,78.459999
2011-02-14,77.660004
2011-02-21,77.279999
2011-02-28,76.400002
2011-03-07,76.779999
2011-03-14,75.720001
2011-03-21,76.220001
2011-03-28,75.830002
2011-04-04,75.07
2011-04-11,74.830002
2011-04-18,74
2011-04-25,72.93
2011-05-02,74.839996
2011-05-09,75.760002
2011-05-16,75.43
2011-05-23,74.949997
2011-05-30,73.779999
2011-06-06,74.790001
2011-06-13,74.989998
2011-06-20,75.669998
2011-06-27,74.349998
2011-07-04,75.18
2011-07-11,75.129997
2011-07-18,74.199997
2011-07-25,73.900002
2011-08-01,74.599998
2011-08-08,74.610001
2011-08-15,73.989998
2011-08-22,73.809998
2011-08-29,74.75
2011-09-05,77.190002
2011-09-12,76.580002
2011-09-19,78.300003
2011-09-26,78.550003
2011-10-03,78.720001
2011-10-10,76.620003
2011-10-17,76.300003
2011-10-24,75.089996
2011-10-31,76.910004
2011-11-07,76.940002
2011-11-14,78.019997
2011-11-21,79.610001
2011-11-28,78.629997
2011-12-05,78.629997
2011-12-12,80.25
2011-12-19,80.010002
2011-12-26,80.169998
2012-01-02,81.239998
2012-01-09,81.43
2012-01-16,80.220001
2012-01-23,78.900002
2012-01-30,78.940002
2012-02-06,79.110001
2012-02-13,79.330002
2012-02-20,78.349998
2012-02-27,79.400002
2012-03-05,80.040001
2012-03-12,79.779999
2012-03-19,79.339996
2012-03-26,78.93
2012-04-02,80.07
2012-04-09,79.879997
2012-04-16,79.18
2012-04-23,78.699997
2012-04-30,79.470001
2012-05-07,80.279999
2012-05-14,81.290001
2012-05-21,82.400002
2012-05-28,82.889999
2012-06-04,82.510002
2012-06-11,81.589996
2012-06-18,82.220001
2012-06-25,81.650002
2012-07-02,83.290001
2012-07-09,83.300003
2012-07-16,83.470001
2012-07-23,82.709999
2012-07-30,82.379997
2012-08-06,82.550003
2012-08-13,82.599998
2012-08-20,81.589996
2012-08-27,81.25
2012-09-03,80.25
2012-09-10,78.849998
2012-09-17,79.330002
2012-09-24,79.940002
2012-10-01,79.339996
2012-10-08,79.690002
2012-10-15,79.639999
2012-10-22,80.07
2012-10-29,80.589996
2012-11-05,81.029999
2012-11-12,81.260002
2012-11-19,80.190002
2012-11-26,80.150002
2012-12-03,80.419998
2012-12-10,79.599998
2012-12-17,79.620003
2012-12-24,79.68
2012-12-31,80.5
2013-01-07,79.559998
2013-01-14,80.050003
2013-01-21,79.75
2013-01-28,79.129997
2013-02-04,80.25
2013-02-11,80.580002
2013-02-18,81.480003
2013-02-25,82.309998
2013-03-04,82.699997
2013-03-11,82.260002
2013-03-18,82.529999
2013-03-25,82.989998
2013-04-01,82.5
2013-04-08,82.309998
2013-04-15,82.709999
2013-04-22,82.480003
2013-04-29,82.099998
2013-05-06,83.139999
2013-05-13,84.279999
2013-05-20,83.699997
2013-05-27,83.379997
2013-06-03,81.690002
2013-06-10,80.669998
2013-06-17,82.32
2013-06-24,83.169998
2013-07-01,84.419998
2013-07-08,82.989998
2013-07-15,82.580002
2013-07-22,81.620003
2013-07-29,81.910004
2013-08-05,81.129997
2013-08-12,81.260002
2013-08-19,81.339996
2013-08-26,82.089996
2013-09-02,82.150002
2013-09-09,81.449997
2013-09-16,80.440002
2013-09-23,80.269997
2013-09-30,80.120003
2013-10-07,80.360001
2013-10-14,79.639999
2013-10-21,79.18
2013-10-28,80.730003
2013-11-04,81.209999
2013-11-11,80.839996
2013-11-18,80.709999
2013-11-25,80.68
2013-12-02,80.269997
2013-12-09,80.209999
2013-12-16,80.580002
2013-12-23,80.389999
2013-12-30,80.790001
2014-01-06,80.660004
2014-01-13,81.260002
2014-01-20,80.459999
2014-01-27,81.269997
2014-02-03,80.690002
2014-02-10,80.129997
2014-02-17,80.239998
2014-02-24,79.779999
2014-03-03,79.720001
2014-03-10,79.440002
2014-03-17,80.110001
2014-03-24,80.18
2014-03-31,80.419998
2014-04-07,79.449997
2014-04-14,79.830002
2014-04-21,79.769997
2014-04-28,79.519997
2014-05-05,79.900002
2014-05-12,80.040001
2014-05-19,80.389999
2014-05-26,80.370003
2014-06-02,80.410004
2014-06-09,80.580002
2014-06-16,80.370003
2014-06-23,80.040001
2014-06-30,80.209999
2014-07-07,80.190002
2014-07-14,80.519997
2014-07-21,81.029999
2014-07-28,81.300003
2014-08-04,81.389999
2014-08-11,81.419998
2014-08-18,82.339996
2014-08-25,82.75
2014-09-01,83.760002
2014-09-08,84.239998
2014-09-15,84.800003
2014-09-22,85.639999
2014-09-29,86.690002
2014-10-06,85.910004
2014-10-13,85.190002
2014-10-20,85.730003
2014-10-27,86.879997
2014-11-03,87.639999
2014-11-10,87.529999
2014-11-17,88.309998
2014-11-24,88.360001
2014-12-01,89.330002
2014-12-08,88.360001
2014-12-15,89.599998
2014-12-22,90.029999
2014-12-29,91.080002
2015-01-05,91.940002
2015-01-12,92.519997
2015-01-19,95
2015-01-26,94.800003
2015-02-02,94.699997
2015-02-09,94.199997
2015-02-16,94.25
2015-02-23,95.25
2015-03-02,97.620003
2015-03-09,100.330002
2015-03-16,97.910004
2015-03-23,97.290001
2015-03-30,96.75
2015-04-06,99.389999
2015-04-13,97.519997
2015-04-20,96.919998
2015-04-27,95.300003
2015-05-04,94.790001
2015-05-11,93.139999
2015-05-18,96.010002
2015-05-25,96.910004
2015-06-01,96.309998
2015-06-08,94.970001
2015-06-15,94.089996
2015-06-22,95.470001
2015-06-29,95.949997
2015-07-06,96.029999
2015-07-13,97.860001
2015-07-20,97.239998
2015-07-27,97.370003
2015-08-03,97.559998
2015-08-10,96.57
2015-08-17,94.830002
2015-08-24,96.110001
2015-08-31,96.230003
2015-09-07,95.190002
2015-09-14,94.860001
2015-09-21,96.269997
2015-09-28,95.830002
2015-10-05,94.809998
2015-10-12,94.540001
2015-10-19,97.07
2015-10-26,96.949997
2015-11-02,99.160004
2015-11-09,98.989998
2015-11-16,99.57
2015-11-23,100.019997
2015-11-30,98.349998
2015-12-07,97.57
2015-12-14,98.699997
2015-12-21,97.980003
2015-12-28,98.629997
2016-01-04,98.540001
2016-01-11,98.959999
2016-01-18,99.57
2016-01-25,99.610001
2016-02-01,97.029999
2016-02-08,95.980003
2016-02-15,96.599998
2016-02-22,98.150002
2016-02-29,97.339996
2016-03-07,96.169998
2016-03-14,94.989998
2016-03-21,96.139999
2016-03-28,94.620003
2016-04-04,94.239998
2016-04-11,94.699997
2016-04-18,95.120003
2016-04-25,93.080002
2016-05-02,93.889999
2016-05-09,94.610001
2016-05-16,95.309998
2016-05-23,95.519997
2016-05-30,94.029999
2016-06-06,94.599998
2016-06-13,94.209999
2016-06-20,95.449997
2016-06-27,95.650002
2016-07-04,96.300003
2016-07-11,96.580002
2016-07-18,97.470001
2016-07-25,95.529999
2016-08-01,96.190002
2016-08-08,95.720001
2016-08-15,94.510002
2016-08-22,95.57
2016-08-29,95.879997
2016-09-05,95.339996
2016-09-12,96.110001
2016-09-19,95.480003
2016-09-26,95.459999
2016-10-03,96.519997
2016-10-10,98.019997
2016-10-17,98.699997
2016-10-24,98.349998
2016-10-31,97.07
2016-11-07,98.989998
2016-11-14,101.209999
2016-11-21,101.489998
2016-11-28,100.769997
2016-12-05,101.57
2016-12-12,102.949997
2016-12-19,103.010002
2016-12-26,102.389999
2017-01-02,102.220001
2017-01-09,101.18
2017-01-16,100.739998
2017-01-23,100.529999
2017-01-30,99.870003
2017-02-06,100.800003
2017-02-13,100.949997
2017-02-20,101.089996
2017-02-27,101.540001
2017-03-06,101.25
2017-03-13,100.300003
2017-03-20,99.629997
2017-03-27,100.349998
2017-04-03,101.18
2017-04-10,100.559998
2017-04-17,99.980003
2017-04-24,99.050003
2017-05-01,98.650002
2017-05-08,99.25
2017-05-15,97.150002
2017-05-22,97.400002
2017-05-29,96.720001
2017-06-05,97.269997
2017-06-12,97.160004
2017-06-19,97.300003
2017-06-26,95.660004
2017-07-03,96.010002
2017-07-10,95.110001
2017-07-17,93.940002
2017-07-24,93.260002
2017-07-31,93.540001
2017-08-07,93.07
2017-08-14,93.43
2017-08-21,92.739998
2017-08-28,92.809998
2017-09-04,91.330002
2017-09-11,91.870003
2017-09-18,92.169998
2017-09-25,93.080002
2017-10-02,93.800003
2017-10-09,93.089996
2017-10-16,93.699997
2017-10-23,94.919998
2017-10-30,94.940002
2017-11-06,94.389999
2017-11-13,93.660004
2017-11-20,92.760002
2017-11-27,92.900002
2017-12-04,93.900002
2017-12-11,93.93
2017-12-18,93.349998
2017-12-25,92.120003
2018-01-01,91.949997
2018-01-08,90.970001
2018-01-15,90.57
2018-01-22,89.07
2018-01-29,89.199997
2018-02-05,90.440002
2018-02-12,89.099998
2018-02-19,89.879997
2018-02-26,89.940002
2018-03-05,90.089996
2018-03-12,90.230003
2018-03-19,89.440002
2018-03-26,89.970001
2018-04-02,90.110001
2018-04-09,89.800003
2018-04-16,90.32
2018-04-23,91.540001
2018-04-30,92.57
2018-05-07,92.540001
2018-05-14,93.639999
2018-05-21,94.190002
2018-05-28,94.190002
2018-06-04,93.550003
2018-06-11,94.790001
2018-06-18,94.519997
2018-06-25,94.629997
2018-07-02,94.040001
2018-07-09,94.75
2018-07-16,94.459999
2018-07-23,94.68
2018-07-30,95.139999
2018-08-06,96.360001
2018-08-13,96.099998
2018-08-20,95.150002
2018-08-27,95.139999
2018-09-03,95.370003
2018-09-10,94.980003
2018-09-17,94.220001
2018-09-24,95.190002
2018-10-01,95.620003
2018-10-08,95.220001
2018-10-15,95.709999
2018-10-22,96.360001
2018-10-29,96.540001
2018-11-05,96.910004
2018-11-12,96.470001
2018-11-19,96.919998
2018-11-26,97.269997
2018-12-03,96.510002
2018-12-10,97.440002
2018-12-17,96.959999
2018-12-24,96.389999
2018-12-31,96.190002
2019-01-07,95.669998
2019-01-14,96.339996
2019-01-21,95.790001
2019-01-28,95.580002
2019-02-04,96.639999
2019-02-11,96.919998
2019-02-18,96.510002
2019-02-25,96.529999
2019-03-04,97.370003
2019-03-11,96.599998
2019-03-18,96.650002
2019-03-25,97.279999
2019-04-01,97.400002
2019-04-08,96.970001
2019-04-15,97.470001
2019-04-22,98.010002
2019-04-29,97.519997
2019-05-06,97.330002
2019-05-13,98
2019-05-20,97.610001
2019-05-27,97.75
2019-06-03,96.610001
2019-06-10,97.57
2019-06-17,96.220001
2019-06-24,96.129997
2019-07-01,97.25
2019-07-08,96.809998
2019-07-15,97.150002
2019-07-22,98.010002
2019-07-29,98.099998
2019-08-05,97.489998
2019-08-12,98.139999
2019-08-19,97.639999
2019-08-26,98.919998
2019-09-02,98.389999
2019-09-09,98.260002
2019-09-16,98.510002
2019-09-23,99.110001
2019-09-30,98.809998
2019-10-07,98.300003
2019-10-14,97.279999
2019-10-21,97.830002
2019-10-28,97.239998
2019-11-04,98.349998
2019-11-11,98
2019-11-18,98.269997
2019-11-25,98.269997
2019-12-02,97.699997
2019-12-09,97.169998
2019-12-16,97.709999
2019-12-23,96.919998
2019-12-30,96.839996
2020-01-06,97.360001
2020-01-13,97.610001
2020-01-20,97.849998
2020-01-27,97.389999
2020-02-03,98.68
2020-02-10,99.120003
2020-02-17,99.260002
2020-02-24,98.129997
2020-03-02,95.949997
2020-03-09,98.75
2020-03-16,102.82
2020-03-23,98.370003
2020-03-30,100.580002
2020-04-06,99.470001
2020-04-13,99.779999
2020-04-20,100.379997
2020-04-27,98.800003
2020-05-04,99.730003
2020-05-11,100.400002
2020-05-18,99.860001
2020-05-25,98.339996
2020-06-01,96.940002
2020-06-08,97.32
2020-06-15,97.620003
2020-06-22,97.5
2020-06-29,97.32
2020-07-06,96.650002
2020-07-13,95.940002
2020-07-20,94.440002
2020-07-27,93.489998
2020-08-03,93.440002
2020-08-10,93.099998
2020-08-17,93.25
2020-08-24,92.370003
2020-08-31,92.720001
2020-09-07,93.330002
2020-09-14,92.93
2020-09-21,94.580002
2020-09-28,93.839996
2020-10-05,93.059998
2020-10-12,93.68
2020-10-19,92.769997
2020-10-26,94.040001
2020-11-02,92.230003
2020-11-09,92.760002
2020-11-16,92.389999
2020-11-23,91.790001
2020-11-30,90.699997
2020-12-07,90.980003
2020-12-14,90.019997
2020-12-21,90.330002
2020-12-28,89.940002
2021-01-04,90.099998
2021-01-11,90.779999
2021-01-18,90.239998
2021-01-25,90.580002
2021-02-01,91.040001
2021-02-08,90.480003
2021-02-15,90.360001
2021-02-22,90.93
2021-03-01,91.980003
2021-03-08,91.68
2021-03-15,91.919998
2021-03-22,92.769997
2021-03-29,92.93
2021-04-05,92.160004
2021-04-12,91.559998
2021-04-19,90.860001
2021-04-26,91.279999
2021-05-03,90.230003
2021-05-10,90.32
2021-05-17,90.019997
2021-05-24,90.029999
2021-05-31,90.139999
2021-06-07,90.559998
2021-06-14,92.230003
2021-06-21,91.809998
2021-06-28,92.230003
2021-07-05,92.129997
2021-07-12,92.690002
2021-07-19,92.910004
2021-07-26,92.169998
2021-08-02,92.800003
2021-08-09,92.519997
2021-08-16,93.5
2021-08-23,92.690002
2021-08-30,92.040001
2021-09-06,92.580002
2021-09-13,93.199997
2021-09-20,93.330002
2021-09-27,94.040001
2021-10-04,94.07
2021-10-11,93.940002
2021-10-18,93.610001
2021-10-25,94.120003
2021-11-01,94.32
2021-11-08,95.129997
2021-11-15,96.07
2021-11-22,96.089996
2021-11-29,96.120003
2021-12-06,96.050003
2021-12-13,96.57
2021-12-20,96.019997
2021-12-27,95.669998
2022-01-03,95.739998
2022-01-10,95.169998
2022-01-17,95.639999
2022-01-24,97.269997
2022-01-31,95.480003
2022-02-07,96.080002
2022-02-14,96.040001
2022-02-21,96.620003
2022-02-28,98.650002
2022-03-07,99.120003
2022-03-14,98.230003
2022-03-21,98.809998
2022-03-28,98.629997
2022-04-04,99.800003
2022-04-11,100.5
2022-04-18,101.220001
2022-04-25,102.959999
2022-05-02,103.660004
2022-05-09,104.559998
2022-05-16,103.150002
2022-05-23,101.669998
2022-05-30,102.139999
2022-06-06,104.150002
2022-06-13,104.699997
2022-06-20,104.190002
2022-06-27,105.110001
2022-07-04,107.010002
2022-07-11,108.059998
2022-07-18,106.730003
2022-07-25,105.900002
2022-08-01,106.620003
2022-08-08,105.629997
2022-08-15,108.169998
2022-08-22,108.800003
2022-08-29,108.769997
2022-08-31,108.563004